# Blender 5.2.1 LTS
# www.blender.org
mtllib labMiddle_2x3_1.mtl
o Cube.038
v 9.827257 -0.902225 3.460047
v 9.827257 -0.902225 4.848202
v 7.783020 -0.902225 4.848202
v 7.783020 -0.902225 3.460047
v 9.827257 0.240294 4.848202
v 8.145247 0.240294 4.848202
v 8.145247 0.240294 3.460047
v 9.827257 0.240294 3.460047
v 7.783020 -0.902225 4.154108
v 8.145247 0.240294 4.154108
v 7.728474 -0.822063 4.813499
v 8.054479 0.206204 4.813499
v 7.728474 -0.822063 4.188814
v 8.054479 0.206204 4.188814
v 7.728474 -0.822063 4.119446
v 8.054479 0.206204 4.119446
v 7.728474 -0.822063 3.494762
v 8.054479 0.206204 3.494762
v 9.769113 -0.008591 3.459051
v 9.102515 -0.008591 3.459051
v 9.102515 0.187259 3.459051
v 9.769113 0.187259 3.459051
v 9.830257 -0.159964 4.447962
v 9.830257 -0.159964 4.809225
v 9.830257 0.200110 4.809225
v 9.830257 0.200110 4.447962
v 9.830257 -0.159964 3.499023
v 9.830257 -0.159964 3.860287
v 9.830257 0.200110 3.860287
v 9.830257 0.200110 3.499023
v 9.676691 -1.001389 4.715822
v 9.547881 -1.001389 4.715822
v 9.547881 -1.001389 4.586191
v 9.676691 -1.001389 4.586191
v 9.612286 -1.001389 4.742075
v 9.612286 -1.001389 4.559937
v 9.521793 -1.001389 4.651007
v 9.702778 -1.001389 4.651007
v 9.702778 -0.875147 4.651007
v 9.521793 -0.875147 4.651007
v 9.612286 -0.875147 4.559937
v 9.612286 -0.875147 4.742075
v 9.676691 -0.875147 4.586191
v 9.547881 -0.875147 4.586191
v 9.547881 -0.875147 4.715822
v 9.676691 -0.875147 4.715822
v 7.975146 -1.001389 4.715822
v 7.846336 -1.001389 4.715822
v 7.846336 -1.001389 4.586191
v 7.975146 -1.001389 4.586191
v 7.910741 -1.001389 4.742075
v 7.910741 -1.001389 4.559937
v 7.820249 -1.001389 4.651007
v 8.001233 -1.001389 4.651007
v 8.001233 -0.875147 4.651007
v 7.820249 -0.875147 4.651007
v 7.910741 -0.875147 4.559937
v 7.910741 -0.875147 4.742075
v 7.975146 -0.875147 4.586191
v 7.846336 -0.875147 4.586191
v 7.846336 -0.875147 4.715822
v 7.975146 -0.875147 4.715822
v 9.676691 -1.001389 3.724817
v 9.547881 -1.001389 3.724817
v 9.547881 -1.001389 3.595184
v 9.676691 -1.001389 3.595184
v 9.612286 -1.001389 3.751070
v 9.612286 -1.001389 3.568933
v 9.521793 -1.001389 3.660002
v 9.702778 -1.001389 3.660002
v 9.702778 -0.875147 3.660002
v 9.521793 -0.875147 3.660002
v 9.612286 -0.875147 3.568933
v 9.612286 -0.875147 3.751070
v 9.676691 -0.875147 3.595184
v 9.547881 -0.875147 3.595184
v 9.547881 -0.875147 3.724817
v 9.676691 -0.875147 3.724817
v 7.975146 -1.001389 3.724817
v 7.846336 -1.001389 3.724817
v 7.846336 -1.001389 3.595184
v 7.975146 -1.001389 3.595184
v 7.910741 -1.001389 3.751070
v 7.910741 -1.001389 3.568933
v 7.820249 -1.001389 3.660002
v 8.001233 -1.001389 3.660002
v 8.001233 -0.875147 3.660002
v 7.820249 -0.875147 3.660002
v 7.910741 -0.875147 3.568933
v 7.910741 -0.875147 3.751070
v 7.975146 -0.875147 3.595184
v 7.846336 -0.875147 3.595184
v 7.846336 -0.875147 3.724817
v 7.975146 -0.875147 3.724817
v 9.828699 -0.879127 3.475443
v 9.828699 -0.879127 4.832806
v 9.828699 0.225057 4.832806
v 9.828699 0.225057 3.475443
v 7.868949 -0.359311 4.813499
v 7.930623 -0.170316 4.813499
v 7.868949 -0.359311 4.188814
v 7.930623 -0.170316 4.188814
v 7.868949 -0.359311 4.119446
v 7.930623 -0.170316 4.119446
v 7.868949 -0.359311 3.494762
v 7.930623 -0.170316 3.494762
v 7.868949 -0.359311 3.807104
v 7.930623 -0.170316 3.807104
v 7.868949 -0.359311 4.499462
v 7.930623 -0.170316 4.499462
v 9.308822 -0.995699 -0.704639
v 9.308822 -0.995699 5.119688
v 7.546972 -0.995699 5.119688
v 7.546972 -0.995699 -0.704638
v 11.070671 -0.995699 -0.704636
v 7.546972 -1.147507 5.119688
v 9.308822 -1.147507 5.119688
v 11.070670 -0.995699 5.119690
v 7.546972 -1.147507 -0.704638
v 9.308822 -1.147507 -0.704639
v 11.070670 -1.147507 5.119690
v 11.070671 -1.147507 -0.704636
v 7.698479 -1.147507 4.984509
v 9.308822 -1.147507 4.984509
v 7.698478 -1.147507 -0.569458
v 9.308822 -1.147507 -0.569460
v 9.308822 -2.478000 -0.569460
v 10.919166 -1.147507 4.984503
v 7.698478 -2.478000 -0.569458
v 10.919166 -1.147507 -0.569464
v 9.308822 -2.478000 4.984509
v 7.698479 -2.478000 4.984509
v 10.919166 -2.478000 -0.569464
v 10.919166 -2.478000 4.984503
v 7.596732 -2.306647 -0.507536
v 7.596732 -1.164385 -0.507536
v 7.596732 -2.306647 0.350924
v 7.596732 -1.164385 0.350924
v 7.698478 -2.306647 0.350924
v 7.698478 -1.164385 0.350924
v 7.698478 -1.164385 -0.507536
v 7.698478 -2.306647 -0.507536
v 7.596732 -1.164385 0.364922
v 7.596732 -2.306647 0.364922
v 7.596732 -1.164385 1.223381
v 7.596732 -2.306647 1.223381
v 7.698478 -2.306647 0.364922
v 7.698478 -1.164385 0.364922
v 7.698478 -1.164385 1.223381
v 7.698478 -2.306647 1.223381
v 7.596732 -1.164385 2.173843
v 7.596732 -2.306647 2.173843
v 7.596732 -1.164385 1.315386
v 7.596732 -2.306647 1.315386
v 7.698478 -2.306647 1.315386
v 7.698478 -1.164385 1.315386
v 7.698478 -1.164385 2.173843
v 7.698478 -2.306647 2.173843
v 7.596732 -1.164385 3.103844
v 7.596732 -2.306647 3.103844
v 7.596732 -1.164385 2.245386
v 7.596732 -2.306647 2.245386
v 7.698478 -2.306647 2.245386
v 7.698478 -1.164385 2.245386
v 7.698478 -1.164385 3.103844
v 7.698478 -2.306647 3.103844
v 7.596732 -1.164385 4.033844
v 7.596732 -2.306647 4.033844
v 7.596732 -1.164385 3.175386
v 7.596732 -2.306647 3.175386
v 7.698478 -2.306647 3.175386
v 7.698478 -1.164385 3.175386
v 7.698478 -1.164385 4.033844
v 7.698478 -2.306647 4.033844
v 7.596732 -1.164385 4.047842
v 7.596732 -2.306647 4.047842
v 7.596732 -1.164385 4.906300
v 7.596732 -2.306647 4.906300
v 7.698478 -2.306647 4.047842
v 7.698478 -1.164385 4.047842
v 7.698478 -1.164385 4.906300
v 7.698478 -2.306647 4.906300
v 10.919166 -2.306647 1.270380
v 10.919166 -1.164385 1.270380
v 10.919166 -1.164385 0.411924
v 10.919166 -2.306647 0.411924
v 11.020912 -2.306647 0.411924
v 11.020912 -1.164385 0.411924
v 11.020912 -2.306647 1.270380
v 11.020912 -1.164385 1.270380
v 10.919166 -2.306647 0.340380
v 10.919166 -1.164385 0.340380
v 10.919166 -1.164385 -0.518076
v 10.919166 -2.306647 -0.518076
v 11.020912 -2.306647 -0.518076
v 11.020912 -1.164385 -0.518076
v 11.020912 -2.306647 0.340380
v 11.020912 -1.164385 0.340380
v 11.020912 -1.164385 4.081579
v 11.020912 -2.306647 4.081579
v 11.020912 -1.164385 4.940037
v 11.020912 -2.306647 4.940037
v 10.919166 -2.306647 4.940037
v 10.919166 -1.164385 4.940037
v 10.919166 -1.164385 4.081579
v 10.919166 -2.306647 4.081579
v 11.020912 -1.164385 3.151579
v 11.020912 -2.306647 3.151579
v 11.020912 -1.164385 4.010038
v 11.020912 -2.306647 4.010038
v 10.919166 -2.306647 4.010038
v 10.919166 -1.164385 4.010038
v 10.919166 -1.164385 3.151579
v 10.919166 -2.306647 3.151579
v 11.020912 -1.164385 2.221579
v 11.020912 -2.306647 2.221579
v 11.020912 -1.164385 3.080038
v 11.020912 -2.306647 3.080038
v 10.919166 -2.306647 3.080038
v 10.919166 -1.164385 3.080038
v 10.919166 -1.164385 2.221579
v 10.919166 -2.306647 2.221579
v 11.020912 -1.164385 2.207581
v 11.020912 -2.306647 2.207581
v 11.020912 -1.164385 1.349123
v 11.020912 -2.306647 1.349123
v 10.919166 -2.306647 2.207581
v 10.919166 -1.164385 2.207581
v 10.919167 -1.164385 1.349123
v 10.919167 -2.306647 1.349123
v 8.343773 -0.840937 0.434519
v 8.403255 0.108670 0.434904
v 8.350404 -0.840937 -0.591623
v 8.409886 0.108670 -0.591238
v 8.427191 -0.161064 0.287748
v 8.399190 -0.569715 0.287569
v 8.403872 -0.569715 -0.436625
v 8.431870 -0.161064 -0.436441
v 8.512764 0.028877 0.373108
v 8.462649 -0.772433 0.372784
v 8.468472 -0.772433 -0.528355
v 8.518587 0.028877 -0.528030
v 9.564949 -1.003049 0.408995
v 9.593531 -0.956143 0.407364
v 9.567533 -0.952906 0.430035
v 9.646098 -0.022784 0.407703
v 9.623170 0.032770 0.409378
v 9.620236 -0.017140 0.430376
v 9.571149 -1.003049 -0.550316
v 9.574004 -0.952906 -0.571321
v 9.599712 -0.956143 -0.549343
v 9.629369 0.032770 -0.549948
v 9.652280 -0.022784 -0.549002
v 9.626707 -0.017140 -0.570980
v 8.412621 0.168778 0.466942
v 8.404868 0.140644 0.463984
v 8.409660 0.118871 0.487942
v 8.346544 -1.002311 0.466522
v 8.349339 -0.952168 0.487553
v 8.341839 -0.978464 0.463573
v 8.348846 -0.978464 -0.620699
v 8.356655 -0.952168 -0.644579
v 8.353590 -1.002311 -0.623585
v 8.419665 0.168778 -0.623152
v 8.416976 0.118871 -0.644188
v 8.411875 0.140644 -0.620293
v 8.341873 -0.941231 0.413429
v 8.342809 -0.866633 0.413437
v 8.344464 -0.866633 0.157288
v 8.343517 -0.941231 0.157280
v 8.082801 -0.995699 -0.686789
v 7.575971 -0.995699 -0.690063
v 8.072805 -0.995699 0.859848
v 7.565975 -0.995699 0.856575
v 8.082801 -0.901307 -0.686789
v 7.575971 -0.939064 -0.690063
v 8.072805 -0.901307 0.859848
v 7.565975 -0.939064 0.856575
v 7.643324 -0.998199 1.087955
v 7.613126 -0.998199 1.104336
v 7.612103 -0.998199 1.262770
v 7.642086 -0.998199 1.279539
v 7.922453 -0.998199 1.106337
v 7.892491 -0.998199 1.089565
v 7.891253 -0.998199 1.281149
v 7.921430 -0.998199 1.264769
v 7.642086 -0.938828 1.279539
v 7.612103 -0.948828 1.262770
v 7.642186 -0.918199 1.262962
v 7.891253 -0.903828 1.281149
v 7.891353 -0.893199 1.264574
v 7.921430 -0.903828 1.264769
v 7.892491 -0.903828 1.089565
v 7.922453 -0.903828 1.106337
v 7.892376 -0.893199 1.106140
v 7.643324 -0.938828 1.087955
v 7.643209 -0.918199 1.104530
v 7.613126 -0.948828 1.104336
v 7.804143 -0.908199 1.264009
v 7.804044 -0.918828 1.280584
v 7.805169 -0.908199 1.105577
v 7.805283 -0.918828 1.089005
v 7.805283 -0.998199 1.089005
v 7.804044 -0.998199 1.280584
v 7.830306 -0.893199 1.264179
v 7.831445 -0.903828 1.089172
v 7.831445 -0.998199 1.089172
v 7.830207 -0.998199 1.280754
v 7.830207 -0.903828 1.280754
v 7.831330 -0.893199 1.105747
v 7.922002 -0.975898 1.176033
v 7.921880 -0.975898 1.195070
v 7.921880 -0.956923 1.195070
v 7.922002 -0.956923 1.176033
v 7.921854 -0.966410 1.199165
v 7.922029 -0.966410 1.171938
v 7.921942 -0.979979 1.185553
v 7.921942 -0.952841 1.185553
v 7.938525 -0.973258 1.178789
v 7.938437 -0.973258 1.192530
v 7.938437 -0.959563 1.192530
v 7.938525 -0.959563 1.178789
v 7.938418 -0.966410 1.195484
v 7.938545 -0.966410 1.175835
v 7.938480 -0.976204 1.185658
v 7.938480 -0.956616 1.185658
v 8.143355 -0.951700 0.834562
v 8.154707 -0.951995 0.842968
v 8.154707 -0.938300 0.842968
v 8.143355 -0.938005 0.834562
v 8.157383 -0.945283 0.844635
v 8.140830 -0.944763 0.832808
v 8.148688 -0.954689 0.838976
v 8.148688 -0.935101 0.838976
v 8.137011 -0.963282 1.064886
v 8.134861 -0.956382 1.062761
v 8.125280 -0.956258 1.052702
v 8.123269 -0.963093 1.050514
v 8.130059 -0.953371 1.057735
v 8.125280 -0.969953 1.052702
v 8.130059 -0.972958 1.057735
v 8.134861 -0.970078 1.062761
v 8.067615 -0.966381 1.166204
v 8.060643 -0.959449 1.151218
v 8.066379 -0.973212 1.163555
v 8.066379 -0.959517 1.163555
v 8.059403 -0.966278 1.148575
v 8.063516 -0.956539 1.157379
v 8.060643 -0.973144 1.151218
v 8.063516 -0.976127 1.157379
v 8.070635 -0.943410 0.524698
v 8.070493 -0.944086 0.546822
v 8.070493 -0.925111 0.546822
v 8.070635 -0.924435 0.524698
v 8.070454 -0.935052 0.552986
v 8.070666 -0.933763 0.519876
v 8.070566 -0.947736 0.535330
v 8.070566 -0.920597 0.535330
v 8.087208 -0.939094 0.519804
v 8.087092 -0.939986 0.537615
v 8.087092 -0.926291 0.537615
v 8.087208 -0.925398 0.519804
v 8.087065 -0.933441 0.541952
v 8.087233 -0.932060 0.515999
v 8.087152 -0.942477 0.528667
v 8.087152 -0.922889 0.528667
v 8.645793 -0.911283 0.178236
v 8.643075 -0.911283 0.191706
v 8.643075 -0.897587 0.191706
v 8.645793 -0.897587 0.178236
v 8.642489 -0.904435 0.194603
v 8.646377 -0.904435 0.175339
v 8.644434 -0.914229 0.184971
v 8.644434 -0.894641 0.184971
v 8.338408 -0.904435 0.207710
v 8.336487 -0.897587 0.205463
v 8.327554 -0.897587 0.195023
v 8.325632 -0.904435 0.192776
v 8.332020 -0.894641 0.200243
v 8.327554 -0.911283 0.195023
v 8.332020 -0.914229 0.200243
v 8.336487 -0.911283 0.205463
v 8.208364 -0.918873 0.515009
v 8.206570 -0.925578 0.512016
v 8.206294 -0.911752 0.511612
v 8.202397 -0.908674 0.505365
v 8.202397 -0.928262 0.505365
v 8.259016 -0.901645 0.409040
v 8.246911 -0.900356 0.398552
v 8.256035 -0.896060 0.406893
v 8.246606 -0.907218 0.396690
v 8.249731 -0.912624 0.398556
v 8.258476 -0.908801 0.407640
v 8.251014 -0.895636 0.402523
v 8.254610 -0.913227 0.403208
v 8.150470 -0.927943 0.646578
v 8.162124 -0.927660 0.652203
v 8.162124 -0.913965 0.652203
v 8.150470 -0.914248 0.646578
v 8.164787 -0.920795 0.653362
v 8.148384 -0.921272 0.645229
v 8.156122 -0.930700 0.649448
v 8.156122 -0.911112 0.649448
v 8.198784 -0.925316 0.499525
v 8.206017 -0.925316 0.511208
v 8.198784 -0.911621 0.499525
v 8.207573 -0.918468 0.513721
v 8.197228 -0.918468 0.497011
v 9.838889 -0.902225 1.680349
v 9.838889 -0.902225 3.068504
v 7.794652 -0.902225 3.068504
v 7.794652 -0.902225 1.680349
v 9.838889 0.240294 3.068504
v 8.156879 0.240294 3.068504
v 8.156879 0.240294 1.680349
v 9.838889 0.240294 1.680349
v 7.794652 -0.902225 2.374411
v 8.156879 0.240294 2.374411
v 7.740106 -0.822063 3.033800
v 8.066111 0.206204 3.033800
v 7.740106 -0.822063 2.409117
v 8.066111 0.206204 2.409117
v 7.740106 -0.822063 2.339748
v 8.066111 0.206204 2.339748
v 7.740106 -0.822063 1.715063
v 8.066111 0.206204 1.715063
v 9.780745 -0.008591 1.679354
v 9.114147 -0.008591 1.679354
v 9.114147 0.187259 1.679354
v 9.780745 0.187259 1.679354
v 9.841889 -0.159964 2.668264
v 9.841889 -0.159964 3.029528
v 9.841889 0.200110 3.029528
v 9.841889 0.200110 2.668264
v 9.841889 -0.159964 1.719326
v 9.841889 -0.159964 2.080589
v 9.841889 0.200110 2.080589
v 9.841889 0.200110 1.719326
v 9.688323 -1.001389 2.936125
v 9.559513 -1.001389 2.936125
v 9.559513 -1.001389 2.806492
v 9.688323 -1.001389 2.806492
v 9.623919 -1.001389 2.962378
v 9.623919 -1.001389 2.780239
v 9.533426 -1.001389 2.871309
v 9.714411 -1.001389 2.871309
v 9.714411 -0.875147 2.871309
v 9.533426 -0.875147 2.871309
v 9.623919 -0.875147 2.780239
v 9.623919 -0.875147 2.962378
v 9.688323 -0.875147 2.806492
v 9.559513 -0.875147 2.806492
v 9.559513 -0.875147 2.936125
v 9.688323 -0.875147 2.936125
v 7.986778 -1.001389 2.936125
v 7.857968 -1.001389 2.936125
v 7.857968 -1.001389 2.806492
v 7.986778 -1.001389 2.806492
v 7.922373 -1.001389 2.962378
v 7.922373 -1.001389 2.780239
v 7.831881 -1.001389 2.871309
v 8.012865 -1.001389 2.871309
v 8.012865 -0.875147 2.871309
v 7.831881 -0.875147 2.871309
v 7.922373 -0.875147 2.780239
v 7.922373 -0.875147 2.962378
v 7.986778 -0.875147 2.806492
v 7.857968 -0.875147 2.806492
v 7.857968 -0.875147 2.936125
v 7.986778 -0.875147 2.936125
v 9.688323 -1.001389 1.945120
v 9.559513 -1.001389 1.945120
v 9.559513 -1.001389 1.815487
v 9.688323 -1.001389 1.815487
v 9.623919 -1.001389 1.971373
v 9.623919 -1.001389 1.789236
v 9.533426 -1.001389 1.880304
v 9.714411 -1.001389 1.880304
v 9.714411 -0.875147 1.880304
v 9.533426 -0.875147 1.880304
v 9.623919 -0.875147 1.789236
v 9.623919 -0.875147 1.971373
v 9.688323 -0.875147 1.815487
v 9.559513 -0.875147 1.815487
v 9.559513 -0.875147 1.945120
v 9.688323 -0.875147 1.945120
v 7.986778 -1.001389 1.945120
v 7.857968 -1.001389 1.945120
v 7.857968 -1.001389 1.815487
v 7.986778 -1.001389 1.815487
v 7.922373 -1.001389 1.971373
v 7.922373 -1.001389 1.789236
v 7.831881 -1.001389 1.880304
v 8.012865 -1.001389 1.880304
v 8.012865 -0.875147 1.880304
v 7.831881 -0.875147 1.880304
v 7.922373 -0.875147 1.789236
v 7.922373 -0.875147 1.971373
v 7.986778 -0.875147 1.815487
v 7.857968 -0.875147 1.815487
v 7.857968 -0.875147 1.945120
v 7.986778 -0.875147 1.945120
v 9.840332 -0.879127 1.695745
v 9.840332 -0.879127 3.053108
v 9.840332 0.225057 3.053108
v 9.840332 0.225057 1.695745
v 7.880581 -0.359311 3.033800
v 7.942255 -0.170316 3.033800
v 7.880581 -0.359311 2.409117
v 7.942255 -0.170316 2.409117
v 7.880581 -0.359311 2.339748
v 7.942255 -0.170316 2.339748
v 7.880581 -0.359311 1.715063
v 7.942255 -0.170316 1.715063
v 7.880581 -0.359311 2.027407
v 7.942255 -0.170316 2.027407
v 7.880581 -0.359311 2.719765
v 7.942255 -0.170316 2.719765
v -0.878326 -0.853605 -0.519384
v -0.878327 0.205255 -0.519384
v -0.878326 -0.853605 0.771469
v -0.878327 0.205255 0.771469
v -0.776582 -0.887140 0.812349
v -0.776582 0.238790 0.812349
v -0.776582 0.238790 -0.560266
v -0.776582 -0.887140 -0.560266
v 0.905196 -0.896535 -0.567400
v 0.905197 -0.896535 0.820755
v -0.776814 -0.896535 0.820755
v -0.776814 -0.896535 -0.567400
v 0.905197 0.245984 0.820755
v -0.776813 0.245984 0.820755
v -0.776813 0.245984 -0.567400
v 0.905196 0.245984 -0.567400
v 0.908197 -0.845723 0.420515
v 0.908197 -0.845723 0.781778
v 0.847052 -0.002902 -0.568396
v 0.180455 -0.002902 -0.568396
v 0.180455 0.192948 -0.568396
v 0.847052 0.192948 -0.568396
v 0.908197 -0.154274 0.420515
v 0.908197 -0.154274 0.781778
v 0.908197 0.205800 0.781778
v 0.908197 0.205800 0.420515
v 0.908197 -0.154274 -0.528423
v 0.908197 -0.154274 -0.167160
v 0.908197 0.205800 -0.167160
v 0.908197 0.205800 -0.528423
v 0.754631 -0.995699 0.688375
v 0.625821 -0.995699 0.688375
v 0.625821 -0.995699 0.558744
v 0.754631 -0.995699 0.558744
v 0.690226 -0.995699 0.714628
v 0.690226 -0.995699 0.532490
v 0.599734 -0.995699 0.623560
v 0.780718 -0.995699 0.623560
v 0.780718 -0.869457 0.623560
v 0.599734 -0.869457 0.623560
v 0.690226 -0.869457 0.532490
v 0.690226 -0.869457 0.714628
v 0.754631 -0.869457 0.558744
v 0.625821 -0.869457 0.558744
v 0.625821 -0.869457 0.688375
v 0.754631 -0.869457 0.688375
v -0.505332 -0.995699 0.688375
v -0.634142 -0.995699 0.688375
v -0.634142 -0.995699 0.558744
v -0.505332 -0.995699 0.558744
v -0.569736 -0.995699 0.714628
v -0.569736 -0.995699 0.532490
v -0.660229 -0.995699 0.623560
v -0.479245 -0.995699 0.623560
v -0.479245 -0.869457 0.623560
v -0.660229 -0.869457 0.623560
v -0.569736 -0.869457 0.532490
v -0.569736 -0.869457 0.714628
v -0.505332 -0.869457 0.558744
v -0.634142 -0.869457 0.558744
v -0.634142 -0.869457 0.688375
v -0.505332 -0.869457 0.688375
v 0.754631 -0.995699 -0.302629
v 0.625821 -0.995699 -0.302629
v 0.625821 -0.995699 -0.432262
v 0.754631 -0.995699 -0.432262
v 0.690226 -0.995699 -0.276377
v 0.690226 -0.995699 -0.458513
v 0.599734 -0.995699 -0.367445
v 0.780718 -0.995699 -0.367445
v 0.780718 -0.869457 -0.367445
v 0.599734 -0.869457 -0.367445
v 0.690226 -0.869457 -0.458513
v 0.690226 -0.869457 -0.276377
v 0.754631 -0.869457 -0.432262
v 0.625821 -0.869457 -0.432262
v 0.625821 -0.869457 -0.302629
v 0.754631 -0.869457 -0.302629
v -0.505332 -0.995699 -0.302629
v -0.634142 -0.995699 -0.302629
v -0.634142 -0.995699 -0.432262
v -0.505332 -0.995699 -0.432262
v -0.569736 -0.995699 -0.276377
v -0.569736 -0.995699 -0.458513
v -0.660229 -0.995699 -0.367445
v -0.479245 -0.995699 -0.367445
v -0.479245 -0.869457 -0.367445
v -0.660229 -0.869457 -0.367445
v -0.569736 -0.869457 -0.458513
v -0.569736 -0.869457 -0.276377
v -0.505332 -0.869457 -0.432262
v -0.634142 -0.869457 -0.432262
v -0.634142 -0.869457 -0.302629
v -0.505332 -0.869457 -0.302629
v 0.906640 -0.873437 -0.552004
v 0.906640 -0.873437 0.805359
v 0.906640 0.230747 0.805359
v 0.906640 0.230747 -0.552004
v 0.908197 -0.485649 0.781778
v 0.908197 -0.485649 0.420515
v 0.908197 -0.845723 -0.528423
v 0.908197 -0.845723 -0.167160
v 0.908197 -0.485649 -0.167160
v 0.908197 -0.485649 -0.528423
v 1.403913 -2.170982 -0.211206
v 1.419526 -2.170779 -0.204739
v 1.415989 -1.898672 -0.204739
v 1.425992 -2.170695 -0.189123
v 1.422456 -1.898587 -0.189123
v 1.419526 -2.170779 -0.173510
v 1.403913 -2.170982 -0.167044
v 1.400376 -1.898875 -0.167044
v 1.388300 -2.171185 -0.173510
v 1.381834 -2.171269 -0.189123
v 1.378296 -1.899161 -0.189123
v 1.388300 -2.171185 -0.204739
v 1.400376 -1.898875 -0.211206
v 1.396839 -1.626767 -0.211206
v 1.412452 -1.626564 -0.204739
v 1.418920 -1.626480 -0.189123
v 1.415989 -1.898672 -0.173510
v 1.412452 -1.626564 -0.173510
v 1.384764 -1.899077 -0.173510
v 1.384764 -1.899077 -0.204739
v 1.381227 -1.626970 -0.204739
v 1.396839 -1.626767 -0.167044
v 1.381227 -1.626970 -0.173510
v 1.377460 -1.400678 -0.173510
v 1.374759 -1.627054 -0.189123
v 1.371247 -1.402478 -0.189123
v 1.377460 -1.400678 -0.204739
v 1.392457 -1.396334 -0.211206
v 1.329863 -1.095418 -0.211206
v 1.407454 -1.391990 -0.204739
v 1.413667 -1.390190 -0.189123
v 1.407454 -1.391990 -0.173510
v 1.343073 -1.087095 -0.173510
v 1.392457 -1.396334 -0.167044
v 1.343073 -1.087095 -0.204739
v 1.348545 -1.083647 -0.189123
v 1.329863 -1.095418 -0.167044
v 1.260581 -0.971987 -0.167044
v 1.316652 -1.103742 -0.173510
v 1.311180 -1.107190 -0.189123
v 1.316652 -1.103742 -0.204739
v 1.260581 -0.971987 -0.211206
v 1.273150 -0.962724 -0.204739
v 1.159384 -0.858202 -0.204739
v 1.278357 -0.958887 -0.189123
v 1.273150 -0.962724 -0.173510
v 1.159384 -0.858202 -0.173510
v 1.153313 -0.872587 -0.167044
v 1.248012 -0.981250 -0.173510
v 1.147241 -0.886972 -0.173510
v 1.242805 -0.985087 -0.189123
v 1.248012 -0.981250 -0.204739
v 1.147241 -0.886972 -0.204739
v 1.153313 -0.872587 -0.211205
v 0.995463 -0.822401 -0.211206
v 0.996646 -0.806831 -0.204739
v 1.161900 -0.852243 -0.189123
v 0.997137 -0.800382 -0.189123
v 0.995463 -0.822401 -0.167044
v 1.144726 -0.892931 -0.189123
v 0.994280 -0.837970 -0.204739
v 0.902269 -0.827157 -0.211206
v 0.903452 -0.811587 -0.204739
v 0.903942 -0.805138 -0.189123
v 0.996646 -0.806831 -0.173510
v 0.903452 -0.811587 -0.173510
v 0.902269 -0.827157 -0.167044
v 0.994280 -0.837970 -0.173510
v 0.901086 -0.842726 -0.173510
v 0.993791 -0.844419 -0.189123
v 0.900596 -0.849175 -0.189123
v 0.901086 -0.842726 -0.204739
v 0.808822 -0.995699 -0.704638
v 0.808823 -0.995699 5.119690
v -0.953028 -0.995699 5.119690
v -0.953028 -0.995699 -0.704636
v 2.570672 -0.995699 -0.704634
v -0.953028 -1.147507 5.119690
v 0.808823 -1.147507 5.119690
v 2.570670 -0.995699 5.119692
v -0.953028 -1.147507 -0.704636
v 0.808822 -1.147507 -0.704638
v 2.570670 -1.147507 5.119692
v 2.570672 -1.147507 -0.704634
v -0.801522 -1.147507 4.984509
v 0.808823 -1.147507 4.984509
v -0.801522 -1.147507 -0.569456
v 0.808822 -1.147507 -0.569458
v 0.808822 -2.478000 -0.569458
v 2.419166 -1.147507 4.984505
v -0.801522 -2.478000 -0.569456
v 2.419166 -1.147507 -0.569462
v 0.808823 -2.478000 4.984509
v -0.801522 -2.478000 4.984509
v 2.419166 -2.478000 -0.569462
v 2.419166 -2.478000 4.984505
v -0.903268 -2.306647 -0.507534
v -0.903268 -1.164385 -0.507534
v -0.903268 -2.306647 0.350924
v -0.903268 -1.164385 0.350924
v -0.801522 -2.306647 0.350924
v -0.801522 -1.164385 0.350924
v -0.801522 -1.164385 -0.507534
v -0.801522 -2.306647 -0.507534
v -0.903268 -1.164385 0.364923
v -0.903268 -2.306647 0.364923
v -0.903268 -1.164385 1.223383
v -0.903268 -2.306647 1.223383
v -0.801522 -2.306647 0.364923
v -0.801522 -1.164385 0.364923
v -0.801522 -1.164385 1.223383
v -0.801522 -2.306647 1.223383
v -0.903268 -1.164385 2.173845
v -0.903268 -2.306647 2.173845
v -0.903268 -1.164385 1.315388
v -0.903268 -2.306647 1.315388
v -0.801522 -2.306647 1.315388
v -0.801522 -1.164385 1.315388
v -0.801522 -1.164385 2.173845
v -0.801522 -2.306647 2.173845
v -0.903268 -1.164385 3.103846
v -0.903268 -2.306647 3.103846
v -0.903268 -1.164385 2.245388
v -0.903268 -2.306647 2.245388
v -0.801522 -2.306647 2.245388
v -0.801522 -1.164385 2.245388
v -0.801522 -1.164385 3.103846
v -0.801522 -2.306647 3.103846
v -0.903268 -1.164385 4.033846
v -0.903268 -2.306647 4.033846
v -0.903268 -1.164385 3.175388
v -0.903268 -2.306647 3.175388
v -0.801522 -2.306647 3.175388
v -0.801522 -1.164385 3.175388
v -0.801522 -1.164385 4.033846
v -0.801522 -2.306647 4.033846
v -0.903268 -1.164385 4.047844
v -0.903268 -2.306647 4.047844
v -0.903268 -1.164385 4.906301
v -0.903268 -2.306647 4.906301
v -0.801522 -2.306647 4.047844
v -0.801522 -1.164385 4.047844
v -0.801522 -1.164385 4.906301
v -0.801522 -2.306647 4.906301
v 2.419166 -2.306647 1.270382
v 2.419166 -1.164385 1.270382
v 2.419166 -1.164385 0.411924
v 2.419166 -2.306647 0.411924
v 2.520912 -2.306647 0.411924
v 2.520912 -1.164385 0.411924
v 2.520912 -2.306647 1.270382
v 2.520912 -1.164385 1.270382
v 2.419166 -2.306647 0.340382
v 2.419166 -1.164385 0.340382
v 2.419166 -1.164385 -0.518074
v 2.419166 -2.306647 -0.518074
v 2.520912 -2.306647 -0.518074
v 2.520912 -1.164385 -0.518074
v 2.520912 -2.306647 0.340382
v 2.520912 -1.164385 0.340382
v 2.520912 -1.164385 4.081581
v 2.520912 -2.306647 4.081581
v 2.520912 -1.164385 4.940039
v 2.520912 -2.306647 4.940039
v 2.419166 -2.306647 4.940039
v 2.419166 -1.164385 4.940039
v 2.419166 -1.164385 4.081581
v 2.419166 -2.306647 4.081581
v 2.520912 -1.164385 3.151581
v 2.520912 -2.306647 3.151581
v 2.520912 -1.164385 4.010038
v 2.520912 -2.306647 4.010038
v 2.419166 -2.306647 4.010038
v 2.419166 -1.164385 4.010038
v 2.419166 -1.164385 3.151581
v 2.419166 -2.306647 3.151581
v 2.520912 -1.164385 2.221581
v 2.520912 -2.306647 2.221581
v 2.520912 -1.164385 3.080040
v 2.520912 -2.306647 3.080040
v 2.419166 -2.306647 3.080040
v 2.419166 -1.164385 3.080040
v 2.419166 -1.164385 2.221581
v 2.419166 -2.306647 2.221581
v 2.520912 -1.164385 2.207582
v 2.520912 -2.306647 2.207582
v 2.520912 -1.164385 1.349125
v 2.520912 -2.306647 1.349125
v 2.419166 -2.306647 2.207582
v 2.419166 -1.164385 2.207582
v 2.419166 -1.164385 1.349125
v 2.419166 -2.306647 1.349125
v 0.237584 -0.896535 1.825560
v 0.237584 -0.896535 4.879744
v -0.752807 -0.896535 4.879744
v -0.752807 -0.896535 1.825560
v 0.237584 -0.561790 4.879744
v -0.401169 -0.561790 4.879744
v -0.401169 -0.561790 1.825560
v 0.237584 -0.561790 1.825560
v 0.134064 -0.995699 4.747364
v 0.005254 -0.995699 4.747364
v 0.005254 -0.995699 4.617733
v 0.134064 -0.995699 4.617733
v 0.069659 -0.995699 4.773619
v 0.069659 -0.995699 4.591480
v -0.020833 -0.995699 4.682549
v 0.160151 -0.995699 4.682549
v 0.160151 -0.869457 4.682549
v -0.020833 -0.869457 4.682549
v 0.069659 -0.869457 4.591480
v 0.069659 -0.869457 4.773619
v 0.134064 -0.869457 4.617733
v 0.005254 -0.869457 4.617733
v 0.005254 -0.869457 4.747364
v 0.134064 -0.869457 4.747364
v -0.481325 -0.995699 4.747364
v -0.610135 -0.995699 4.747364
v -0.610135 -0.995699 4.617733
v -0.481325 -0.995699 4.617733
v -0.545730 -0.995699 4.773619
v -0.545730 -0.995699 4.591480
v -0.636222 -0.995699 4.682549
v -0.455237 -0.995699 4.682549
v -0.455237 -0.869457 4.682549
v -0.636222 -0.869457 4.682549
v -0.545730 -0.869457 4.591480
v -0.545730 -0.869457 4.773619
v -0.481325 -0.869457 4.617733
v -0.610135 -0.869457 4.617733
v -0.610135 -0.869457 4.747364
v -0.481325 -0.869457 4.747364
v 0.134064 -0.995699 2.090328
v 0.005254 -0.995699 2.090328
v 0.005254 -0.995699 1.960695
v 0.134064 -0.995699 1.960695
v 0.069659 -0.995699 2.116581
v 0.069659 -0.995699 1.934444
v -0.020833 -0.995699 2.025513
v 0.160151 -0.995699 2.025513
v 0.160151 -0.869457 2.025513
v -0.020833 -0.869457 2.025513
v 0.069659 -0.869457 1.934444
v 0.069659 -0.869457 2.116581
v 0.134064 -0.869457 1.960695
v 0.005254 -0.869457 1.960695
v 0.005254 -0.869457 2.090328
v 0.134064 -0.869457 2.090328
v -0.481325 -0.995699 2.090328
v -0.610135 -0.995699 2.090328
v -0.610135 -0.995699 1.960695
v -0.481325 -0.995699 1.960695
v -0.545730 -0.995699 2.116581
v -0.545730 -0.995699 1.934444
v -0.636222 -0.995699 2.025513
v -0.455237 -0.995699 2.025513
v -0.455237 -0.869457 2.025513
v -0.636222 -0.869457 2.025513
v -0.545730 -0.869457 1.934444
v -0.545730 -0.869457 2.116581
v -0.481325 -0.869457 1.960695
v -0.610135 -0.869457 1.960695
v -0.610135 -0.869457 2.090328
v -0.481325 -0.869457 2.090328
v -0.002600 -0.558790 4.814747
v -0.160986 -0.558790 4.814747
v -0.160986 -0.558790 1.890556
v -0.002600 -0.558790 1.890556
v -0.721375 -0.863758 4.831894
v -0.721375 -0.863758 4.052240
v -0.438600 -0.594567 4.831894
v -0.438600 -0.594567 4.052240
v -0.438600 -0.594567 2.427210
v -0.438600 -0.594567 3.450874
v -0.721375 -0.863758 2.427210
v -0.721375 -0.863758 3.450874
v 0.088989 -0.561790 2.199554
v -0.252575 -0.561790 2.199554
v -0.252575 -0.561790 1.862881
v 0.088989 -0.561790 1.862881
v 0.088989 -0.231240 2.199554
v -0.252575 -0.231240 2.199554
v 0.088989 -0.561790 2.031218
v -0.252575 -0.561790 2.031218
v -0.252575 -0.231240 2.013035
v -0.252575 -0.329531 1.862881
v 0.088989 -0.329531 1.862881
v 0.088989 -0.231240 2.013035
v -0.080968 -0.310718 2.219444
v -0.080968 -0.342522 2.274708
v -0.042742 -0.326554 2.219444
v -0.065229 -0.349042 2.274708
v -0.026908 -0.364780 2.219444
v -0.058711 -0.364780 2.274708
v -0.042742 -0.403006 2.219444
v -0.065229 -0.380518 2.274708
v -0.080968 -0.418842 2.219444
v -0.080968 -0.387038 2.274708
v -0.119195 -0.403006 2.219444
v -0.096706 -0.380518 2.274708
v -0.135029 -0.364780 2.219444
v -0.103226 -0.364780 2.274708
v -0.119195 -0.326554 2.219444
v -0.096706 -0.349042 2.274708
v -0.076064 -0.359877 2.319332
v -0.080968 -0.357845 2.319332
v -0.074034 -0.364780 2.319332
v -0.076064 -0.369684 2.319332
v -0.080968 -0.371715 2.319332
v -0.085872 -0.369684 2.319332
v -0.087902 -0.364780 2.319332
v -0.085872 -0.359877 2.319332
v -0.080968 -0.310718 2.194267
v -0.042742 -0.326554 2.194267
v -0.026908 -0.364780 2.194267
v -0.042742 -0.403006 2.194267
v -0.080968 -0.418842 2.194267
v -0.119195 -0.403006 2.194267
v -0.135029 -0.364780 2.194267
v -0.119195 -0.326554 2.194267
v -0.010287 -0.558790 4.262720
v -0.153299 -0.558790 4.262720
v -0.153299 -0.558790 4.121756
v -0.010287 -0.558790 4.121756
v -0.010287 -0.481365 4.262720
v -0.153299 -0.481365 4.262720
v -0.153299 -0.481365 4.121758
v -0.273295 -0.441742 4.381006
v 0.109713 -0.441742 4.381006
v -0.010287 -0.481365 4.121758
v -0.273295 -0.441742 4.003485
v 0.109713 -0.441742 4.003485
v 0.049428 -0.432821 4.348133
v 0.049428 -0.432821 4.036358
v -0.213012 -0.432821 4.036358
v -0.213012 -0.432821 4.348133
v 0.109713 -0.418098 4.381006
v 0.109713 -0.418098 4.003485
v -0.273295 -0.418098 4.003485
v -0.273295 -0.418098 4.381006
v 0.061193 -0.534890 2.200655
v -0.224778 -0.534890 2.200655
v 0.061193 -0.258140 2.200655
v -0.224778 -0.258140 2.200655
v -0.185549 -0.388190 4.314339
v -0.182304 -0.231775 4.356995
v -0.169487 -0.396189 4.101038
v -0.211949 -0.238215 4.051819
v 0.024606 -0.401270 4.299913
v 0.024906 -0.219750 4.330151
v 0.030452 -0.408623 4.074047
v 0.044095 -0.235508 4.075838
v -0.207123 -0.389991 4.158815
v -0.214584 -0.407822 4.239433
v -0.203746 -0.347608 4.382284
v -0.211126 -0.285687 4.342384
v -0.214776 -0.221456 4.245586
v -0.209037 -0.220654 4.156113
v -0.220973 -0.288584 4.039911
v -0.211239 -0.362173 4.077936
v -0.022067 -0.417515 4.082960
v -0.102662 -0.401958 4.063822
v -0.138927 -0.215284 4.047661
v -0.042753 -0.218135 4.076651
v 0.084322 -0.278821 4.040297
v 0.041489 -0.364529 4.045811
v 0.066970 -0.396829 4.241201
v 0.081651 -0.415141 4.154215
v 0.100931 -0.216444 4.184704
v 0.068665 -0.217251 4.249405
v 0.072178 -0.280752 4.341463
v 0.045044 -0.329700 4.353661
v -0.123460 -0.397798 4.343580
v -0.006721 -0.408889 4.350260
v -0.024251 -0.220463 4.342308
v -0.136048 -0.223549 4.362255
v 0.007404 -0.211183 4.130432
v 0.014532 -0.182463 4.238520
v -0.136843 -0.199638 4.143002
v -0.128922 -0.186887 4.247002
v -0.131437 -0.437782 4.140764
v -0.157389 -0.440685 4.265207
v -0.011228 -0.442082 4.152475
v -0.009191 -0.434644 4.261087
v 0.016584 -0.338975 4.359394
v -0.133656 -0.353735 4.386570
v 0.005071 -0.293697 4.403673
v -0.104824 -0.269110 4.364923
v 0.143703 -0.341471 4.154308
v 0.130486 -0.341937 4.264681
v 0.093055 -0.273705 4.123234
v 0.099030 -0.258006 4.271137
v -0.133754 -0.347078 4.010836
v 0.020195 -0.345337 4.013824
v -0.118129 -0.266801 4.034941
v -0.014396 -0.253617 4.001928
v -0.241258 -0.370061 4.281601
v -0.231624 -0.356624 4.139402
v -0.258151 -0.274691 4.221031
v -0.261351 -0.255452 4.164484
v 1.725399 -0.840937 2.713465
v 1.665916 0.108670 2.713079
v 1.718768 -0.840937 3.739605
v 1.659286 0.108670 3.739220
v 1.641981 -0.161064 2.860233
v 1.669981 -0.569715 2.860415
v 1.665300 -0.569715 3.584608
v 1.637301 -0.161064 3.584425
v 1.556407 0.028877 2.774876
v 1.606523 -0.772433 2.775200
v 1.600700 -0.772433 3.676336
v 1.550585 0.028877 3.676014
v 0.504222 -1.003049 2.738989
v 0.475641 -0.956143 2.740618
v 0.501639 -0.952906 2.717949
v 0.423074 -0.022784 2.740280
v 0.446002 0.032770 2.738605
v 0.448936 -0.017140 2.717606
v 0.498024 -1.003049 3.698299
v 0.495168 -0.952906 3.719303
v 0.469460 -0.956143 3.697327
v 0.439803 0.032770 3.697929
v 0.416892 -0.022784 3.696985
v 0.442465 -0.017140 3.718964
v 1.656551 0.168778 2.681042
v 1.664304 0.140644 2.684000
v 1.659511 0.118871 2.660040
v 1.722627 -1.002311 2.681461
v 1.719832 -0.952168 2.660431
v 1.727333 -0.978464 2.684408
v 1.720325 -0.978464 3.768682
v 1.712517 -0.952168 3.792562
v 1.715582 -1.002311 3.771568
v 1.649507 0.168778 3.771135
v 1.652195 0.118871 3.792170
v 1.657296 0.140644 3.768274
v 1.727300 -0.941231 2.734552
v 1.726363 -0.866633 2.734547
v 1.724708 -0.866633 2.990696
v 1.725655 -0.941231 2.990702
v 1.986372 -0.995699 3.834772
v 2.493201 -0.995699 3.838047
v 1.996367 -0.995699 2.288134
v 2.503197 -0.995699 2.291409
v 1.986372 -0.901307 3.834772
v 2.493201 -0.939064 3.838047
v 1.996367 -0.901307 2.288134
v 2.503197 -0.939064 2.291409
v 2.425848 -0.998199 2.060026
v 2.456046 -0.998199 2.043646
v 2.457069 -0.998199 1.885214
v 2.427086 -0.998199 1.868444
v 2.146719 -0.998199 2.041647
v 2.176681 -0.998199 2.058416
v 2.177918 -0.998199 1.866833
v 2.147743 -0.998199 1.883213
v 2.427086 -0.938828 1.868444
v 2.457069 -0.948828 1.885214
v 2.426986 -0.918199 1.885019
v 2.177918 -0.903828 1.866833
v 2.177819 -0.893199 1.883410
v 2.147743 -0.903828 1.883213
v 2.176681 -0.903828 2.058416
v 2.146719 -0.903828 2.041647
v 2.176795 -0.893199 2.041840
v 2.425848 -0.938828 2.060026
v 2.425962 -0.918199 2.043451
v 2.456046 -0.948828 2.043646
v 2.265029 -0.908199 1.883974
v 2.265128 -0.918828 1.867397
v 2.264004 -0.908199 2.042404
v 2.263889 -0.918828 2.058979
v 2.263889 -0.998199 2.058979
v 2.265128 -0.998199 1.867397
v 2.238865 -0.893199 1.883804
v 2.237727 -0.903828 2.058811
v 2.237727 -0.998199 2.058811
v 2.238965 -0.998199 1.867228
v 2.238965 -0.903828 1.867228
v 2.237842 -0.893199 2.042234
v 2.147169 -0.975898 1.971949
v 2.147292 -0.975898 1.952913
v 2.147292 -0.956923 1.952913
v 2.147169 -0.956923 1.971949
v 2.147319 -0.966410 1.948816
v 2.147143 -0.966410 1.976046
v 2.147230 -0.979979 1.962429
v 2.147230 -0.952841 1.962429
v 2.130647 -0.973258 1.969193
v 2.130736 -0.973258 1.955454
v 2.130736 -0.959563 1.955454
v 2.130647 -0.959563 1.969193
v 2.130754 -0.966410 1.952499
v 2.130627 -0.966410 1.972149
v 2.130691 -0.976204 1.962324
v 2.130691 -0.956616 1.962324
v 1.925817 -0.951700 2.313419
v 1.914465 -0.951995 2.305016
v 1.914465 -0.938300 2.305016
v 1.925817 -0.938005 2.313419
v 1.911789 -0.945283 2.303347
v 1.928341 -0.944763 2.315176
v 1.920484 -0.954689 2.309008
v 1.920484 -0.935101 2.309008
v 1.932161 -0.963282 2.083097
v 1.934311 -0.956382 2.085220
v 1.943892 -0.956258 2.095282
v 1.945903 -0.963093 2.097469
v 1.939112 -0.953371 2.090246
v 1.943892 -0.969953 2.095282
v 1.939112 -0.972958 2.090246
v 1.934311 -0.970078 2.085220
v 2.001557 -0.966381 1.981779
v 2.008529 -0.959449 1.996765
v 2.002794 -0.973212 1.984428
v 2.002794 -0.959517 1.984428
v 2.009769 -0.966278 1.999409
v 2.005656 -0.956539 1.990604
v 2.008529 -0.973144 1.996765
v 2.005656 -0.976127 1.990604
v 1.998537 -0.943410 2.623283
v 1.998679 -0.944086 2.601162
v 1.998679 -0.925111 2.601162
v 1.998537 -0.924435 2.623283
v 1.998718 -0.935052 2.594997
v 1.998505 -0.933763 2.628107
v 1.998605 -0.947736 2.612654
v 1.998605 -0.920597 2.612654
v 1.981965 -0.939094 2.628180
v 1.982079 -0.939986 2.610367
v 1.982079 -0.926291 2.610367
v 1.981965 -0.925398 2.628180
v 1.982107 -0.933441 2.606030
v 1.981939 -0.932060 2.631985
v 1.982021 -0.942477 2.619314
v 1.982021 -0.922889 2.619314
v 1.423378 -0.911283 2.969748
v 1.426097 -0.911283 2.956278
v 1.426097 -0.897587 2.956278
v 1.423378 -0.897587 2.969748
v 1.426682 -0.904435 2.953381
v 1.422795 -0.904435 2.972645
v 1.424737 -0.914229 2.963013
v 1.424737 -0.894641 2.963013
v 1.730763 -0.904435 2.940273
v 1.732686 -0.897587 2.942520
v 1.741618 -0.897587 2.952959
v 1.743540 -0.904435 2.955206
v 1.737151 -0.894641 2.947741
v 1.741618 -0.911283 2.952959
v 1.737151 -0.914229 2.947741
v 1.732686 -0.911283 2.942520
v 1.860807 -0.918873 2.632973
v 1.862602 -0.925578 2.635967
v 1.862878 -0.911752 2.636370
v 1.866774 -0.908674 2.642616
v 1.866774 -0.928262 2.642616
v 1.810156 -0.901645 2.738943
v 1.822261 -0.900356 2.749432
v 1.813137 -0.896060 2.741089
v 1.822565 -0.907218 2.751293
v 1.819440 -0.912624 2.749428
v 1.810695 -0.908801 2.740343
v 1.818159 -0.895636 2.745461
v 1.814562 -0.913227 2.744776
v 1.918702 -0.927943 2.501406
v 1.907048 -0.927660 2.495781
v 1.907048 -0.913965 2.495781
v 1.918702 -0.914248 2.501406
v 1.904385 -0.920795 2.494621
v 1.920788 -0.921272 2.502754
v 1.913049 -0.930700 2.498535
v 1.913049 -0.911112 2.498535
v 1.870388 -0.925316 2.648457
v 1.863154 -0.925316 2.636774
v 1.870388 -0.911621 2.648457
v 1.861598 -0.918468 2.634260
v 1.871943 -0.918468 2.650970
vn -0.0000 -1.0000 -0.0000
vn -0.0000 1.0000 -0.0000
vn -0.9532 0.3022 -0.0000
vn -0.0000 -0.0000 1.0000
vn 1.0000 -0.0000 -0.0000
vn -0.0000 -0.0000 -1.0000
vn -0.3516 0.9362 -0.0000
vn -0.3950 0.1252 -0.9101
vn -0.3950 0.1252 0.9101
vn -0.8268 -0.5626 -0.0000
vn -0.3951 0.1253 -0.9101
vn -0.3946 0.1251 0.9103
vn -0.6459 -0.0000 0.7634
vn -1.0000 -0.0000 -0.0000
vn -0.6459 -0.0000 -0.7634
vn 0.6459 -0.0000 -0.7634
vn 0.6459 -0.0000 0.7634
vn 0.9277 -0.0000 -0.3734
vn -0.3775 -0.0000 0.9260
vn 0.9277 -0.0000 0.3734
vn -0.3775 -0.0000 -0.9260
vn -0.9277 -0.0000 0.3734
vn 0.3775 -0.0000 -0.9260
vn -0.9277 -0.0000 -0.3734
vn 0.3775 -0.0000 0.9260
vn -0.9507 0.3102 -0.0000
vn 0.8448 -0.2812 -0.4552
vn 0.8835 0.1334 -0.4491
vn 0.8844 0.1318 0.4477
vn 0.8468 -0.2788 0.4529
vn -0.5006 0.8657 -0.0032
vn -0.9969 0.0577 0.0533
vn -0.9972 0.0422 0.0624
vn -0.9754 -0.0960 0.1986
vn -0.9674 0.1758 0.1823
vn -0.1899 0.8931 -0.4079
vn -0.1931 0.8947 0.4027
vn 0.3348 0.8299 0.4464
vn 0.3394 0.8322 -0.4384
vn 0.2951 -0.1976 0.9348
vn 0.3185 0.1584 0.9346
vn -0.3513 0.2216 0.9097
vn -0.3714 -0.1532 0.9158
vn -0.3612 -0.1527 -0.9199
vn -0.3416 0.2211 -0.9135
vn 0.3237 0.1600 -0.9325
vn 0.2998 -0.1975 -0.9333
vn -0.9961 0.0577 -0.0662
vn -0.9649 0.1758 -0.1951
vn -0.9963 0.0422 -0.0753
vn -0.9726 -0.0961 -0.2117
vn -0.9355 -0.0478 0.3500
vn -0.9232 0.1708 0.3443
vn -0.9271 0.1724 -0.3328
vn -0.9397 -0.0484 -0.3386
vn -0.5903 -0.8072 -0.0038
vn -0.4744 0.0301 -0.8798
vn -0.4857 0.0301 0.8736
vn -0.9605 -0.2406 0.1398
vn -0.9244 0.3538 0.1426
vn -0.9599 -0.2359 -0.1515
vn -0.9243 0.3493 -0.1540
vn 0.2465 -0.8832 0.3989
vn 0.2499 -0.8852 -0.3924
vn -0.2586 -0.8580 0.4437
vn -0.2544 -0.8560 -0.4500
vn -0.9999 0.0126 -0.0064
vn 0.2886 -0.8032 -0.5211
vn 0.2837 -0.8002 0.5284
vn -0.2886 -0.8032 0.5211
vn -0.2837 -0.8002 -0.5284
vn -0.0743 0.9972 -0.0005
vn -0.4401 -0.0000 0.8979
vn -0.4285 -0.0000 -0.9035
vn 0.5370 -0.0000 -0.8436
vn 0.5260 -0.0000 0.8505
vn -0.3629 -0.8921 0.2694
vn -0.7898 0.3129 0.5275
vn -0.7817 0.3114 -0.5403
vn -0.3612 -0.8905 -0.2768
vn -0.0035 -0.8367 0.5477
vn -0.0919 0.3606 0.9282
vn -0.2521 0.3646 0.8964
vn -0.1379 -0.7957 0.5898
vn 0.3629 -0.8921 -0.2692
vn 0.6097 0.6688 -0.4255
vn 0.6040 0.6668 0.4365
vn 0.3612 -0.8905 0.2766
vn -0.2697 0.9123 0.3083
vn -0.2655 0.9126 -0.3110
vn -0.2496 0.9132 -0.3220
vn -0.2530 0.9142 0.3166
vn -0.1315 -0.7936 -0.5941
vn 0.0035 -0.8367 -0.5476
vn 0.1757 0.5081 0.8432
vn 0.1316 0.9610 0.2434
vn 0.1851 0.5093 -0.8405
vn 0.1343 0.9613 -0.2408
vn -0.2417 0.3645 -0.8993
vn -0.1765 0.9547 0.2394
vn -0.1708 0.6051 0.7776
vn -0.0797 0.3616 -0.9289
vn 0.1315 -0.7935 0.5941
vn 0.1379 -0.7957 -0.5898
vn 0.0035 -0.8367 -0.5477
vn -0.1622 0.6050 -0.7795
vn -0.1740 0.9543 -0.2429
vn 0.2156 -0.7497 0.6256
vn 0.1888 -0.7001 0.6887
vn 0.2188 -0.0003 0.9758
vn 0.2169 -0.0000 0.9762
vn 0.2226 -0.9749 0.0002
vn 0.1272 -0.9909 0.0440
vn 0.1888 0.6990 0.6897
vn 0.2156 0.7497 0.6256
vn 0.2237 0.7485 -0.6243
vn 0.0383 0.7515 -0.6587
vn 0.0045 -0.0001 -1.0000
vn 0.2296 -0.0000 -0.9733
vn 0.1270 0.9908 0.0457
vn 0.2226 0.9749 0.0002
vn 0.0388 -0.7504 -0.6598
vn 0.2237 -0.7485 -0.6243
vn 0.9257 -0.0063 0.3781
vn 0.9978 -0.0047 0.0661
vn 0.6461 0.7543 0.1170
vn 0.5968 0.7538 0.2748
vn -0.6651 0.7282 -0.1651
vn -0.7316 0.6809 0.0336
vn -0.9981 -0.0153 -0.0605
vn -0.9501 -0.0119 -0.3117
vn -0.0279 0.9945 0.1011
vn 0.0230 0.9996 0.0150
vn -0.6303 -0.7664 -0.1238
vn -0.5944 -0.7664 -0.2436
vn 0.0159 -0.9943 -0.1058
vn 0.0506 -0.9948 -0.0888
vn 0.6178 -0.7555 0.2180
vn 0.6849 -0.7281 -0.0259
vn 0.0824 -0.9963 0.0257
vn 0.3275 -0.7479 0.5775
vn 0.4693 -0.0046 0.8830
vn -0.3189 -0.7940 -0.5176
vn -0.5256 -0.0052 -0.8507
vn 0.0711 0.9963 0.0487
vn -0.3378 0.7923 -0.5080
vn 0.3248 0.7395 0.5896
vn 0.4678 -0.7229 0.5084
vn 0.3444 -0.7862 0.5131
vn 0.3999 -0.0230 0.9163
vn 0.5540 -0.0597 0.8304
vn 0.3100 -0.9496 0.0463
vn 0.1806 -0.9791 -0.0933
vn 0.2110 0.7622 0.6120
vn 0.3879 0.6956 0.6047
vn -0.0865 0.8588 -0.5050
vn -0.1790 0.7581 -0.6271
vn -0.1919 -0.0101 -0.9814
vn -0.2090 -0.0800 -0.9746
vn -0.0076 0.9999 0.0071
vn 0.1742 0.9769 0.1236
vn -0.0308 -0.7423 -0.6694
vn 0.0762 -0.8572 -0.5094
vn 0.4476 -0.1238 0.8856
vn 0.0439 -0.0000 0.9990
vn 0.0308 0.7303 0.6824
vn 0.3428 0.7453 0.5719
vn -0.2493 0.7951 -0.5528
vn -0.0379 0.6925 -0.7204
vn -0.0535 -0.0000 -0.9986
vn -0.4201 0.1079 -0.9010
vn -0.0034 0.9987 -0.0510
vn -0.0230 0.9985 -0.0504
vn -0.0379 -0.6925 -0.7204
vn -0.3432 -0.6614 -0.6669
vn -0.0035 -0.9987 -0.0510
vn -0.1383 -0.9851 -0.1018
vn 0.1900 -0.8864 0.4222
vn 0.0308 -0.7303 0.6824
vn -0.1223 -0.9870 -0.1041
vn 0.4422 -0.8896 0.1138
vn 0.8933 -0.2515 0.3724
vn -0.7837 -0.4995 -0.3692
vn -0.8817 0.2953 -0.3680
vn 0.0794 0.9906 0.1111
vn -0.4097 0.9013 -0.1411
vn 0.7448 0.5508 0.3766
vn 0.4966 -0.0373 0.8672
vn 0.3043 0.7422 0.5971
vn -0.2001 0.8151 -0.5437
vn -0.1846 0.0909 -0.9786
vn -0.1081 0.9927 0.0526
vn -0.0392 -0.7132 -0.6999
vn 0.1141 -0.9901 -0.0817
vn 0.3518 -0.8288 0.4350
vn -0.4428 0.8911 -0.0998
vn -0.8888 0.2081 -0.4084
vn 0.2555 0.9333 0.2524
vn -0.6482 -0.6448 -0.4051
vn -0.0372 0.9962 0.0789
vn -0.6911 0.7170 -0.0908
vn -0.9821 0.0089 -0.1883
vn -0.6554 -0.7361 -0.1690
vn 0.0015 -0.9981 -0.0608
vn 0.6841 -0.7275 0.0525
vn 0.9859 0.0196 0.1662
vn 0.6046 0.7786 0.1679
vn -0.9499 0.0012 -0.3125
vn -0.7471 -0.6135 -0.2559
vn -0.2195 -0.9715 -0.0891
vn 0.5902 -0.7888 0.1716
vn 0.9553 -0.0082 0.2955
vn 0.5604 0.8063 0.1895
vn -0.7614 0.6026 -0.2390
vn -0.2550 0.9646 -0.0672
vn -0.3728 -0.0000 -0.9279
vn -0.3130 -0.9497 -0.0000
vn -0.3728 -0.0000 0.9279
vn -0.3130 0.9497 -0.0000
vn 0.3827 0.0050 -0.9239
vn 0.9238 0.0120 -0.3826
vn 0.9238 0.0120 0.3826
vn 0.3826 0.0050 0.9239
vn -0.3826 -0.0050 0.9239
vn -0.9238 -0.0120 0.3827
vn -0.9238 -0.0120 -0.3827
vn -0.3827 -0.0050 -0.9239
vn 0.9238 0.0120 -0.3827
vn 0.9238 0.0120 0.3827
vn 0.3883 0.0078 -0.9215
vn 0.9259 0.0202 -0.3772
vn 0.9259 0.0202 0.3772
vn 0.3882 0.0078 0.9215
vn -0.3884 -0.0069 0.9215
vn -0.9261 -0.0150 0.3770
vn -0.9261 -0.0150 -0.3770
vn -0.3884 -0.0069 -0.9214
vn 0.3853 0.0808 -0.9192
vn 0.9081 0.1923 -0.3721
vn 0.9081 0.1924 0.3720
vn 0.3852 0.0808 0.9193
vn -0.3857 -0.0796 0.9192
vn -0.9097 -0.1857 0.3716
vn -0.9097 -0.1857 -0.3716
vn -0.3858 -0.0796 -0.9191
vn 0.3349 0.1881 -0.9233
vn 0.8058 0.4532 -0.3812
vn 0.8058 0.4532 0.3812
vn 0.3349 0.1881 0.9233
vn -0.3350 -0.1879 0.9233
vn -0.8065 -0.4519 0.3812
vn -0.8066 -0.4518 -0.3812
vn -0.3351 -0.1879 -0.9233
vn 0.2683 0.2908 -0.9184
vn 0.6279 0.6847 -0.3700
vn 0.6279 0.6847 0.3700
vn 0.2683 0.2907 0.9184
vn -0.2697 -0.2897 0.9183
vn -0.6355 -0.6778 0.3698
vn -0.6355 -0.6778 -0.3697
vn -0.2697 -0.2896 -0.9184
vn 0.1171 0.3697 -0.9217
vn 0.2784 0.8831 -0.3777
vn 0.2784 0.8831 0.3777
vn 0.1171 0.3697 0.9217
vn -0.1179 -0.3693 0.9218
vn -0.2829 -0.8818 0.3775
vn -0.2829 -0.8817 -0.3775
vn -0.1179 -0.3694 -0.9217
vn -0.0196 0.3849 -0.9228
vn -0.0471 0.9238 -0.3801
vn -0.0471 0.9238 0.3800
vn -0.0196 0.3848 0.9228
vn 0.0196 -0.3848 0.9228
vn 0.0471 -0.9238 0.3800
vn 0.0471 -0.9238 -0.3801
vn 0.0196 -0.3849 -0.9228
vn -0.6895 0.7243 -0.0000
vn -0.0000 0.8367 -0.5477
vn -0.0000 0.9785 0.2063
vn -0.0000 0.8995 0.4369
vn 0.5793 0.7024 0.4135
vn 0.5661 0.7828 0.2583
vn 0.9084 -0.0000 0.4182
vn 0.9637 -0.0000 0.2670
vn 0.5793 -0.7024 0.4135
vn 0.5661 -0.7828 0.2583
vn -0.0000 -0.8995 0.4369
vn -0.0000 -0.9785 0.2063
vn -0.5793 -0.7024 0.4135
vn -0.5661 -0.7828 0.2583
vn -0.9084 -0.0000 0.4181
vn -0.9637 -0.0000 0.2670
vn 0.3787 -0.4219 0.8238
vn -0.0000 -0.8062 0.5916
vn -0.5793 0.7024 0.4135
vn -0.5661 0.7828 0.2583
vn -0.6152 -0.7884 -0.0000
vn 0.3787 0.4219 0.8238
vn -0.0000 0.8062 0.5917
vn -0.3787 0.4219 0.8238
vn -0.4430 -0.0000 0.8965
vn -0.3787 -0.4220 0.8237
vn 0.4430 -0.0000 0.8965
vn -0.6152 0.7884 -0.0000
vn 0.6152 0.7884 -0.0000
vn 0.6152 -0.7884 -0.0000
vn 0.3135 -0.9496 -0.0000
vn -0.0000 -0.9482 0.3176
vn -0.0000 -0.9482 -0.3177
vn -0.3136 -0.9496 -0.0000
vn -0.2372 0.9715 -0.0000
vn 0.2372 0.9715 -0.0000
vn -0.0000 0.9127 0.4087
vn -0.0000 0.9127 -0.4087
vn -0.9018 0.4206 -0.0992
vn -0.4777 0.8734 -0.0942
vn -0.4047 0.6537 -0.6394
vn -0.5775 0.0738 -0.8130
vn 0.1363 0.5529 -0.8220
vn 0.1101 0.9287 -0.3542
vn 0.3811 0.8468 -0.3711
vn 0.6449 0.3288 -0.6899
vn 0.8434 0.4327 0.3184
vn 0.5384 0.8223 0.1842
vn 0.4174 0.7746 0.4753
vn 0.6570 0.3111 0.6867
vn -0.0957 0.1972 0.9757
vn -0.1525 0.7258 0.6708
vn -0.4454 0.5248 0.7254
vn -0.5717 0.2739 0.7734
vn 0.1680 -0.9649 0.2018
vn 0.5353 -0.8039 0.2593
vn 0.5642 -0.7230 0.3986
vn 0.2227 -0.7587 0.6122
vn -0.1250 0.9888 0.0811
vn -0.5122 0.8472 0.1409
vn 0.1353 0.9895 0.0506
vn 0.1368 0.8116 0.5679
vn 0.1394 0.9661 -0.2172
vn 0.5589 0.8205 -0.1198
vn -0.1205 0.8610 -0.4942
vn -0.1220 0.9808 -0.1519
vn -0.6099 -0.7893 0.0706
vn -0.2015 -0.9579 0.2047
vn -0.1263 -0.7750 0.6192
vn -0.4195 -0.7806 0.4634
vn -0.4663 -0.7836 -0.4104
vn -0.1462 -0.8022 -0.5789
vn -0.1861 -0.9559 -0.2271
vn -0.6265 -0.7461 -0.2254
vn 0.0796 -0.8810 -0.4663
vn 0.1225 -0.9853 -0.1191
vn 0.3145 -0.7710 -0.5537
vn 0.4695 -0.8748 -0.1193
vn -0.1192 -0.3533 0.9279
vn -0.4728 -0.2249 0.8520
vn 0.6703 -0.3567 0.6507
vn 0.3375 -0.3779 0.8621
vn 0.2092 0.0733 0.9751
vn 0.8571 -0.3368 0.3898
vn 0.4231 -0.5344 -0.7317
vn 0.9483 -0.2403 -0.2074
vn 0.8973 0.3499 -0.2691
vn 0.1714 -0.3239 -0.9305
vn -0.5926 -0.5881 -0.5504
vn -0.1998 -0.3786 -0.9037
vn -0.1365 0.2776 -0.9510
vn -0.8507 -0.4881 -0.1950
vn -0.7832 -0.5650 0.2596
vn -0.9588 0.2472 0.1398
vn -0.8448 -0.2812 0.4552
vn -0.8835 0.1334 0.4491
vn -0.8844 0.1318 -0.4476
vn -0.8468 -0.2788 -0.4529
vn 0.5006 0.8657 0.0032
vn 0.9969 0.0577 -0.0532
vn 0.9972 0.0422 -0.0624
vn 0.9754 -0.0960 -0.1986
vn 0.9674 0.1758 -0.1823
vn 0.1899 0.8931 0.4078
vn 0.1931 0.8947 -0.4027
vn -0.3347 0.8299 -0.4464
vn -0.3394 0.8322 0.4384
vn -0.2951 -0.1975 -0.9348
vn -0.3185 0.1584 -0.9346
vn 0.3513 0.2216 -0.9097
vn 0.3713 -0.1532 -0.9158
vn 0.3612 -0.1527 0.9199
vn 0.3416 0.2211 0.9135
vn -0.3237 0.1599 0.9325
vn -0.2998 -0.1975 0.9333
vn 0.9961 0.0577 0.0662
vn 0.9649 0.1758 0.1951
vn 0.9963 0.0422 0.0754
vn 0.9726 -0.0961 0.2117
vn 0.9355 -0.0478 -0.3500
vn 0.9232 0.1708 -0.3443
vn 0.9271 0.1724 0.3328
vn 0.9397 -0.0484 0.3386
vn 0.5903 -0.8072 0.0038
vn 0.4744 0.0301 0.8798
vn 0.4857 0.0301 -0.8736
vn 0.9605 -0.2406 -0.1398
vn 0.9244 0.3538 -0.1426
vn 0.9599 -0.2359 0.1515
vn 0.9243 0.3493 0.1540
vn -0.2465 -0.8832 -0.3989
vn -0.2499 -0.8852 0.3924
vn 0.2586 -0.8580 -0.4437
vn 0.2544 -0.8560 0.4501
vn 0.9999 0.0126 0.0064
vn 0.0743 0.9972 0.0005
vn 0.4401 -0.0000 -0.8979
vn 0.4285 -0.0000 0.9035
vn -0.5370 -0.0000 0.8436
vn -0.5260 -0.0000 -0.8505
vn 0.3629 -0.8921 -0.2694
vn 0.7898 0.3129 -0.5275
vn 0.7818 0.3113 0.5403
vn 0.3612 -0.8905 0.2768
vn 0.0919 0.3606 -0.9282
vn 0.2521 0.3646 -0.8964
vn -0.3629 -0.8921 0.2692
vn -0.6097 0.6688 0.4255
vn -0.6040 0.6668 -0.4365
vn -0.3612 -0.8905 -0.2766
vn 0.2697 0.9123 -0.3083
vn 0.2655 0.9126 0.3110
vn 0.2496 0.9132 0.3220
vn 0.2530 0.9142 -0.3166
vn 0.1315 -0.7936 0.5941
vn -0.0035 -0.8367 0.5476
vn -0.1757 0.5081 -0.8432
vn -0.1316 0.9610 -0.2434
vn -0.1851 0.5093 0.8404
vn -0.1343 0.9613 0.2407
vn 0.2417 0.3644 0.8993
vn 0.1765 0.9547 -0.2394
vn 0.1708 0.6051 -0.7776
vn 0.0797 0.3616 0.9289
vn -0.1315 -0.7935 -0.5941
vn 0.1622 0.6050 0.7795
vn 0.1740 0.9543 0.2429
vn -0.2156 -0.7497 -0.6257
vn -0.1889 -0.6999 -0.6888
vn -0.2188 -0.0003 -0.9758
vn -0.2169 -0.0000 -0.9762
vn -0.2226 -0.9749 -0.0003
vn -0.1272 -0.9909 -0.0439
vn -0.1888 0.6989 -0.6898
vn -0.2156 0.7497 -0.6257
vn -0.2237 0.7486 0.6242
vn -0.0383 0.7516 0.6585
vn -0.0045 -0.0001 1.0000
vn -0.2296 -0.0000 0.9733
vn -0.1270 0.9909 -0.0457
vn -0.2226 0.9749 -0.0003
vn -0.0388 -0.7505 0.6597
vn -0.2237 -0.7486 0.6242
vn -0.9257 -0.0063 -0.3781
vn -0.9978 -0.0047 -0.0661
vn -0.6461 0.7543 -0.1170
vn -0.5969 0.7538 -0.2748
vn 0.6651 0.7283 0.1651
vn 0.7316 0.6809 -0.0336
vn 0.9981 -0.0153 0.0605
vn 0.9501 -0.0119 0.3116
vn 0.0279 0.9945 -0.1011
vn -0.0230 0.9996 -0.0151
vn 0.6303 -0.7664 0.1238
vn 0.5943 -0.7665 0.2435
vn -0.0159 -0.9943 0.1058
vn -0.0506 -0.9948 0.0888
vn -0.6179 -0.7555 -0.2180
vn -0.6849 -0.7281 0.0259
vn -0.0824 -0.9963 -0.0256
vn -0.3275 -0.7478 -0.5775
vn -0.4693 -0.0046 -0.8830
vn 0.3189 -0.7941 0.5175
vn 0.5256 -0.0052 0.8507
vn -0.0711 0.9963 -0.0487
vn 0.3378 0.7924 0.5079
vn -0.3248 0.7394 -0.5897
vn -0.4678 -0.7229 -0.5084
vn -0.3444 -0.7862 -0.5131
vn -0.3999 -0.0229 -0.9163
vn -0.5540 -0.0597 -0.8304
vn -0.3099 -0.9496 -0.0463
vn -0.1805 -0.9791 0.0933
vn -0.2110 0.7622 -0.6120
vn -0.3879 0.6956 -0.6047
vn 0.0865 0.8588 0.5049
vn 0.1790 0.7581 0.6271
vn 0.1919 -0.0102 0.9814
vn 0.2091 -0.0801 0.9746
vn 0.0076 0.9999 -0.0072
vn -0.1741 0.9769 -0.1236
vn 0.0308 -0.7423 0.6693
vn -0.0761 -0.8572 0.5093
vn -0.4476 -0.1237 -0.8856
vn -0.0439 -0.0000 -0.9990
vn -0.0308 0.7302 -0.6825
vn -0.3428 0.7452 -0.5720
vn 0.2493 0.7952 0.5527
vn 0.0379 0.6927 0.7203
vn 0.0535 -0.0000 0.9986
vn 0.4201 0.1080 0.9010
vn 0.0034 0.9987 0.0509
vn 0.0230 0.9985 0.0504
vn 0.0379 -0.6927 0.7203
vn 0.3432 -0.6616 0.6668
vn 0.0034 -0.9987 0.0509
vn 0.1382 -0.9852 0.1017
vn -0.1900 -0.8863 -0.4223
vn -0.0308 -0.7303 -0.6825
vn 0.1223 -0.9870 0.1041
vn -0.4422 -0.8896 -0.1138
vn -0.8933 -0.2515 -0.3725
vn 0.7837 -0.4995 0.3692
vn 0.8817 0.2953 0.3680
vn -0.0794 0.9906 -0.1111
vn 0.4096 0.9013 0.1411
vn -0.7448 0.5508 -0.3766
vn -0.4966 -0.0371 -0.8672
vn -0.3042 0.7422 -0.5971
vn 0.2001 0.8151 0.5437
vn 0.1846 0.0908 0.9786
vn 0.1081 0.9927 -0.0527
vn 0.0392 -0.7132 0.6999
vn -0.1141 -0.9901 0.0817
vn -0.3518 -0.8288 -0.4350
vn 0.4427 0.8911 0.0998
vn 0.8888 0.2081 0.4084
vn -0.2555 0.9333 -0.2524
vn 0.6482 -0.6447 0.4051
vn 0.0372 0.9962 -0.0789
vn 0.6911 0.7170 0.0908
vn 0.9821 0.0089 0.1883
vn 0.6554 -0.7361 0.1690
vn -0.0015 -0.9981 0.0608
vn -0.6841 -0.7275 -0.0525
vn -0.9859 0.0195 -0.1662
vn -0.6046 0.7786 -0.1679
vn 0.9499 0.0012 0.3125
vn 0.7471 -0.6135 0.2559
vn 0.2195 -0.9715 0.0891
vn -0.5902 -0.7888 -0.1716
vn -0.9553 -0.0083 -0.2955
vn -0.5604 0.8063 -0.1895
vn 0.7614 0.6026 0.2390
vn 0.2551 0.9646 0.0672
vt 0.455968 0.785714
vt 0.507642 0.785714
vt 0.507642 0.750624
vt 0.455968 0.750624
vt 0.465124 0.785714
vt 0.465124 0.750624
vt 0.598786 0.783408
vt 0.525181 0.783408
vt 0.448255 0.750927
vt 0.510264 0.750927
vt 0.510264 0.785584
vt 0.459242 0.785584
vt 0.462634 0.749845
vt 0.507674 0.749845
vt 0.507674 0.786914
vt 0.462634 0.786914
vt 0.599354 0.713548
vt 0.599354 0.746084
vt 0.594840 0.743380
vt 0.594840 0.716252
vt 0.548042 0.743380
vt 0.548042 0.716252
vt 0.543229 0.746084
vt 0.543229 0.713548
vt 0.599354 0.746082
vt 0.594840 0.743378
vt 0.594840 0.716250
vt 0.548042 0.743378
vt 0.548042 0.716250
vt 0.543229 0.746082
vt 0.465731 0.701677
vt 0.519485 0.701677
vt 0.519485 0.719291
vt 0.465731 0.719291
vt 0.952741 0.876886
vt 0.999198 0.876886
vt 0.999198 0.923190
vt 0.952741 0.923190
vt 0.551255 0.721190
vt 0.551255 0.724281
vt 0.545110 0.724281
vt 0.545110 0.721190
vt 0.557351 0.721190
vt 0.557351 0.724281
vt 0.594076 0.721190
vt 0.594076 0.724281
vt 0.587930 0.724281
vt 0.587930 0.721190
vt 0.581834 0.721190
vt 0.581834 0.724281
vt 0.575738 0.721190
vt 0.575738 0.724281
vt 0.569593 0.724281
vt 0.569593 0.721190
vt 0.563447 0.724281
vt 0.563447 0.721190
vt 0.952950 0.865031
vt 0.952950 0.809438
vt 0.998705 0.809438
vt 0.998705 0.865031
vt 0.993994 0.975427
vt 0.976150 0.975427
vt 0.976150 0.989708
vt 0.993994 0.989708
vt 0.976151 0.975427
vt 0.976151 0.989708
vt 0.525180 0.783408
vt 0.598786 0.754448
vt 0.525181 0.754448
vt 0.563045 0.750391
vt 0.560913 0.750391
vt 0.560913 0.785971
vt 0.563045 0.785971
vt 0.563045 0.750391
vt 0.560913 0.750391
vt 0.560913 0.785971
vt 0.599152 0.766725
vt 0.599152 0.768478
vt 0.524751 0.768478
vt 0.524751 0.766725
vt 0.563045 0.785971
vt 0.563045 0.750391
vt 0.563045 0.785971
vt 0.560913 0.785971
vt 0.524751 0.766725
vt 0.524751 0.768478
vt 0.956861 0.925873
vt 0.963315 0.925873
vt 0.963315 0.998328
vt 0.956861 0.998328
vt 0.999192 0.994936
vt 0.952975 0.994936
vt 0.952975 0.933440
vt 0.999192 0.933440
vt 0.541984 0.734904
vt 0.541984 0.721101
vt 0.599600 0.721101
vt 0.599600 0.734904
vt 0.599419 0.740750
vt 0.599419 0.717055
vt 0.570741 0.717055
vt 0.570741 0.740750
vt 0.542063 0.740750
vt 0.542063 0.717055
vt 0.953939 0.927081
vt 0.953939 0.932326
vt 0.998205 0.932326
vt 0.998205 0.927081
vt 0.508515 0.752620
vt 0.508515 0.784686
vt 0.469222 0.784686
vt 0.469222 0.752620
vt 0.459522 0.751376
vt 0.498628 0.751376
vt 0.497697 0.753890
vt 0.460452 0.753890
vt 0.498628 0.785044
vt 0.499735 0.750387
vt 0.499735 0.786063
vt 0.505764 0.749955
vt 0.505763 0.786107
vt 0.471980 0.783938
vt 0.472059 0.752123
vt 0.517799 0.759210
vt 0.519017 0.780957
vt 0.462831 0.780957
vt 0.461437 0.756067
vt 0.461437 0.756066
vt 0.519017 0.780957
vt 0.459522 0.785044
vt 0.458414 0.786063
vt 0.458414 0.750387
vt 0.894886 0.671583
vt 0.903705 0.671583
vt 0.903705 0.688819
vt 0.894886 0.688819
vt 0.460452 0.782256
vt 0.497697 0.782256
vt 0.891290 0.669917
vt 0.907074 0.669917
vt 0.891290 0.690641
vt 0.907074 0.690641
vt 0.472055 0.752123
vt 0.471361 0.752166
vt 0.471982 0.751431
vt 0.469168 0.786302
vt 0.468361 0.784588
vt 0.471977 0.783938
vt 0.471901 0.784630
vt 0.471282 0.783895
vt 0.519156 0.782112
vt 0.520178 0.780958
vt 0.499846 0.786860
vt 0.500647 0.785269
vt 0.499847 0.749527
vt 0.500647 0.751126
vt 0.457502 0.751126
vt 0.458303 0.749527
vt 0.458303 0.786860
vt 0.457502 0.785269
vt 0.505767 0.749954
vt 0.505687 0.749263
vt 0.468361 0.752439
vt 0.505802 0.786806
vt 0.472018 0.784638
vt 0.505766 0.786107
vt 0.505685 0.786799
vt 0.462971 0.782116
vt 0.519156 0.782116
vt 0.518964 0.759268
vt 0.508568 0.786398
vt 0.469168 0.786398
vt 0.919699 0.871055
vt 0.902141 0.871055
vt 0.902141 0.863653
vt 0.919699 0.863653
vt 0.505360 0.750170
vt 0.461219 0.750170
vt 0.461219 0.787162
vt 0.505360 0.787162
vt 0.442237 0.744225
vt 0.442237 0.720248
vt 0.523954 0.720248
vt 0.523954 0.744225
vt 0.500466 0.746365
vt 0.443050 0.746340
vt 0.443050 0.742371
vt 0.500466 0.742371
vt 0.464493 0.748494
vt 0.500466 0.742371
vt 0.464456 0.742389
vt 0.464493 0.748494
vt 0.523421 0.748494
vt 0.523384 0.742389
vt 0.464456 0.742389
vt 0.500466 0.746365
vt 0.464420 0.748494
vt 0.446130 0.709988
vt 0.443901 0.709988
vt 0.443901 0.718329
vt 0.446130 0.718329
vt 0.455665 0.712584
vt 0.455613 0.709249
vt 0.445450 0.709510
vt 0.445193 0.711517
vt 0.454062 0.718505
vt 0.449104 0.718505
vt 0.449104 0.710164
vt 0.454062 0.710164
vt 0.455750 0.709988
vt 0.455750 0.718329
vt 0.445450 0.718329
vt 0.445450 0.709988
vt 0.489215 0.750170
vt 0.463536 0.750170
vt 0.461219 0.755920
vt 0.461219 0.781412
vt 0.463536 0.787162
vt 0.489215 0.787162
vt 0.443537 0.709988
vt 0.461297 0.709521
vt 0.463209 0.709988
vt 0.461296 0.709988
vt 0.461297 0.718797
vt 0.461296 0.718329
vt 0.463209 0.718329
vt 0.445450 0.718807
vt 0.443537 0.718329
vt 0.456945 0.709988
vt 0.456931 0.709238
vt 0.455765 0.719080
vt 0.444049 0.711309
vt 0.448412 0.709988
vt 0.450324 0.709521
vt 0.450324 0.713107
vt 0.448412 0.713107
vt 0.455325 0.709656
vt 0.456469 0.709865
vt 0.455814 0.713454
vt 0.454670 0.713246
vt 0.452349 0.712822
vt 0.453003 0.709233
vt 0.450808 0.709388
vt 0.451353 0.712641
vt 0.456945 0.718329
vt 0.456931 0.719080
vt 0.455765 0.709238
vt 0.493364 0.750170
vt 0.493364 0.787162
vt 0.454664 0.712892
vt 0.454682 0.709244
vt 0.450342 0.709517
vt 0.503043 0.750170
vt 0.503043 0.787162
vt 0.505360 0.781412
vt 0.505360 0.755920
vt 0.464317 0.716492
vt 0.464413 0.716588
vt 0.464306 0.716838
vt 0.464168 0.716838
vt 0.464663 0.716343
vt 0.464663 0.716481
vt 0.464413 0.717087
vt 0.464317 0.717183
vt 0.465010 0.717183
vt 0.464914 0.717087
vt 0.465021 0.716838
vt 0.465159 0.716838
vt 0.464663 0.717194
vt 0.464663 0.717332
vt 0.464914 0.716588
vt 0.465010 0.716492
vt 0.594646 0.934239
vt 0.594646 0.869280
vt 0.593404 0.869253
vt 0.593404 0.934212
vt 0.596636 0.934212
vt 0.596636 0.999171
vt 0.597792 0.999197
vt 0.597792 0.934239
vt 0.592788 0.869191
vt 0.592788 0.934150
vt 0.596219 0.934150
vt 0.596219 0.999108
vt 0.599034 0.999171
vt 0.599034 0.934212
vt 0.599650 0.999108
vt 0.599650 0.934150
vt 0.595803 0.934212
vt 0.595803 0.869253
vt 0.596219 0.934150
vt 0.596219 0.869191
vt 0.596219 0.966629
vt 0.595803 0.966691
vt 0.594646 0.966718
vt 0.599034 0.901733
vt 0.599650 0.901671
vt 0.597792 0.901760
vt 0.596219 0.901671
vt 0.596636 0.901733
vt 0.593404 0.966691
vt 0.592788 0.966629
vt 0.594646 0.999197
vt 0.593404 0.999171
vt 0.596636 0.869253
vt 0.597792 0.869280
vt 0.592788 0.999108
vt 0.596219 0.869191
vt 0.599034 0.869253
vt 0.599650 0.869191
vt 0.595803 0.999171
vt 0.596219 0.999108
vt 0.596219 0.950390
vt 0.595803 0.950452
vt 0.594646 0.950478
vt 0.599034 0.917972
vt 0.599650 0.917910
vt 0.597792 0.917999
vt 0.596219 0.917910
vt 0.596636 0.917972
vt 0.593404 0.950452
vt 0.592788 0.950390
vt 0.454041 0.750074
vt 0.507945 0.750074
vt 0.507945 0.786688
vt 0.454041 0.786688
vt 0.594708 0.901280
vt 0.594708 0.928653
vt 0.596868 0.928653
vt 0.596868 0.901280
vt 0.445663 0.764650
vt 0.521266 0.764650
vt 0.521266 0.784786
vt 0.445663 0.784786
vt 0.445663 0.750737
vt 0.521266 0.750738
vt 0.519803 0.757687
vt 0.449088 0.757687
vt 0.449088 0.781588
vt 0.494695 0.781588
vt 0.444494 0.756114
vt 0.521355 0.756114
vt 0.521355 0.780088
vt 0.444494 0.780088
vt 0.494695 0.781588
vt 0.449088 0.781588
vt 0.563606 0.630172
vt 0.420608 0.630172
vt 0.420608 0.622426
vt 0.563606 0.622426
vt 0.952622 0.796735
vt 0.952622 0.721396
vt 0.990375 0.721396
vt 0.990375 0.796735
vt 0.477215 0.551215
vt 0.544264 0.551215
vt 0.544264 0.582864
vt 0.477215 0.582864
vt 0.465124 0.768169
vt 0.507642 0.768169
vt 0.540615 0.750836
vt 0.559003 0.750836
vt 0.577392 0.750836
vt 0.577392 0.786943
vt 0.557016 0.786943
vt 0.540615 0.776206
vt 0.463992 0.770954
vt 0.463992 0.752111
vt 0.498499 0.752111
vt 0.498499 0.770954
vt 0.498499 0.786124
vt 0.463992 0.786124
vt 0.465124 0.785714
vt 0.891784 0.700438
vt 0.891784 0.661790
vt 0.921089 0.661790
vt 0.921089 0.700438
vt 0.891784 0.661790
vt 0.921089 0.661790
vt 0.955041 0.844817
vt 0.967742 0.844817
vt 0.962863 0.832030
vt 0.959920 0.832030
vt 0.889185 0.720804
vt 0.889185 0.639538
vt 0.923844 0.639538
vt 0.923844 0.720804
vt 0.932176 0.869346
vt 0.930922 0.869866
vt 0.929668 0.869346
vt 0.929148 0.868092
vt 0.929668 0.866838
vt 0.930922 0.866318
vt 0.932176 0.866838
vt 0.932696 0.868092
vt 0.959920 0.832030
vt 0.962863 0.832030
vt 0.962863 0.832030
vt 0.962864 0.832030
vt 0.959920 0.832030
vt 0.749999 0.490005
vt 0.919705 0.419702
vt 0.990000 0.250000
vt 0.919705 0.080298
vt 0.749999 0.009995
vt 0.580294 0.080298
vt 0.509999 0.250000
vt 0.580294 0.419702
vt 0.552469 0.772939
vt 0.577242 0.772939
vt 0.577242 0.761312
vt 0.552469 0.761312
vt 0.552469 0.772939
vt 0.577241 0.772939
vt 0.577241 0.761312
vt 0.552469 0.761312
vt 0.963475 0.824968
vt 0.963475 0.849740
vt 0.990188 0.875244
vt 0.990188 0.799463
vt 0.993738 0.799463
vt 0.993738 0.875244
vt 0.963475 0.849741
vt 0.963475 0.824968
vt 0.957067 0.821214
vt 0.995157 0.821214
vt 0.995157 0.853772
vt 0.957067 0.853772
vt 0.999173 0.861251
vt 0.953050 0.861251
vt 0.953050 0.813736
vt 0.999173 0.813736
vt 0.956668 0.852289
vt 0.992883 0.852289
vt 0.992883 0.815739
vt 0.956668 0.815739
vt 0.114477 0.422022
vt 0.114477 0.434867
vt 0.103330 0.430794
vt 0.103330 0.419900
vt 0.076712 0.422022
vt 0.076712 0.434867
vt 0.065565 0.430794
vt 0.065565 0.419900
vt 0.190005 0.422022
vt 0.190005 0.434867
vt 0.178859 0.430794
vt 0.178859 0.419900
vt 0.152241 0.422022
vt 0.152241 0.434867
vt 0.141094 0.430794
vt 0.141094 0.419900
vt 0.178858 0.375137
vt 0.190005 0.391799
vt 0.178859 0.395872
vt 0.167712 0.391799
vt 0.148338 0.441460
vt 0.129947 0.434867
vt 0.180791 0.443329
vt 0.167712 0.434867
vt 0.072906 0.444008
vt 0.054418 0.434867
vt 0.205476 0.434867
vt 0.207096 0.441358
vt 0.092183 0.434867
vt 0.095639 0.441495
vt 0.102781 0.473841
vt 0.140995 0.473841
vt 0.129947 0.391799
vt 0.141094 0.375137
vt 0.152241 0.391799
vt 0.141094 0.395872
vt 0.103330 0.395872
vt 0.092183 0.391799
vt 0.103330 0.375137
vt 0.114477 0.391799
vt 0.076712 0.391799
vt 0.065565 0.375137
vt 0.065565 0.395872
vt 0.054418 0.391799
vt 0.216623 0.375137
vt 0.205476 0.391799
vt 0.152241 0.404644
vt 0.141094 0.406766
vt 0.178859 0.406766
vt 0.167712 0.404644
vt 0.167712 0.422022
vt 0.190005 0.404644
vt 0.065565 0.406766
vt 0.054418 0.404644
vt 0.205476 0.404644
vt 0.054418 0.422022
vt 0.205476 0.422022
vt 0.076712 0.404644
vt 0.103330 0.406766
vt 0.092183 0.404644
vt 0.092183 0.422022
vt 0.114477 0.404644
vt 0.129947 0.404644
vt 0.129947 0.422022
s 0
usemtl Material
f 4/1/1 1/2/1 2/3/1 3/4/1
f 7/5/2 6/6/2 5/3/2 8/2/2
f 4/7/3 3/8/3 6/8/3 7/7/3
f 3/9/4 2/10/4 5/11/4 6/12/4
f 2/13/5 1/14/5 8/15/5 5/16/5
f 1/10/6 4/9/6 7/12/6 8/11/6
f 4/7/3 9/8/3 10/8/3 7/7/3
f 6/17/7 10/18/7 14/19/7 12/20/7
f 13/21/3 11/22/3 12/20/3 14/19/3
f 10/18/8 9/23/8 13/21/8 14/19/8
f 3/24/9 6/17/9 12/20/9 11/22/9
f 9/23/10 3/24/10 11/22/10 13/21/10
f 10/17/7 7/25/7 18/26/7 16/27/7
f 17/28/3 15/29/3 16/27/3 18/26/3
f 7/25/11 4/30/11 17/28/11 18/26/11
f 9/24/12 10/17/12 16/27/12 15/29/12
f 4/30/10 9/24/10 15/29/10 17/28/10
f 19/31/6 20/32/6 21/33/6 22/34/6
f 24/35/5 23/36/5 26/37/5 25/38/5
f 28/35/5 27/36/5 30/37/5 29/38/5
s 1
f 32/39/13 45/40/13 40/41/14 37/42/14
f 32/39/13 35/43/4 42/44/4 45/40/13
f 37/45/14 40/46/14 44/47/15 33/48/15
f 36/49/6 33/48/15 44/47/15 41/50/6
f 34/51/16 43/52/16 39/53/5 38/54/5
f 34/51/16 36/49/6 41/50/6 43/52/16
f 38/54/5 39/53/5 46/55/17 31/56/17
f 35/43/4 31/56/17 46/55/17 42/44/4
f 48/39/18 53/42/5 56/41/5 61/40/18
f 48/39/19 51/43/4 58/44/4 61/40/19
f 53/45/5 49/48/20 60/47/20 56/46/5
f 52/49/6 49/48/21 60/47/21 57/50/6
f 50/51/22 54/54/14 55/53/14 59/52/22
f 50/51/23 52/49/6 57/50/6 59/52/23
f 54/54/14 47/56/24 62/55/24 55/53/14
f 51/43/4 47/56/25 62/55/25 58/44/4
f 64/39/13 77/40/13 72/41/14 69/42/14
f 64/39/13 67/43/4 74/44/4 77/40/13
f 69/45/14 72/46/14 76/47/15 65/48/15
f 68/49/6 65/48/15 76/47/15 73/50/6
f 66/51/16 75/52/16 71/53/5 70/54/5
f 66/51/16 68/49/6 73/50/6 75/52/16
f 70/54/5 71/53/5 78/55/17 63/56/17
f 67/43/4 63/56/17 78/55/17 74/44/4
f 80/39/13 93/40/13 88/41/14 85/42/14
f 80/39/13 83/43/4 90/44/4 93/40/13
f 85/45/14 88/46/14 92/47/15 81/48/15
f 84/49/6 81/48/15 92/47/15 89/50/6
f 82/51/16 91/52/16 87/53/5 86/54/5
f 82/51/16 84/49/6 89/50/6 91/52/16
f 86/54/5 87/53/5 94/55/17 79/56/17
f 83/43/4 79/56/17 94/55/17 90/44/4
s 0
f 96/57/5 95/58/5 98/59/5 97/60/5
f 109/61/26 99/62/26 100/63/26 110/64/26
f 107/61/26 103/62/26 104/63/26 108/64/26
f 105/65/26 107/61/26 108/64/26 106/66/26
f 101/62/26 109/61/26 110/64/26 102/63/26
f 118/67/2 115/7/2 111/68/2 112/69/2
f 114/7/2 113/8/2 112/69/2 111/68/2
f 121/67/1 117/69/1 120/68/1 122/7/1
f 119/7/1 120/68/1 117/69/1 116/8/1
f 111/70/6 120/71/6 119/72/6 114/73/6
f 112/74/4 117/75/4 121/76/4 118/73/4
f 114/77/14 119/78/14 116/79/14 113/80/14
f 113/81/4 116/72/4 117/71/4 112/82/4
f 115/83/6 122/84/6 120/75/6 111/74/6
f 118/85/5 121/86/5 122/78/5 115/77/5
f 125/7/2 123/8/2 124/69/2 126/68/2
f 126/7/2 124/8/2 128/69/2 130/68/2
f 155/87/6 154/88/6 153/89/6 156/90/6
f 151/91/14 153/92/14 154/93/14 152/94/14
f 128/95/5 134/96/5 133/97/5 130/98/5
f 123/99/4 132/100/4 131/101/4 124/102/4
f 130/103/6 133/104/6 127/101/6 126/102/6
f 125/98/14 129/97/14 132/96/14 123/95/14
f 126/102/6 127/101/6 129/100/6 125/99/6
f 124/102/4 131/101/4 134/104/4 128/103/4
f 138/91/14 136/92/14 135/93/14 137/94/14
f 142/87/6 135/88/6 136/89/6 141/90/6
f 139/105/1 137/106/1 135/107/1 142/108/1
f 140/90/4 138/89/4 137/88/4 139/87/4
f 141/108/2 136/107/2 138/106/2 140/105/2
f 143/91/14 144/94/14 146/93/14 145/92/14
f 150/87/4 149/90/4 145/89/4 146/88/4
f 147/105/1 150/108/1 146/107/1 144/106/1
f 148/90/6 147/87/6 144/88/6 143/89/6
f 149/108/2 148/105/2 143/106/2 145/107/2
f 158/105/1 152/106/1 154/107/1 155/108/1
f 157/90/4 151/89/4 152/88/4 158/87/4
f 156/108/2 153/107/2 151/106/2 157/105/2
f 163/87/6 162/88/6 161/89/6 164/90/6
f 159/91/14 161/92/14 162/93/14 160/94/14
f 166/105/1 160/106/1 162/107/1 163/108/1
f 165/90/4 159/89/4 160/88/4 166/87/4
f 164/108/2 161/107/2 159/106/2 165/105/2
f 171/87/6 170/88/6 169/89/6 172/90/6
f 167/91/14 169/92/14 170/93/14 168/94/14
f 174/105/1 168/106/1 170/107/1 171/108/1
f 173/90/4 167/89/4 168/88/4 174/87/4
f 172/108/2 169/107/2 167/106/2 173/105/2
f 175/91/14 176/94/14 178/93/14 177/92/14
f 182/87/4 181/90/4 177/89/4 178/88/4
f 179/105/1 182/108/1 178/107/1 176/106/1
f 180/90/6 179/87/6 176/88/6 175/89/6
f 181/108/2 180/105/2 175/106/2 177/107/2
f 203/87/4 202/88/4 201/89/4 204/90/4
f 199/91/5 201/92/5 202/93/5 200/94/5
f 184/90/4 183/87/4 189/88/4 190/89/4
f 183/105/1 186/108/1 187/107/1 189/106/1
f 185/108/2 184/105/2 190/106/2 188/107/2
f 186/87/6 185/90/6 188/89/6 187/88/6
f 190/91/5 189/94/5 187/93/5 188/92/5
f 192/90/4 191/87/4 197/88/4 198/89/4
f 194/87/6 193/90/6 196/89/6 195/88/6
f 198/91/5 197/94/5 195/93/5 196/92/5
f 193/108/2 192/105/2 198/106/2 196/107/2
f 191/105/1 194/108/1 195/107/1 197/106/1
f 206/105/1 200/106/1 202/107/1 203/108/1
f 205/90/6 199/89/6 200/88/6 206/87/6
f 204/108/2 201/107/2 199/106/2 205/105/2
f 211/87/4 210/88/4 209/89/4 212/90/4
f 207/91/5 209/92/5 210/93/5 208/94/5
f 214/105/1 208/106/1 210/107/1 211/108/1
f 213/90/6 207/89/6 208/88/6 214/87/6
f 212/108/2 209/107/2 207/106/2 213/105/2
f 219/87/4 218/88/4 217/89/4 220/90/4
f 215/91/5 217/92/5 218/93/5 216/94/5
f 222/105/1 216/106/1 218/107/1 219/108/1
f 221/90/6 215/89/6 216/88/6 222/87/6
f 220/108/2 217/107/2 215/106/2 221/105/2
f 223/91/5 224/94/5 226/93/5 225/92/5
f 230/87/6 229/90/6 225/89/6 226/88/6
f 227/105/1 230/108/1 226/107/1 224/106/1
f 228/90/4 227/87/4 224/88/4 223/89/4
f 229/108/2 228/105/2 223/106/2 225/107/2
s 1
f 251/109/27 253/110/28 246/111/29 244/112/30
s 0
f 233/113/31 231/114/31 240/115/31 241/116/31
s 1
f 232/117/32 231/114/33 260/118/34 256/119/35
f 264/120/36 255/121/37 247/122/38 252/123/39
f 245/124/40 248/125/41 257/126/42 259/127/43
f 262/128/44 265/126/45 254/129/46 250/124/47
f 234/130/48 232/117/32 256/119/35 266/131/49
f 233/113/50 234/130/48 266/131/49 261/132/51
f 231/114/33 233/113/50 261/132/51 260/118/34
f 236/133/52 235/134/53 238/135/54 237/136/55
s 0
f 232/117/56 234/130/56 242/137/56 239/138/56
f 231/114/57 232/117/57 239/138/57 240/115/57
f 234/130/58 233/113/58 241/116/58 242/137/58
s 1
f 235/134/53 236/133/52 240/139/59 239/140/60
f 236/133/52 237/136/55 241/141/61 240/139/59
f 238/135/54 235/134/53 239/140/60 242/142/62
f 237/136/55 238/135/54 242/142/62 241/141/61
f 243/143/63 244/144/30 245/145/40
f 246/111/29 247/146/38 248/147/41
f 249/148/64 250/149/47 251/150/27
f 252/151/39 253/152/28 254/129/46
f 255/153/37 256/119/35 257/154/42
f 258/155/65 259/156/43 260/118/34
f 261/132/51 262/157/44 263/158/66
f 264/159/36 265/160/45 266/131/49
f 258/161/65 243/143/63 245/145/40 259/162/43
f 244/112/30 246/111/29 248/147/41 245/163/40
f 247/122/38 255/121/37 257/164/42 248/165/41
f 256/119/35 260/118/34 259/156/43 257/154/42
f 263/158/66 258/155/65 260/118/34 261/132/51
f 255/153/37 264/159/36 266/131/49 256/119/35
f 265/160/45 262/157/44 261/132/51 266/131/49
f 249/148/64 263/166/66 262/167/44 250/149/47
f 264/168/36 252/169/39 254/129/46 265/126/45
f 253/152/28 251/170/27 250/124/47 254/129/46
f 243/143/63 249/148/64 251/150/27 244/144/30
f 252/171/39 247/172/38 246/111/29 253/110/28
f 258/161/65 263/166/66 249/148/64 243/143/63
f 268/173/67 269/174/67 270/175/67 267/176/67
f 271/177/68 273/178/69 274/179/70 272/180/71
s 0
f 275/181/72 276/182/72 278/183/72 277/184/72
s 1
f 272/185/71 274/186/70 278/187/73 276/188/74
f 271/189/68 272/185/71 276/190/74 275/191/75
f 273/192/69 271/193/68 275/194/75 277/195/76
f 274/196/70 273/197/69 277/191/76 278/190/73
f 281/198/77 288/199/78 298/200/79 280/201/80
f 304/202/81 300/203/82 287/204/83 282/205/84
f 283/206/85 294/207/86 292/208/87 286/209/88
f 299/210/89 301/211/90 297/212/91 289/213/92
f 304/214/81 282/215/84 281/216/77 280/217/80 279/218/93 303/219/94
f 287/204/83 289/213/92 288/220/78
f 290/221/95 292/222/87 291/223/96
f 293/224/97 295/225/98 294/226/86
f 296/227/99 298/228/79 297/212/91
f 305/229/100 309/230/101 290/221/95 291/223/96
f 301/211/90 302/231/102 296/227/99 297/212/91
f 288/199/78 289/213/92 297/212/91 298/200/79
f 291/223/96 292/222/87 294/226/86 295/225/98
f 279/205/93 280/232/80 298/220/79 296/204/99
f 287/204/83 288/220/78 281/232/77 282/205/84
f 292/233/87 290/234/95 285/235/103 286/236/88
f 293/237/97 294/238/86 283/239/85 284/240/104
f 307/241/105 306/242/106 293/237/97 284/240/104
f 279/205/93 296/204/99 302/243/102 303/244/94
f 310/245/107 306/246/106 302/231/102 301/211/90
f 289/213/92 287/204/83 300/247/82 299/210/89
f 308/248/81 304/214/81 303/219/94 307/249/105
f 305/229/100 310/245/107 301/211/90 299/210/89
f 308/250/81 309/251/101 300/203/82 304/202/81
f 285/235/103 290/252/95 309/251/101 308/250/81
f 291/223/96 295/225/98 310/245/107 305/229/100
f 285/253/103 308/248/81 307/249/105 284/254/104 283/255/85 286/256/88
f 295/225/98 293/224/97 306/246/106 310/245/107
f 303/244/94 302/243/102 306/242/106 307/241/105
f 299/210/89 300/247/82 309/230/101 305/229/100
f 312/257/108 320/258/109 323/259/110 315/260/111
f 317/261/112 325/262/113 320/258/109 312/257/108
f 315/260/111 323/259/110 321/263/114 313/264/115
f 314/265/116 322/266/117 324/267/118 316/268/119
f 313/264/115 321/263/114 326/269/120 318/270/121
f 318/270/121 326/269/120 322/266/117 314/265/116
f 316/268/119 324/267/118 319/271/122 311/272/123
f 311/272/123 319/271/122 325/262/113 317/261/112
f 335/273/124 331/274/125 329/275/126 336/276/127
f 337/277/128 330/278/129 332/279/130 338/280/131
f 336/276/127 329/275/126 334/281/132 339/282/133
f 339/283/133 334/284/132 330/278/129 337/277/128
f 338/280/131 332/279/130 327/285/134 340/286/135
f 340/286/135 327/285/134 333/287/136 341/288/137
f 342/289/138 328/290/139 331/274/125 335/273/124
f 341/291/137 333/292/136 328/290/139 342/289/138
f 350/293/140 341/291/137 342/289/138 345/294/141
f 345/294/141 342/289/138 335/273/124 343/295/142
f 349/296/143 340/286/135 341/288/137 350/297/140
f 347/298/144 338/280/131 340/286/135 349/296/143
f 348/299/145 339/283/133 337/277/128 344/300/146
f 346/301/147 336/276/127 339/282/133 348/302/145
f 344/300/146 337/277/128 338/280/131 347/298/144
f 343/295/142 335/273/124 336/276/127 346/301/147
f 323/303/110 343/295/142 346/301/147 321/304/114
f 322/305/117 344/300/146 347/298/144 324/306/118
f 321/304/114 346/301/147 348/302/145 326/307/120
f 326/308/120 348/299/145 344/300/146 322/305/117
f 324/306/118 347/298/144 349/296/143 319/309/122
f 319/309/122 349/296/143 350/297/140 325/310/113
f 320/311/109 345/294/141 343/295/142 323/303/110
f 325/312/113 350/293/140 345/294/141 320/311/109
f 352/257/148 360/258/149 363/259/150 355/260/151
f 357/261/152 365/262/153 360/258/149 352/257/148
f 355/260/151 363/259/150 361/263/154 353/264/155
f 354/265/156 362/266/157 364/267/158 356/268/159
f 353/264/155 361/263/154 366/269/160 358/270/161
f 358/270/161 366/269/160 362/266/157 354/265/156
f 356/268/159 364/267/158 359/271/162 351/272/163
f 351/272/163 359/271/162 365/262/153 357/261/152
f 375/273/164 371/274/165 369/275/166 376/276/167
f 377/277/168 370/278/169 372/279/170 378/280/171
f 376/276/167 369/275/166 374/281/172 379/282/173
f 379/283/173 374/284/172 370/278/169 377/277/168
f 378/280/171 372/279/170 367/285/174 380/286/175
f 380/286/175 367/285/174 373/287/176 381/288/177
f 382/289/178 368/290/179 371/274/165 375/273/164
f 381/291/177 373/292/176 368/290/179 382/289/178
f 392/313/180 381/291/177 382/289/178 395/314/181
f 395/314/181 382/289/178 375/273/164 393/315/182
f 391/316/183 380/286/175 381/288/177 392/317/180
f 389/318/184 378/280/171 380/286/175 391/316/183
f 390/319/185 379/283/173 377/277/168 394/320/186
f 388/321/187 376/276/167 379/282/173 390/322/185
f 394/320/186 377/277/168 378/280/171 389/318/184
f 393/315/182 375/273/164 376/276/167 388/321/187
f 363/303/150 383/295/188 385/301/189 361/304/154
f 362/305/157 406/300/190 408/298/191 364/306/158
f 361/304/154 385/301/189 386/302/192 366/307/160
f 366/308/160 386/299/192 406/300/190 362/305/157
f 364/306/158 408/298/191 404/296/193 359/309/162
f 359/309/162 404/296/193 387/297/194 365/310/153
f 360/311/149 384/294/195 383/295/188 363/303/150
f 365/312/153 387/293/194 384/294/195 360/311/149
f 383/295/188 393/315/182 388/321/187 385/301/189
f 406/300/196 394/320/186 389/318/184 408/298/197
f 385/301/189 388/321/187 390/322/185 386/302/198
f 386/299/198 390/319/185 394/320/186 406/300/196
f 408/298/197 389/318/184 391/316/183 404/296/199
f 404/296/199 391/316/183 392/317/180 387/297/194
f 384/294/195 395/314/181 393/315/182 383/295/188
f 387/293/194 392/313/180 395/314/181 384/294/195
f 334/284/132 403/284/200 399/278/201 330/278/129
f 332/279/130 401/279/202 396/285/203 327/285/134
f 327/285/134 396/285/203 402/287/204 333/287/136
f 328/290/139 397/290/205 400/274/206 331/274/125
f 333/292/136 402/292/204 397/290/205 328/290/139
f 331/274/125 400/274/206 398/275/207 329/275/126
f 330/278/129 399/278/201 401/279/202 332/279/130
f 329/275/126 398/275/207 403/281/200 334/281/132
f 401/279/202 408/279/208 404/285/209 396/285/203
f 396/285/203 404/285/209 387/287/210 402/287/204
f 397/290/205 405/290/211 407/274/212 400/274/206
f 402/292/204 387/292/210 405/290/211 397/290/205
f 400/274/206 407/274/212 385/275/213 398/275/207
f 399/278/201 406/278/214 408/279/208 401/279/202
f 398/275/207 385/275/213 386/281/215 403/281/200
f 403/284/200 386/284/215 406/278/214 399/278/201
s 0
f 412/1/1 409/2/1 410/3/1 411/4/1
f 415/5/2 414/6/2 413/3/2 416/2/2
f 412/7/3 411/8/3 414/8/3 415/7/3
f 411/9/4 410/10/4 413/11/4 414/12/4
f 410/13/5 409/14/5 416/15/5 413/16/5
f 409/10/6 412/9/6 415/12/6 416/11/6
f 412/7/3 417/8/3 418/8/3 415/7/3
f 414/17/7 418/18/7 422/19/7 420/20/7
f 421/21/3 419/22/3 420/20/3 422/19/3
f 418/18/8 417/23/8 421/21/8 422/19/8
f 411/24/9 414/17/9 420/20/9 419/22/9
f 417/23/10 411/24/10 419/22/10 421/21/10
f 418/17/7 415/25/7 426/26/7 424/27/7
f 425/28/3 423/29/3 424/27/3 426/26/3
f 415/25/11 412/30/11 425/28/11 426/26/11
f 417/24/12 418/17/12 424/27/12 423/29/12
f 412/30/10 417/24/10 423/29/10 425/28/10
f 427/31/6 428/32/6 429/33/6 430/34/6
f 432/35/5 431/36/5 434/37/5 433/38/5
f 436/35/5 435/36/5 438/37/5 437/38/5
s 1
f 440/39/13 453/40/13 448/41/14 445/42/14
f 440/39/13 443/43/4 450/44/4 453/40/13
f 445/45/14 448/46/14 452/47/15 441/48/15
f 444/49/6 441/48/15 452/47/15 449/50/6
f 442/51/16 451/52/16 447/53/5 446/54/5
f 442/51/16 444/49/6 449/50/6 451/52/16
f 446/54/5 447/53/5 454/55/17 439/56/17
f 443/43/4 439/56/17 454/55/17 450/44/4
f 456/39/13 469/40/13 464/41/14 461/42/14
f 456/39/13 459/43/4 466/44/4 469/40/13
f 461/45/14 464/46/14 468/47/15 457/48/15
f 460/49/6 457/48/15 468/47/15 465/50/6
f 458/51/16 467/52/16 463/53/5 462/54/5
f 458/51/16 460/49/6 465/50/6 467/52/16
f 462/54/5 463/53/5 470/55/17 455/56/17
f 459/43/4 455/56/17 470/55/17 466/44/4
f 472/39/13 485/40/13 480/41/14 477/42/14
f 472/39/13 475/43/4 482/44/4 485/40/13
f 477/45/14 480/46/14 484/47/15 473/48/15
f 476/49/6 473/48/15 484/47/15 481/50/6
f 474/51/16 483/52/16 479/53/5 478/54/5
f 474/51/16 476/49/6 481/50/6 483/52/16
f 478/54/5 479/53/5 486/55/17 471/56/17
f 475/43/4 471/56/17 486/55/17 482/44/4
f 488/39/13 501/40/13 496/41/14 493/42/14
f 488/39/13 491/43/4 498/44/4 501/40/13
f 493/45/14 496/46/14 500/47/15 489/48/15
f 492/49/6 489/48/15 500/47/15 497/50/6
f 490/51/16 499/52/16 495/53/5 494/54/5
f 490/51/16 492/49/6 497/50/6 499/52/16
f 494/54/5 495/53/5 502/55/17 487/56/17
f 491/43/4 487/56/17 502/55/17 498/44/4
s 0
f 504/57/5 503/58/5 506/59/5 505/60/5
f 517/61/26 507/62/26 508/63/26 518/64/26
f 515/61/26 511/62/26 512/63/26 516/64/26
f 513/65/26 515/61/26 516/64/26 514/66/26
f 509/62/26 517/61/26 518/64/26 510/63/26
f 522/91/14 520/92/14 519/93/14 521/94/14
f 526/87/216 519/88/216 520/89/216 525/90/216
f 523/105/217 521/106/217 519/107/217 526/108/217
f 524/90/218 522/89/218 521/88/218 523/87/218
f 525/108/219 520/107/219 522/106/219 524/105/219
f 530/1/1 527/2/1 528/3/1 529/4/1
f 533/5/2 532/6/2 531/3/2 534/2/2
f 530/7/14 529/8/14 532/8/14 533/7/14
f 529/323/4 528/324/4 531/325/4 532/326/4
f 528/13/5 527/14/5 534/15/5 531/16/5
f 527/324/6 530/323/6 533/326/6 534/325/6
f 537/31/6 538/32/6 539/33/6 540/34/6
f 542/35/5 541/36/5 544/37/5 543/38/5
f 546/35/5 545/36/5 548/37/5 547/38/5
s 1
f 550/39/13 563/40/13 558/41/14 555/42/14
f 550/39/13 553/43/4 560/44/4 563/40/13
f 555/45/14 558/46/14 562/47/15 551/48/15
f 554/49/6 551/48/15 562/47/15 559/50/6
f 552/51/16 561/52/16 557/53/5 556/54/5
f 552/51/16 554/49/6 559/50/6 561/52/16
f 556/54/5 557/53/5 564/55/17 549/56/17
f 553/43/4 549/56/17 564/55/17 560/44/4
f 566/39/13 579/40/13 574/41/14 571/42/14
f 566/39/13 569/43/4 576/44/4 579/40/13
f 571/45/14 574/46/14 578/47/15 567/48/15
f 570/49/6 567/48/15 578/47/15 575/50/6
f 568/51/16 577/52/16 573/53/5 572/54/5
f 568/51/16 570/49/6 575/50/6 577/52/16
f 572/54/5 573/53/5 580/55/17 565/56/17
f 569/43/4 565/56/17 580/55/17 576/44/4
f 582/39/13 595/40/13 590/41/14 587/42/14
f 582/39/13 585/43/4 592/44/4 595/40/13
f 587/45/14 590/46/14 594/47/15 583/48/15
f 586/49/6 583/48/15 594/47/15 591/50/6
f 584/51/16 593/52/16 589/53/5 588/54/5
f 584/51/16 586/49/6 591/50/6 593/52/16
f 588/54/5 589/53/5 596/55/17 581/56/17
f 585/43/4 581/56/17 596/55/17 592/44/4
f 598/39/13 611/40/13 606/41/14 603/42/14
f 598/39/13 601/43/4 608/44/4 611/40/13
f 603/45/14 606/46/14 610/47/15 599/48/15
f 602/49/6 599/48/15 610/47/15 607/50/6
f 600/51/16 609/52/16 605/53/5 604/54/5
f 600/51/16 602/49/6 607/50/6 609/52/16
f 604/54/5 605/53/5 612/55/17 597/56/17
f 601/43/4 597/56/17 612/55/17 608/44/4
s 0
f 614/57/5 613/58/5 616/59/5 615/60/5
f 536/35/5 535/36/5 618/37/5 617/38/5
f 620/35/5 619/36/5 622/37/5 621/38/5
f 623/327/220 635/328/220 625/329/220 624/330/220
f 624/330/221 625/329/221 627/328/221 626/327/221
f 626/327/222 627/328/222 639/329/222 628/330/222
f 628/330/223 639/329/223 630/328/223 629/327/223
f 629/327/224 630/328/224 641/329/224 631/330/224
f 631/330/225 641/329/225 633/328/225 632/327/225
f 632/327/226 633/328/226 642/329/226 634/330/226
f 634/330/227 642/329/227 635/328/227 623/327/227
f 635/327/220 636/328/220 637/329/220 625/330/220
f 625/330/228 637/329/228 638/328/228 627/327/228
f 627/327/229 638/328/229 640/329/229 639/330/229
f 639/330/223 640/329/223 644/328/223 630/327/223
f 630/327/224 644/328/224 645/329/224 641/330/224
f 641/330/225 645/329/225 647/328/225 633/327/225
f 633/327/226 647/328/226 643/329/226 642/330/226
f 642/330/227 643/329/227 636/328/227 635/327/227
f 636/327/230 650/328/230 652/329/230 637/330/230
f 637/330/231 652/329/231 653/328/231 638/327/231
f 638/327/232 653/328/232 654/329/232 640/330/232
f 640/330/233 654/329/233 656/328/233 644/327/233
f 644/327/234 656/328/234 646/329/234 645/330/234
f 645/330/235 646/329/235 648/328/235 647/327/235
f 647/327/236 648/328/236 649/329/236 643/330/236
f 643/330/237 649/329/237 650/328/237 636/327/237
f 650/327/238 651/328/238 657/329/238 652/330/238
f 652/330/239 657/329/239 658/328/239 653/327/239
f 653/327/240 658/328/240 655/329/240 654/330/240
f 654/330/241 655/329/241 659/328/241 656/327/241
f 656/327/242 659/328/242 661/329/242 646/330/242
f 646/330/243 661/329/243 662/328/243 648/327/243
f 648/327/244 662/328/244 663/329/244 649/330/244
f 649/330/245 663/329/245 651/328/245 650/327/245
f 651/327/246 664/328/246 665/329/246 657/330/246
f 657/330/247 665/329/247 667/328/247 658/327/247
f 658/327/248 667/328/248 668/329/248 655/330/248
f 655/330/249 668/329/249 660/328/249 659/327/249
f 659/327/250 660/328/250 671/329/250 661/330/250
f 661/330/251 671/329/251 673/328/251 662/327/251
f 662/327/252 673/328/252 674/329/252 663/330/252
f 663/330/253 674/329/253 664/328/253 651/327/253
f 664/327/254 676/328/254 666/329/254 665/330/254
f 665/330/255 666/329/255 679/328/255 667/327/255
f 667/327/256 679/328/256 669/329/256 668/330/256
f 668/330/257 669/329/257 670/328/257 660/327/257
f 660/327/258 670/328/258 672/329/258 671/330/258
f 671/330/259 672/329/259 682/328/259 673/327/259
f 673/327/260 682/328/260 675/329/260 674/330/260
f 674/330/261 675/329/261 676/328/261 664/327/261
f 676/327/262 677/328/262 678/329/262 666/330/262
f 666/330/263 678/329/263 680/328/263 679/327/263
f 679/327/264 680/328/264 687/329/264 669/330/264
f 669/330/265 687/329/265 681/328/265 670/327/265
f 670/327/266 681/328/266 690/329/266 672/330/266
f 672/330/267 690/329/267 692/328/267 682/327/267
f 682/327/268 692/328/268 683/329/268 675/330/268
f 675/330/269 683/329/269 677/328/269 676/327/269
f 677/327/270 684/328/270 685/329/270 678/330/270
f 678/330/271 685/329/271 686/328/271 680/327/271
f 680/327/272 686/328/272 688/329/272 687/330/272
f 687/330/273 688/329/273 689/328/273 681/327/273
f 681/327/274 689/328/274 691/329/274 690/330/274
f 690/330/275 691/329/275 693/328/275 692/327/275
f 692/327/276 693/328/276 694/329/276 683/330/276
f 683/330/277 694/329/277 684/328/277 677/327/277
f 702/67/2 699/7/2 695/68/2 696/69/2
f 698/7/2 697/8/2 696/69/2 695/68/2
f 705/67/1 701/69/1 704/68/1 706/7/1
f 703/7/1 704/68/1 701/69/1 700/8/1
f 695/70/6 704/71/6 703/72/6 698/73/6
f 696/74/4 701/75/4 705/76/4 702/73/4
f 698/77/14 703/78/14 700/79/14 697/80/14
f 697/81/4 700/72/4 701/71/4 696/82/4
f 699/83/6 706/84/6 704/75/6 695/74/6
f 702/85/5 705/86/5 706/78/5 699/77/5
f 709/7/2 707/8/2 708/69/2 710/68/2
f 710/7/2 708/8/2 712/69/2 714/68/2
f 739/87/6 738/88/6 737/89/6 740/90/6
f 735/91/14 737/92/14 738/93/14 736/94/14
f 712/95/5 718/96/5 717/97/5 714/98/5
f 707/99/4 716/100/4 715/101/4 708/102/4
f 714/103/6 717/104/6 711/101/6 710/102/6
f 709/98/14 713/97/14 716/96/14 707/95/14
f 710/102/6 711/101/6 713/100/6 709/99/6
f 708/102/4 715/101/4 718/104/4 712/103/4
f 722/91/14 720/92/14 719/93/14 721/94/14
f 726/87/6 719/88/6 720/89/6 725/90/6
f 723/105/1 721/106/1 719/107/1 726/108/1
f 724/90/4 722/89/4 721/88/4 723/87/4
f 725/108/2 720/107/2 722/106/2 724/105/2
f 727/91/14 728/94/14 730/93/14 729/92/14
f 734/87/4 733/90/4 729/89/4 730/88/4
f 731/105/1 734/108/1 730/107/1 728/106/1
f 732/90/6 731/87/6 728/88/6 727/89/6
f 733/108/2 732/105/2 727/106/2 729/107/2
f 742/105/1 736/106/1 738/107/1 739/108/1
f 741/90/4 735/89/4 736/88/4 742/87/4
f 740/108/2 737/107/2 735/106/2 741/105/2
f 747/87/6 746/88/6 745/89/6 748/90/6
f 743/91/14 745/92/14 746/93/14 744/94/14
f 750/105/1 744/106/1 746/107/1 747/108/1
f 749/90/4 743/89/4 744/88/4 750/87/4
f 748/108/2 745/107/2 743/106/2 749/105/2
f 755/87/6 754/88/6 753/89/6 756/90/6
f 751/91/14 753/92/14 754/93/14 752/94/14
f 758/105/1 752/106/1 754/107/1 755/108/1
f 757/90/4 751/89/4 752/88/4 758/87/4
f 756/108/2 753/107/2 751/106/2 757/105/2
f 759/91/14 760/94/14 762/93/14 761/92/14
f 766/87/4 765/90/4 761/89/4 762/88/4
f 763/105/1 766/108/1 762/107/1 760/106/1
f 764/90/6 763/87/6 760/88/6 759/89/6
f 765/108/2 764/105/2 759/106/2 761/107/2
f 787/87/4 786/88/4 785/89/4 788/90/4
f 783/91/5 785/92/5 786/93/5 784/94/5
f 768/90/4 767/87/4 773/88/4 774/89/4
f 767/105/1 770/108/1 771/107/1 773/106/1
f 769/108/2 768/105/2 774/106/2 772/107/2
f 770/87/6 769/90/6 772/89/6 771/88/6
f 774/91/5 773/94/5 771/93/5 772/92/5
f 776/90/4 775/87/4 781/88/4 782/89/4
f 778/87/6 777/90/6 780/89/6 779/88/6
f 782/91/5 781/94/5 779/93/5 780/92/5
f 777/108/2 776/105/2 782/106/2 780/107/2
f 775/105/1 778/108/1 779/107/1 781/106/1
f 790/105/1 784/106/1 786/107/1 787/108/1
f 789/90/6 783/89/6 784/88/6 790/87/6
f 788/108/2 785/107/2 783/106/2 789/105/2
f 795/87/4 794/88/4 793/89/4 796/90/4
f 791/91/5 793/92/5 794/93/5 792/94/5
f 798/105/1 792/106/1 794/107/1 795/108/1
f 797/90/6 791/89/6 792/88/6 798/87/6
f 796/108/2 793/107/2 791/106/2 797/105/2
f 803/87/4 802/88/4 801/89/4 804/90/4
f 799/91/5 801/92/5 802/93/5 800/94/5
f 806/105/1 800/106/1 802/107/1 803/108/1
f 805/90/6 799/89/6 800/88/6 806/87/6
f 804/108/2 801/107/2 799/106/2 805/105/2
f 807/91/5 808/94/5 810/93/5 809/92/5
f 814/87/6 813/90/6 809/89/6 810/88/6
f 811/105/1 814/108/1 810/107/1 808/106/1
f 812/90/4 811/87/4 808/88/4 807/89/4
f 813/108/2 812/105/2 807/106/2 809/107/2
f 818/1/1 815/2/1 816/3/1 817/4/1
f 821/331/2 820/332/2 819/333/2 822/334/2
f 818/335/278 817/336/278 820/332/278 821/331/278
f 817/337/4 816/338/4 819/339/4 820/340/4
f 816/341/5 815/342/5 822/343/5 819/344/5
f 815/338/6 818/337/6 821/345/6 822/346/6
s 1
f 824/39/13 837/40/13 832/41/14 829/42/14
f 824/39/13 827/43/4 834/44/4 837/40/13
f 829/45/14 832/46/14 836/47/15 825/48/15
f 828/49/6 825/48/15 836/47/15 833/50/6
f 826/51/16 835/52/16 831/53/5 830/54/5
f 826/51/16 828/49/6 833/50/6 835/52/16
f 830/54/5 831/53/5 838/55/17 823/56/17
f 827/43/4 823/56/17 838/55/17 834/44/4
f 840/39/13 853/40/13 848/41/14 845/42/14
f 840/39/13 843/43/4 850/44/4 853/40/13
f 845/45/14 848/46/14 852/47/15 841/48/15
f 844/49/6 841/48/15 852/47/15 849/50/6
f 842/51/16 851/52/16 847/53/5 846/54/5
f 842/51/16 844/49/6 849/50/6 851/52/16
f 846/54/5 847/53/5 854/55/17 839/56/17
f 843/43/4 839/56/17 854/55/17 850/44/4
f 856/39/13 869/40/13 864/41/14 861/42/14
f 856/39/13 859/43/4 866/44/4 869/40/13
f 861/45/14 864/46/14 868/47/15 857/48/15
f 860/49/6 857/48/15 868/47/15 865/50/6
f 858/51/16 867/52/16 863/53/5 862/54/5
f 858/51/16 860/49/6 865/50/6 867/52/16
f 862/54/5 863/53/5 870/55/17 855/56/17
f 859/43/4 855/56/17 870/55/17 866/44/4
f 872/39/13 885/40/13 880/41/14 877/42/14
f 872/39/13 875/43/4 882/44/4 885/40/13
f 877/45/14 880/46/14 884/47/15 873/48/15
f 876/49/6 873/48/15 884/47/15 881/50/6
f 874/51/16 883/52/16 879/53/5 878/54/5
f 874/51/16 876/49/6 881/50/6 883/52/16
f 878/54/5 879/53/5 886/55/17 871/56/17
f 875/43/4 871/56/17 886/55/17 882/44/4
s 0
f 889/347/2 888/348/2 887/349/2 890/350/2
f 892/351/278 891/352/278 893/353/278 894/354/278
f 897/355/278 898/356/278 896/357/278 895/358/278
f 906/359/1 905/360/1 899/3/1 900/6/1
f 901/361/14 906/362/14 900/363/14 904/364/14 907/365/14 908/366/14
f 901/5/1 902/2/1 905/360/1 906/359/1
f 907/367/2 904/368/2 903/369/2 910/370/2
f 899/363/5 905/362/5 902/361/5 909/366/5 910/365/5 903/364/5
f 900/6/4 899/3/4 903/3/4 904/6/4
f 907/367/279 910/370/279 909/371/279 908/372/279
f 902/2/6 901/5/6 908/373/6 909/2/6
s 1
f 911/374/280 912/375/281 914/376/282 913/377/283
f 913/377/283 914/376/282 916/378/284 915/374/285
f 915/374/285 916/378/284 918/376/286 917/377/287
f 917/377/287 918/376/286 920/375/288 919/374/289
f 919/374/289 920/375/288 922/379/290 921/377/291
f 921/377/291 922/379/290 924/375/292 923/374/293
f 920/380/288 918/381/286 930/382/294 931/383/295
f 923/374/293 924/375/292 926/379/296 925/377/297
f 925/377/297 926/379/296 912/375/281 911/374/280
f 919/384/289 921/385/291 940/386/298 939/387/1
f 927/388/299 928/389/300 934/390/301 933/391/302 932/392/303 931/393/295 930/394/294 929/395/304
f 926/381/296 924/380/292 933/396/302 934/397/301
f 916/380/284 914/381/282 927/398/299 929/383/304
f 922/381/290 920/380/288 931/383/295 932/399/303
f 912/380/281 926/381/296 934/397/301 928/400/300
f 914/381/282 912/380/281 928/400/300 927/398/299
f 918/381/286 916/380/284 929/383/304 930/382/294
f 924/380/292 922/381/290 932/399/303 933/396/302
s 0
f 935/401/6 936/402/6 937/403/6 938/404/6 939/405/6 940/406/6 941/407/6 942/408/6
s 1
f 925/385/297 911/384/280 935/387/2 942/386/305
f 911/384/280 913/385/283 936/386/306 935/387/2
f 915/384/285 917/385/287 938/386/307 937/387/5
f 921/385/291 923/384/293 941/387/14 940/386/298
f 917/385/287 919/384/289 939/387/1 938/386/307
f 923/384/293 925/385/297 942/386/305 941/387/14
f 913/385/283 915/384/285 937/387/5 936/386/306
s 0
f 945/409/14 944/410/14 948/411/14 949/412/14
f 943/413/5 946/414/5 952/415/5 947/416/5
f 947/417/308 952/418/308 954/419/308 951/420/308
f 944/410/4 943/413/4 947/416/4 948/411/4
f 950/419/4 951/420/4 959/421/4 962/422/4
f 946/414/6 945/409/6 949/412/6 952/415/6
f 948/423/309 947/417/309 951/420/309 950/419/309
f 952/418/310 949/424/310 953/420/310 954/419/310
f 949/424/311 948/423/311 950/419/311 953/420/311
f 957/425/2 958/426/2 955/427/2 956/428/2
f 953/420/14 950/419/14 962/422/14 961/421/14
f 954/419/6 953/420/6 961/421/6 960/422/6
f 951/420/5 954/419/5 960/422/5 959/421/5
f 956/428/312 955/427/312 959/429/312 960/430/312
f 958/426/313 957/425/313 961/431/313 962/432/313
f 957/425/314 956/428/314 960/430/314 961/431/314
f 955/427/315 958/426/315 962/432/315 959/429/315
f 964/433/4 963/434/4 965/435/4 966/436/4
s 1
f 1022/437/316 980/438/317 970/439/318 981/440/319
f 1018/441/320 986/442/321 974/443/322 987/444/323
f 1014/445/324 992/446/325 972/447/326 993/448/327
f 1010/449/328 998/450/329 968/451/330 978/452/331
f 1006/453/332 989/454/333 971/455/334 996/456/335
f 1002/457/336 979/458/337 968/451/330 998/450/329
f 992/446/325 1000/459/338 997/460/339 972/447/326
f 1000/459/338 1002/457/336 998/450/329 997/460/339
f 974/443/322 986/442/321 999/461/340 991/462/341
f 991/463/341 999/464/340 1000/459/338 992/446/325
f 986/442/321 985/465/342 1001/466/343 999/461/340
f 999/467/340 1001/466/343 1002/457/336 1000/468/338
f 985/465/342 970/439/318 980/438/317 1001/466/343
f 1001/466/343 980/438/317 979/458/337 1002/457/336
f 976/469/344 1004/470/345 995/471/346 967/472/347
f 1004/470/345 1006/453/332 996/456/335 995/471/346
f 969/473/348 984/474/349 1003/475/350 975/476/351
f 975/476/351 1003/475/350 1004/470/345 976/469/344
f 984/474/349 983/477/352 1005/478/353 1003/475/350
f 1003/475/350 1005/478/353 1006/453/332 1004/470/345
f 983/477/352 973/479/354 990/480/355 1005/478/353
f 1005/481/353 990/482/355 989/454/333 1006/453/332
f 995/471/346 1008/483/356 977/484/357 967/472/347
f 1008/483/356 1010/449/328 978/452/331 977/484/357
f 971/455/334 994/485/358 1007/486/359 996/456/335
f 996/456/335 1007/486/359 1008/483/356 995/471/346
f 994/485/358 993/448/327 1009/487/360 1007/486/359
f 1007/486/359 1009/487/360 1010/449/328 1008/483/356
f 993/448/327 972/447/326 997/460/339 1009/487/360
f 1009/487/360 997/460/339 998/450/329 1010/449/328
f 989/454/333 1012/488/361 994/485/358 971/455/334
f 1012/488/361 1014/445/324 993/448/327 994/485/358
f 973/479/354 988/489/362 1011/490/363 990/480/355
f 990/482/355 1011/491/363 1012/488/361 989/454/333
f 988/489/362 987/444/323 1013/492/364 1011/490/363
f 1011/491/363 1013/493/364 1014/445/324 1012/488/361
f 987/444/323 974/443/322 991/462/341 1013/492/364
f 1013/493/364 991/463/341 992/446/325 1014/445/324
f 983/477/352 1016/494/365 988/489/362 973/479/354
f 1016/494/365 1018/441/320 987/444/323 988/489/362
f 969/473/348 982/495/366 1015/496/367 984/474/349
f 984/474/349 1015/496/367 1016/494/365 983/477/352
f 982/495/366 981/440/319 1017/497/368 1015/496/367
f 1015/496/367 1017/497/368 1018/441/320 1016/494/365
f 981/440/319 970/439/318 985/465/342 1017/497/368
f 1017/497/368 985/465/342 986/442/321 1018/441/320
f 975/476/351 1020/498/369 982/495/366 969/473/348
f 1020/498/369 1022/437/316 981/440/319 982/495/366
f 967/472/347 977/484/357 1019/499/370 976/469/344
f 976/469/344 1019/499/370 1020/498/369 975/476/351
f 977/484/357 978/452/331 1021/500/371 1019/499/370
f 1019/499/370 1021/500/371 1022/437/316 1020/498/369
f 978/452/331 968/451/330 979/458/337 1021/500/371
f 1021/500/371 979/458/337 980/438/317 1022/437/316
f 1043/109/372 1045/110/373 1038/111/374 1036/112/375
s 0
f 1025/113/376 1023/114/376 1032/115/376 1033/116/376
s 1
f 1024/117/377 1023/114/378 1052/118/379 1048/119/380
f 1056/120/381 1047/121/382 1039/122/383 1044/123/384
f 1037/124/385 1040/125/386 1049/126/387 1051/127/388
f 1054/128/389 1057/126/390 1046/129/391 1042/124/392
f 1026/130/393 1024/117/377 1048/119/380 1058/131/394
f 1025/113/395 1026/130/393 1058/131/394 1053/132/396
f 1023/114/378 1025/113/395 1053/132/396 1052/118/379
f 1028/133/397 1027/134/398 1030/135/399 1029/136/400
s 0
f 1024/117/401 1026/130/401 1034/137/401 1031/138/401
f 1023/114/402 1024/117/402 1031/138/402 1032/115/402
f 1026/130/403 1025/113/403 1033/116/403 1034/137/403
s 1
f 1027/134/398 1028/133/397 1032/139/404 1031/140/405
f 1028/133/397 1029/136/400 1033/141/406 1032/139/404
f 1030/135/399 1027/134/398 1031/140/405 1034/142/407
f 1029/136/400 1030/135/399 1034/142/407 1033/141/406
f 1035/143/408 1036/144/375 1037/145/385
f 1038/111/374 1039/146/383 1040/147/386
f 1041/148/409 1042/149/392 1043/150/372
f 1044/151/384 1045/152/373 1046/129/391
f 1047/153/382 1048/119/380 1049/154/387
f 1050/155/410 1051/156/388 1052/118/379
f 1053/132/396 1054/157/389 1055/158/411
f 1056/159/381 1057/160/390 1058/131/394
f 1050/161/410 1035/143/408 1037/145/385 1051/162/388
f 1036/112/375 1038/111/374 1040/147/386 1037/163/385
f 1039/122/383 1047/121/382 1049/164/387 1040/165/386
f 1048/119/380 1052/118/379 1051/156/388 1049/154/387
f 1055/158/411 1050/155/410 1052/118/379 1053/132/396
f 1047/153/382 1056/159/381 1058/131/394 1048/119/380
f 1057/160/390 1054/157/389 1053/132/396 1058/131/394
f 1041/148/409 1055/166/411 1054/167/389 1042/149/392
f 1056/168/381 1044/169/384 1046/129/391 1057/126/390
f 1045/152/373 1043/170/372 1042/124/392 1046/129/391
f 1035/143/408 1041/148/409 1043/150/372 1036/144/375
f 1044/171/384 1039/172/383 1038/111/374 1045/110/373
f 1050/161/410 1055/166/411 1041/148/409 1035/143/408
f 1060/173/412 1061/174/412 1062/175/412 1059/176/412
f 1063/177/70 1065/178/71 1066/179/68 1064/180/69
s 0
f 1067/181/413 1068/182/413 1070/183/413 1069/184/413
s 1
f 1064/185/69 1066/186/68 1070/187/414 1068/188/415
f 1063/189/70 1064/185/69 1068/190/415 1067/191/416
f 1065/192/71 1063/193/70 1067/194/416 1069/195/417
f 1066/196/68 1065/197/71 1069/191/417 1070/190/414
f 1073/198/418 1080/199/419 1090/200/420 1072/201/421
f 1096/202/105 1092/203/422 1079/204/423 1074/205/104
f 1075/206/424 1086/207/425 1084/208/426 1078/209/427
f 1091/210/428 1093/211/429 1089/212/430 1081/213/431
f 1096/214/105 1074/215/104 1073/216/418 1072/217/421 1071/218/432 1095/219/433
f 1079/204/423 1081/213/431 1080/220/419
f 1082/221/434 1084/222/426 1083/223/435
f 1085/224/436 1087/225/437 1086/226/425
f 1088/227/438 1090/228/420 1089/212/430
f 1097/229/439 1101/230/440 1082/221/434 1083/223/435
f 1093/211/429 1094/231/441 1088/227/438 1089/212/430
f 1080/199/419 1081/213/431 1089/212/430 1090/200/420
f 1083/223/435 1084/222/426 1086/226/425 1087/225/437
f 1071/205/432 1072/232/421 1090/220/420 1088/204/438
f 1079/204/423 1080/220/419 1073/232/418 1074/205/104
f 1084/233/426 1082/234/434 1077/235/442 1078/236/427
f 1085/237/436 1086/238/425 1075/239/424 1076/240/84
f 1099/241/81 1098/242/443 1085/237/436 1076/240/84
f 1071/205/432 1088/204/438 1094/243/441 1095/244/433
f 1102/245/444 1098/246/443 1094/231/441 1093/211/429
f 1081/213/431 1079/204/423 1092/247/422 1091/210/428
f 1100/248/105 1096/214/105 1095/219/433 1099/249/81
f 1097/229/439 1102/245/444 1093/211/429 1091/210/428
f 1100/250/105 1101/251/440 1092/203/422 1096/202/105
f 1077/235/442 1082/252/434 1101/251/440 1100/250/105
f 1083/223/435 1087/225/437 1102/245/444 1097/229/439
f 1077/253/442 1100/248/105 1099/249/81 1076/254/84 1075/255/424 1078/256/427
f 1087/225/437 1085/224/436 1098/246/443 1102/245/444
f 1095/244/433 1094/243/441 1098/242/443 1099/241/81
f 1091/210/428 1092/247/422 1101/230/440 1097/229/439
f 1104/257/445 1112/258/446 1115/259/447 1107/260/448
f 1109/261/449 1117/262/450 1112/258/446 1104/257/445
f 1107/260/448 1115/259/447 1113/263/451 1105/264/452
f 1106/265/453 1114/266/454 1116/267/455 1108/268/456
f 1105/264/452 1113/263/451 1118/269/457 1110/270/458
f 1110/270/458 1118/269/457 1114/266/454 1106/265/453
f 1108/268/456 1116/267/455 1111/271/459 1103/272/460
f 1103/272/460 1111/271/459 1117/262/450 1109/261/449
f 1127/273/461 1123/274/462 1121/275/463 1128/276/464
f 1129/277/465 1122/278/466 1124/279/467 1130/280/468
f 1128/276/464 1121/275/463 1126/281/469 1131/282/470
f 1131/283/470 1126/284/469 1122/278/466 1129/277/465
f 1130/280/468 1124/279/467 1119/285/471 1132/286/472
f 1132/286/472 1119/285/471 1125/287/473 1133/288/474
f 1134/289/475 1120/290/476 1123/274/462 1127/273/461
f 1133/291/474 1125/292/473 1120/290/476 1134/289/475
f 1142/293/477 1133/291/474 1134/289/475 1137/294/478
f 1137/294/478 1134/289/475 1127/273/461 1135/295/479
f 1141/296/480 1132/286/472 1133/288/474 1142/297/477
f 1139/298/481 1130/280/468 1132/286/472 1141/296/480
f 1140/299/482 1131/283/470 1129/277/465 1136/300/483
f 1138/301/484 1128/276/464 1131/282/470 1140/302/482
f 1136/300/483 1129/277/465 1130/280/468 1139/298/481
f 1135/295/479 1127/273/461 1128/276/464 1138/301/484
f 1115/303/447 1135/295/479 1138/301/484 1113/304/451
f 1114/305/454 1136/300/483 1139/298/481 1116/306/455
f 1113/304/451 1138/301/484 1140/302/482 1118/307/457
f 1118/308/457 1140/299/482 1136/300/483 1114/305/454
f 1116/306/455 1139/298/481 1141/296/480 1111/309/459
f 1111/309/459 1141/296/480 1142/297/477 1117/310/450
f 1112/311/446 1137/294/478 1135/295/479 1115/303/447
f 1117/312/450 1142/293/477 1137/294/478 1112/311/446
f 1144/257/485 1152/258/486 1155/259/487 1147/260/488
f 1149/261/489 1157/262/490 1152/258/486 1144/257/485
f 1147/260/488 1155/259/487 1153/263/491 1145/264/492
f 1146/265/493 1154/266/494 1156/267/495 1148/268/496
f 1145/264/492 1153/263/491 1158/269/497 1150/270/498
f 1150/270/498 1158/269/497 1154/266/494 1146/265/493
f 1148/268/496 1156/267/495 1151/271/499 1143/272/500
f 1143/272/500 1151/271/499 1157/262/490 1149/261/489
f 1167/273/501 1163/274/502 1161/275/503 1168/276/504
f 1169/277/505 1162/278/506 1164/279/507 1170/280/508
f 1168/276/504 1161/275/503 1166/281/509 1171/282/510
f 1171/283/510 1166/284/509 1162/278/506 1169/277/505
f 1170/280/508 1164/279/507 1159/285/511 1172/286/512
f 1172/286/512 1159/285/511 1165/287/513 1173/288/514
f 1174/289/515 1160/290/516 1163/274/502 1167/273/501
f 1173/291/514 1165/292/513 1160/290/516 1174/289/515
f 1184/313/517 1173/291/514 1174/289/515 1187/314/518
f 1187/314/518 1174/289/515 1167/273/501 1185/315/519
f 1183/316/520 1172/286/512 1173/288/514 1184/317/517
f 1181/318/521 1170/280/508 1172/286/512 1183/316/520
f 1182/319/522 1171/283/510 1169/277/505 1186/320/523
f 1180/321/524 1168/276/504 1171/282/510 1182/322/522
f 1186/320/523 1169/277/505 1170/280/508 1181/318/521
f 1185/315/519 1167/273/501 1168/276/504 1180/321/524
f 1155/303/487 1175/295/525 1177/301/526 1153/304/491
f 1154/305/494 1198/300/527 1200/298/528 1156/306/495
f 1153/304/491 1177/301/526 1178/302/529 1158/307/497
f 1158/308/497 1178/299/529 1198/300/527 1154/305/494
f 1156/306/495 1200/298/528 1196/296/530 1151/309/499
f 1151/309/499 1196/296/530 1179/297/531 1157/310/490
f 1152/311/486 1176/294/532 1175/295/525 1155/303/487
f 1157/312/490 1179/293/531 1176/294/532 1152/311/486
f 1175/295/525 1185/315/519 1180/321/524 1177/301/526
f 1198/300/533 1186/320/523 1181/318/521 1200/298/534
f 1177/301/526 1180/321/524 1182/322/522 1178/302/535
f 1178/299/535 1182/319/522 1186/320/523 1198/300/533
f 1200/298/534 1181/318/521 1183/316/520 1196/296/536
f 1196/296/536 1183/316/520 1184/317/517 1179/297/531
f 1176/294/532 1187/314/518 1185/315/519 1175/295/525
f 1179/293/531 1184/313/517 1187/314/518 1176/294/532
f 1126/284/469 1195/284/537 1191/278/538 1122/278/466
f 1124/279/467 1193/279/539 1188/285/540 1119/285/471
f 1119/285/471 1188/285/540 1194/287/541 1125/287/473
f 1120/290/476 1189/290/542 1192/274/543 1123/274/462
f 1125/292/473 1194/292/541 1189/290/542 1120/290/476
f 1123/274/462 1192/274/543 1190/275/544 1121/275/463
f 1122/278/466 1191/278/538 1193/279/539 1124/279/467
f 1121/275/463 1190/275/544 1195/281/537 1126/281/469
f 1193/279/539 1200/279/545 1196/285/546 1188/285/540
f 1188/285/540 1196/285/546 1179/287/547 1194/287/541
f 1189/290/542 1197/290/548 1199/274/549 1192/274/543
f 1194/292/541 1179/292/547 1197/290/548 1189/290/542
f 1192/274/543 1199/274/549 1177/275/550 1190/275/544
f 1191/278/538 1198/278/551 1200/279/545 1193/279/539
f 1190/275/544 1177/275/550 1178/281/552 1195/281/537
f 1195/284/537 1178/284/552 1198/278/551 1191/278/538
