# Blender 5.2.1 LTS
# www.blender.org
mtllib labMiddle_2x3_2.mtl
o Cube.046
v 0.290902 -0.896535 1.325569
v 0.290903 -0.896535 4.379753
v -0.699488 -0.896535 4.379753
v -0.699488 -0.896535 1.325569
v 0.290903 -0.561790 4.379753
v -0.347850 -0.561790 4.379753
v -0.347850 -0.561790 1.325569
v 0.290902 -0.561790 1.325569
v 0.187382 -0.995700 4.247374
v 0.058572 -0.995700 4.247374
v 0.058572 -0.995700 4.117743
v 0.187382 -0.995700 4.117743
v 0.122977 -0.995700 4.273628
v 0.122977 -0.995700 4.091490
v 0.032485 -0.995700 4.182560
v 0.213469 -0.995700 4.182560
v 0.213469 -0.869457 4.182560
v 0.032485 -0.869457 4.182560
v 0.122977 -0.869457 4.091490
v 0.122977 -0.869457 4.273628
v 0.187382 -0.869457 4.117743
v 0.058572 -0.869457 4.117743
v 0.058572 -0.869457 4.247374
v 0.187382 -0.869457 4.247374
v -0.428006 -0.995700 4.247374
v -0.556817 -0.995700 4.247374
v -0.556817 -0.995700 4.117743
v -0.428006 -0.995700 4.117743
v -0.492411 -0.995700 4.273628
v -0.492411 -0.995700 4.091490
v -0.582904 -0.995700 4.182560
v -0.401919 -0.995700 4.182560
v -0.401919 -0.869457 4.182560
v -0.582904 -0.869457 4.182560
v -0.492411 -0.869457 4.091490
v -0.492411 -0.869457 4.273628
v -0.428006 -0.869457 4.117743
v -0.556817 -0.869457 4.117743
v -0.556817 -0.869457 4.247374
v -0.428006 -0.869457 4.247374
v 0.187382 -0.995700 1.590340
v 0.058572 -0.995700 1.590340
v 0.058572 -0.995700 1.460707
v 0.187382 -0.995700 1.460707
v 0.122977 -0.995700 1.616590
v 0.122977 -0.995700 1.434454
v 0.032485 -0.995700 1.525522
v 0.213469 -0.995700 1.525522
v 0.213469 -0.869457 1.525522
v 0.032485 -0.869457 1.525522
v 0.122977 -0.869457 1.434454
v 0.122977 -0.869457 1.616590
v 0.187382 -0.869457 1.460707
v 0.058572 -0.869457 1.460707
v 0.058572 -0.869457 1.590340
v 0.187382 -0.869457 1.590340
v -0.428006 -0.995700 1.590340
v -0.556817 -0.995700 1.590340
v -0.556817 -0.995700 1.460707
v -0.428006 -0.995700 1.460707
v -0.492411 -0.995700 1.616590
v -0.492411 -0.995700 1.434454
v -0.582904 -0.995700 1.525522
v -0.401919 -0.995700 1.525522
v -0.401919 -0.869457 1.525522
v -0.582904 -0.869457 1.525522
v -0.492411 -0.869457 1.434454
v -0.492411 -0.869457 1.616590
v -0.428006 -0.869457 1.460707
v -0.556817 -0.869457 1.460707
v -0.556817 -0.869457 1.590340
v -0.428006 -0.869457 1.590340
v 0.050719 -0.558790 4.314756
v -0.107667 -0.558790 4.314756
v -0.107667 -0.558790 1.390566
v 0.050719 -0.558790 1.390566
v -0.668057 -0.863758 4.331903
v -0.668057 -0.863758 3.552250
v -0.385282 -0.594568 4.331903
v -0.385282 -0.594568 3.552250
v -0.385282 -0.594568 1.927219
v -0.385282 -0.594568 2.950886
v -0.668057 -0.863758 1.927219
v -0.668057 -0.863758 2.950886
v 0.142308 -0.561790 1.699566
v -0.199256 -0.561790 1.699566
v -0.199256 -0.561790 1.362890
v 0.142308 -0.561790 1.362890
v 0.142308 -0.231240 1.699566
v -0.199256 -0.231240 1.699566
v 0.142308 -0.561790 1.531227
v -0.199256 -0.561790 1.531227
v -0.199256 -0.231240 1.513044
v -0.199256 -0.329531 1.362890
v 0.142308 -0.329531 1.362890
v 0.142308 -0.231240 1.513044
v -0.027649 -0.310718 1.719454
v -0.027649 -0.342523 1.774717
v 0.010577 -0.326555 1.719454
v -0.011911 -0.349042 1.774717
v 0.026411 -0.364780 1.719454
v -0.005392 -0.364780 1.774717
v 0.010577 -0.403006 1.719454
v -0.011911 -0.380518 1.774717
v -0.027649 -0.418842 1.719454
v -0.027649 -0.387038 1.774717
v -0.065876 -0.403006 1.719454
v -0.043388 -0.380518 1.774717
v -0.081710 -0.364780 1.719454
v -0.049907 -0.364780 1.774717
v -0.065876 -0.326555 1.719454
v -0.043388 -0.349042 1.774717
v -0.022746 -0.359877 1.819342
v -0.027649 -0.357846 1.819342
v -0.020715 -0.364780 1.819342
v -0.022746 -0.369684 1.819342
v -0.027649 -0.371715 1.819342
v -0.032553 -0.369684 1.819342
v -0.034584 -0.364780 1.819342
v -0.032553 -0.359877 1.819342
v -0.027649 -0.310718 1.694277
v 0.010577 -0.326555 1.694277
v 0.026411 -0.364780 1.694277
v 0.010577 -0.403006 1.694277
v -0.027649 -0.418842 1.694277
v -0.065876 -0.403006 1.694277
v -0.081710 -0.364780 1.694277
v -0.065876 -0.326555 1.694277
v 0.043032 -0.558790 3.762730
v -0.099980 -0.558790 3.762730
v -0.099980 -0.558790 3.621765
v 0.043032 -0.558790 3.621765
v 0.043032 -0.481365 3.762730
v -0.099980 -0.481365 3.762730
v -0.099980 -0.481365 3.621767
v -0.219977 -0.441742 3.881016
v 0.163030 -0.441742 3.881016
v 0.043032 -0.481365 3.621767
v -0.219977 -0.441742 3.503494
v 0.163030 -0.441742 3.503494
v 0.102746 -0.432821 3.848145
v 0.102746 -0.432821 3.536367
v -0.159693 -0.432821 3.536367
v -0.159693 -0.432821 3.848145
v 0.163030 -0.418099 3.881016
v 0.163030 -0.418099 3.503494
v -0.219977 -0.418099 3.503494
v -0.219977 -0.418099 3.881016
v 0.114512 -0.534890 1.700666
v -0.171460 -0.534890 1.700666
v 0.114512 -0.258140 1.700666
v -0.171460 -0.258140 1.700666
v -0.132230 -0.388190 3.814348
v -0.128986 -0.231776 3.857006
v -0.116168 -0.396190 3.601048
v -0.158631 -0.238215 3.551830
v 0.077924 -0.401271 3.799923
v 0.078225 -0.219750 3.830160
v 0.083771 -0.408623 3.574057
v 0.097413 -0.235508 3.575850
v -0.153804 -0.389992 3.658827
v -0.161265 -0.407823 3.739445
v -0.150427 -0.347608 3.882294
v -0.157808 -0.285688 3.842394
v -0.161457 -0.221456 3.745596
v -0.155718 -0.220654 3.656122
v -0.167654 -0.288584 3.539921
v -0.157920 -0.362173 3.577948
v 0.031252 -0.417515 3.582970
v -0.049343 -0.401958 3.563831
v -0.085609 -0.215284 3.547672
v 0.010565 -0.218136 3.576660
v 0.137641 -0.278822 3.540306
v 0.094807 -0.364529 3.545820
v 0.120289 -0.396829 3.741211
v 0.134970 -0.415141 3.654224
v 0.154250 -0.216444 3.684713
v 0.121983 -0.217251 3.749414
v 0.125496 -0.280752 3.841473
v 0.098362 -0.329701 3.853670
v -0.070141 -0.397798 3.843590
v 0.046597 -0.408889 3.850271
v 0.029068 -0.220463 3.842318
v -0.082729 -0.223550 3.862267
v 0.060722 -0.211183 3.630444
v 0.067850 -0.182463 3.738531
v -0.083524 -0.199638 3.643011
v -0.075604 -0.186888 3.747011
v -0.078119 -0.437783 3.640774
v -0.104070 -0.440686 3.765217
v 0.042091 -0.442082 3.652485
v 0.044128 -0.434644 3.761097
v 0.069903 -0.338975 3.859406
v -0.080337 -0.353735 3.886580
v 0.058389 -0.293698 3.903683
v -0.051506 -0.269111 3.864933
v 0.197021 -0.341472 3.654318
v 0.183804 -0.341937 3.764690
v 0.146374 -0.273705 3.623243
v 0.152350 -0.258006 3.771147
v -0.080436 -0.347079 3.510845
v 0.073514 -0.345338 3.513834
v -0.064810 -0.266802 3.534952
v 0.038923 -0.253617 3.501940
v -0.187939 -0.370061 3.781610
v -0.178305 -0.356625 3.639412
v -0.204833 -0.274692 3.721041
v -0.208032 -0.255452 3.664494
v 0.862140 -0.995699 -1.204622
v 0.862141 -0.995699 4.619705
v -0.899709 -0.995699 4.619705
v -0.899709 -0.995699 -1.204620
v 2.623990 -0.995699 -1.204618
v -0.899709 -1.147507 4.619705
v 0.862141 -1.147507 4.619705
v 2.623989 -0.995699 4.619707
v -0.899709 -1.147507 -1.204620
v 0.862140 -1.147507 -1.204622
v 2.623989 -1.147507 4.619707
v 2.623990 -1.147507 -1.204618
v -0.748203 -1.147507 4.484526
v 0.862141 -1.147507 4.484526
v -0.748203 -1.147507 -1.069439
v 0.862140 -1.147507 -1.069441
v 0.862140 -2.478000 -1.069441
v 2.472484 -1.147507 4.484520
v -0.748203 -2.478000 -1.069439
v 2.472484 -1.147507 -1.069447
v 0.862141 -2.478000 4.484526
v -0.748203 -2.478000 4.484526
v 2.472484 -2.478000 -1.069447
v 2.472484 -2.478000 4.484520
v -0.849949 -2.306648 -1.007517
v -0.849949 -1.164386 -1.007517
v -0.849949 -2.306648 -0.149059
v -0.849949 -1.164386 -0.149059
v -0.748203 -2.306648 -0.149059
v -0.748203 -1.164386 -0.149059
v -0.748203 -1.164386 -1.007517
v -0.748203 -2.306648 -1.007517
v -0.849949 -1.164386 -0.135059
v -0.849949 -2.306648 -0.135059
v -0.849949 -1.164386 0.723398
v -0.849949 -2.306648 0.723398
v -0.748203 -2.306648 -0.135059
v -0.748203 -1.164386 -0.135059
v -0.748203 -1.164386 0.723398
v -0.748203 -2.306648 0.723398
v -0.849949 -1.164386 1.673862
v -0.849949 -2.306648 1.673862
v -0.849949 -1.164386 0.815405
v -0.849949 -2.306648 0.815405
v -0.748203 -2.306648 0.815405
v -0.748203 -1.164386 0.815405
v -0.748203 -1.164386 1.673862
v -0.748203 -2.306648 1.673862
v -0.849949 -1.164386 2.603863
v -0.849949 -2.306648 2.603863
v -0.849949 -1.164386 1.745403
v -0.849949 -2.306648 1.745403
v -0.748203 -2.306648 1.745403
v -0.748203 -1.164386 1.745403
v -0.748203 -1.164386 2.603863
v -0.748203 -2.306648 2.603863
v -0.849949 -1.164386 3.533861
v -0.849949 -2.306648 3.533861
v -0.849949 -1.164386 2.675404
v -0.849949 -2.306648 2.675404
v -0.748203 -2.306648 2.675404
v -0.748203 -1.164386 2.675404
v -0.748203 -1.164386 3.533861
v -0.748203 -2.306648 3.533861
v -0.849949 -1.164386 3.547861
v -0.849949 -2.306648 3.547861
v -0.849949 -1.164386 4.406319
v -0.849949 -2.306648 4.406319
v -0.748203 -2.306648 3.547861
v -0.748203 -1.164386 3.547861
v -0.748203 -1.164386 4.406319
v -0.748203 -2.306648 4.406319
v 2.472484 -2.306648 0.770397
v 2.472484 -1.164386 0.770397
v 2.472484 -1.164386 -0.088058
v 2.472484 -2.306648 -0.088058
v 2.574230 -2.306648 -0.088058
v 2.574230 -1.164386 -0.088058
v 2.574230 -2.306648 0.770397
v 2.574230 -1.164386 0.770397
v 2.472484 -2.306648 -0.159603
v 2.472484 -1.164386 -0.159603
v 2.472484 -1.164386 -1.018059
v 2.472484 -2.306648 -1.018059
v 2.574230 -2.306648 -1.018059
v 2.574230 -1.164386 -1.018059
v 2.574230 -2.306648 -0.159603
v 2.574230 -1.164386 -0.159603
v 2.574230 -1.164386 3.581596
v 2.574230 -2.306648 3.581596
v 2.574230 -1.164386 4.440056
v 2.574230 -2.306648 4.440056
v 2.472484 -2.306648 4.440056
v 2.472484 -1.164386 4.440056
v 2.472484 -1.164386 3.581596
v 2.472484 -2.306648 3.581596
v 2.574230 -1.164386 2.651598
v 2.574230 -2.306648 2.651598
v 2.574230 -1.164386 3.510056
v 2.574230 -2.306648 3.510056
v 2.472484 -2.306648 3.510056
v 2.472484 -1.164386 3.510056
v 2.472484 -1.164386 2.651598
v 2.472484 -2.306648 2.651598
v 2.574230 -1.164386 1.721598
v 2.574230 -2.306648 1.721598
v 2.574230 -1.164386 2.580055
v 2.574230 -2.306648 2.580055
v 2.472484 -2.306648 2.580055
v 2.472484 -1.164386 2.580055
v 2.472484 -1.164386 1.721598
v 2.472484 -2.306648 1.721598
v 2.574230 -1.164386 1.707600
v 2.574230 -2.306648 1.707600
v 2.574230 -1.164386 0.849140
v 2.574230 -2.306648 0.849140
v 2.472484 -2.306648 1.707600
v 2.472484 -1.164386 1.707600
v 2.472484 -1.164386 0.849140
v 2.472484 -2.306648 0.849140
v -0.825009 -0.853605 -1.019367
v -0.825009 0.205255 -1.019367
v -0.825009 -0.853605 0.271486
v -0.825009 0.205255 0.271486
v -0.723263 -0.887140 0.312368
v -0.723263 0.238789 0.312368
v -0.723263 0.238789 -1.060247
v -0.723263 -0.887140 -1.060247
v 0.958515 -0.896535 -1.067381
v 0.958515 -0.896535 0.320772
v -0.723494 -0.896535 0.320772
v -0.723494 -0.896535 -1.067381
v 0.958515 0.245984 0.320772
v -0.723494 0.245984 0.320772
v -0.723494 0.245984 -1.067381
v 0.958515 0.245984 -1.067381
v 0.961515 -0.845724 -0.079466
v 0.961515 -0.845724 0.281796
v 0.900371 -0.002902 -1.068377
v 0.233773 -0.002902 -1.068377
v 0.233774 0.192948 -1.068377
v 0.900371 0.192948 -1.068377
v 0.961515 -0.154274 -0.079466
v 0.961515 -0.154274 0.281796
v 0.961515 0.205800 0.281796
v 0.961515 0.205800 -0.079466
v 0.961515 -0.154274 -1.028404
v 0.961515 -0.154274 -0.667143
v 0.961515 0.205800 -0.667143
v 0.961515 0.205800 -1.028404
v 0.807949 -0.995700 0.188393
v 0.679139 -0.995700 0.188393
v 0.679139 -0.995700 0.058762
v 0.807949 -0.995700 0.058762
v 0.743544 -0.995700 0.214647
v 0.743544 -0.995700 0.032509
v 0.653052 -0.995700 0.123579
v 0.834036 -0.995700 0.123579
v 0.834036 -0.869457 0.123579
v 0.653052 -0.869457 0.123579
v 0.743544 -0.869457 0.032509
v 0.743544 -0.869457 0.214647
v 0.807949 -0.869457 0.058762
v 0.679139 -0.869457 0.058762
v 0.679139 -0.869457 0.188393
v 0.807949 -0.869457 0.188393
v -0.452013 -0.995700 0.188393
v -0.580823 -0.995700 0.188393
v -0.580823 -0.995700 0.058762
v -0.452013 -0.995700 0.058762
v -0.516418 -0.995700 0.214647
v -0.516418 -0.995700 0.032509
v -0.606910 -0.995700 0.123579
v -0.425926 -0.995700 0.123579
v -0.425926 -0.869457 0.123579
v -0.606910 -0.869457 0.123579
v -0.516418 -0.869457 0.032509
v -0.516418 -0.869457 0.214647
v -0.452013 -0.869457 0.058762
v -0.580823 -0.869457 0.058762
v -0.580823 -0.869457 0.188393
v -0.452013 -0.869457 0.188393
v 0.807949 -0.995700 -0.802610
v 0.679139 -0.995700 -0.802610
v 0.679139 -0.995700 -0.932243
v 0.807949 -0.995700 -0.932243
v 0.743544 -0.995700 -0.776360
v 0.743544 -0.995700 -0.958496
v 0.653052 -0.995700 -0.867428
v 0.834036 -0.995700 -0.867428
v 0.834036 -0.869457 -0.867428
v 0.653052 -0.869457 -0.867428
v 0.743544 -0.869457 -0.958496
v 0.743544 -0.869457 -0.776360
v 0.807949 -0.869457 -0.932243
v 0.679139 -0.869457 -0.932243
v 0.679139 -0.869457 -0.802610
v 0.807949 -0.869457 -0.802610
v -0.452013 -0.995700 -0.802610
v -0.580823 -0.995700 -0.802610
v -0.580823 -0.995700 -0.932243
v -0.452013 -0.995700 -0.932243
v -0.516418 -0.995700 -0.776360
v -0.516418 -0.995700 -0.958496
v -0.606910 -0.995700 -0.867428
v -0.425926 -0.995700 -0.867428
v -0.425926 -0.869457 -0.867428
v -0.606910 -0.869457 -0.867428
v -0.516418 -0.869457 -0.958496
v -0.516418 -0.869457 -0.776360
v -0.452013 -0.869457 -0.932243
v -0.580823 -0.869457 -0.932243
v -0.580823 -0.869457 -0.802610
v -0.452013 -0.869457 -0.802610
v 0.959958 -0.873438 -1.051987
v 0.959958 -0.873438 0.305378
v 0.959958 0.230746 0.305378
v 0.959958 0.230746 -1.051987
v 0.961515 -0.485650 0.281796
v 0.961515 -0.485650 -0.079466
v 0.961515 -0.845724 -1.028404
v 0.961515 -0.845724 -0.667143
v 0.961515 -0.485650 -0.667143
v 0.961515 -0.485650 -1.028404
v 1.457231 -2.170982 -0.711189
v 1.472844 -2.170779 -0.704720
v 1.469307 -1.898672 -0.704720
v 1.479311 -2.170695 -0.689106
v 1.475775 -1.898588 -0.689106
v 1.472844 -2.170779 -0.673492
v 1.457231 -2.170982 -0.667025
v 1.453695 -1.898875 -0.667025
v 1.441619 -2.171185 -0.673492
v 1.435152 -2.171269 -0.689106
v 1.431615 -1.899162 -0.689106
v 1.441619 -2.171185 -0.704720
v 1.453695 -1.898875 -0.711189
v 1.450158 -1.626767 -0.711189
v 1.465771 -1.626565 -0.704720
v 1.472238 -1.626480 -0.689106
v 1.469307 -1.898672 -0.673492
v 1.465771 -1.626565 -0.673492
v 1.438082 -1.899078 -0.673492
v 1.438082 -1.899078 -0.704720
v 1.434545 -1.626970 -0.704720
v 1.450158 -1.626767 -0.667025
v 1.434545 -1.626970 -0.673492
v 1.430778 -1.400679 -0.673492
v 1.428078 -1.627054 -0.689106
v 1.424565 -1.402478 -0.689106
v 1.430778 -1.400679 -0.704720
v 1.445775 -1.396334 -0.711189
v 1.383181 -1.095419 -0.711189
v 1.460773 -1.391990 -0.704720
v 1.466985 -1.390191 -0.689106
v 1.460773 -1.391990 -0.673492
v 1.396391 -1.087095 -0.673492
v 1.445775 -1.396334 -0.667025
v 1.396391 -1.087095 -0.704720
v 1.401863 -1.083647 -0.689106
v 1.383181 -1.095419 -0.667025
v 1.313899 -0.971987 -0.667025
v 1.369971 -1.103743 -0.673492
v 1.364499 -1.107191 -0.689106
v 1.369971 -1.103743 -0.704720
v 1.313899 -0.971987 -0.711189
v 1.326469 -0.962724 -0.704720
v 1.212702 -0.858202 -0.704720
v 1.331675 -0.958887 -0.689106
v 1.326469 -0.962724 -0.673492
v 1.212702 -0.858202 -0.673492
v 1.206631 -0.872587 -0.667025
v 1.301330 -0.981251 -0.673492
v 1.200559 -0.886973 -0.673492
v 1.296123 -0.985087 -0.689106
v 1.301330 -0.981250 -0.704720
v 1.200559 -0.886973 -0.704720
v 1.206631 -0.872587 -0.711187
v 1.048782 -0.822401 -0.711189
v 1.049965 -0.806832 -0.704720
v 1.215217 -0.852243 -0.689106
v 1.050455 -0.800383 -0.689106
v 1.048782 -0.822401 -0.667025
v 1.198045 -0.892931 -0.689106
v 1.047599 -0.837970 -0.704720
v 0.955588 -0.827157 -0.711189
v 0.956771 -0.811588 -0.704720
v 0.957260 -0.805139 -0.689106
v 1.049965 -0.806832 -0.673492
v 0.956771 -0.811588 -0.673492
v 0.955588 -0.827157 -0.667025
v 1.047599 -0.837970 -0.673492
v 0.954405 -0.842726 -0.673492
v 1.047109 -0.844419 -0.689106
v 0.953915 -0.849175 -0.689106
v 0.954405 -0.842726 -0.704720
v 1.165489 -0.485988 4.791494
v 1.165489 -0.485988 6.451495
v -0.494511 -0.485988 4.791494
v -0.494511 -0.485988 6.451495
v 1.165489 -2.485988 4.791494
v 1.165488 -2.485988 6.451495
v -0.664511 -2.315988 4.791494
v -0.664511 -2.315988 6.451495
v 1.335489 -0.655988 4.791494
v 1.335489 -0.655988 6.451495
v -0.664511 -0.655988 4.791494
v -0.664511 -0.655988 6.451495
v -0.494511 -2.485988 6.451495
v -0.494511 -2.485988 4.791494
v -0.494511 -0.655988 4.621494
v -0.494511 -0.655988 6.621494
v 1.335489 -2.315988 6.451495
v -0.494511 -2.315988 6.621494
v -0.494511 -2.315988 4.621494
v 1.335489 -2.315988 4.791494
v 1.165489 -0.655988 6.621495
v 1.165488 -2.315988 6.621495
v 1.165489 -0.655988 4.621496
v 1.165489 -2.315988 4.621496
v 1.335489 -2.485988 6.621495
v -0.664511 -2.485988 6.621494
v 1.335489 -0.485988 6.621495
v -0.664511 -0.485988 4.621494
v -0.664511 -2.485988 4.621494
v 1.335489 -0.485988 4.621496
v -0.664511 -0.485988 6.621494
v 1.335489 -2.485988 4.621496
v 1.165489 -0.485988 4.791494
v 1.165489 -0.485988 6.451495
v -0.494511 -0.485988 4.791494
v -0.494511 -0.485988 6.451495
v -0.664511 -2.315988 6.451495
v -0.664511 -2.315988 4.791494
v -0.664511 -0.655988 4.791494
v -0.664511 -0.655988 6.451495
v 1.165488 -2.485988 6.451495
v -0.494511 -2.485988 6.451495
v -0.494511 -2.485988 4.791494
v 1.165489 -2.485988 4.791494
v 1.335489 -0.655988 6.451495
v 1.335489 -2.315988 6.451495
v 1.335489 -0.655988 4.791494
v 1.335489 -2.315988 4.791494
v 1.165488 -2.315988 6.621495
v -0.494511 -2.315988 6.621494
v 1.165489 -0.655988 6.621495
v -0.494511 -0.655988 4.621494
v -0.494511 -2.315988 4.621494
v 1.165489 -0.655988 4.621496
v -0.494511 -0.655988 6.621494
v 1.165489 -2.315988 4.621496
v 1.165489 -0.655988 4.678389
v 1.165489 -2.315988 4.678389
v -0.494511 -2.315988 4.678389
v -0.494511 -0.655988 4.678389
v -0.607618 -0.655988 6.451495
v -0.607618 -0.655988 4.791494
v -0.607618 -2.315988 4.791494
v -0.607618 -2.315988 6.451495
v -0.494511 -2.429528 6.451495
v -0.494511 -2.429528 4.791494
v 1.165489 -2.429528 4.791494
v 1.165488 -2.429528 6.451495
v 1.165488 -2.315988 6.564602
v 1.165489 -0.655988 6.564602
v -0.494511 -0.655988 6.564602
v -0.494511 -2.315988 6.564602
v 1.165489 -0.542448 6.451495
v 1.165489 -0.542448 4.791494
v -0.494511 -0.542448 4.791494
v -0.494511 -0.542448 6.451495
v 1.278596 -2.315988 6.451495
v 1.278596 -2.315988 4.791494
v 1.278596 -0.655988 4.791494
v 1.278596 -0.655988 6.451495
v -0.494519 -2.485988 4.621494
v -0.664511 -2.316009 4.621494
v -0.494475 -0.485988 4.621494
v -0.664511 -0.655988 4.621494
v 1.335489 -0.655991 4.621496
v 1.165500 -0.485988 4.621496
v 1.165488 -2.485988 4.621496
v 1.335489 -2.315994 4.621496
v 1.335489 -0.655967 6.621495
v 1.165502 -0.485988 6.621495
v -0.494516 -0.485988 6.621494
v -0.664511 -0.655995 6.621494
v -0.664511 -2.315996 6.621494
v 1.165493 -2.485988 6.621495
v -0.494498 -2.485988 6.621494
v 1.335489 -2.315975 6.621495
v 1.396551 -2.295294 5.804566
v 1.345127 -2.295293 4.809895
v 1.396551 -0.585162 5.804566
v 1.345127 -0.585162 4.809895
v 2.594951 -2.295294 5.742609
v 2.543526 -2.295293 4.747936
v 2.493087 -0.410028 5.747875
v 2.441662 -0.410028 4.753202
v 1.498415 -2.470428 5.799299
v 1.446990 -2.470428 4.804626
v 1.498415 -0.410028 5.799299
v 1.446990 -0.410028 4.804628
v 2.543526 -0.585162 4.747936
v 2.594951 -0.585162 5.742609
v 1.503682 -0.585162 5.901164
v 1.441724 -0.585162 4.702765
v 2.441662 -2.470428 4.753202
v 2.436396 -0.585162 4.651340
v 2.498353 -0.585162 5.849739
v 2.493087 -2.470428 5.747873
v 1.441724 -2.295293 4.702765
v 2.436396 -2.295293 4.651339
v 1.503682 -2.295294 5.901163
v 2.498353 -2.295294 5.849739
v 2.538260 -2.470428 4.646074
v 2.538260 -0.410028 4.646074
v 1.339860 -2.470428 4.708031
v 1.401818 -0.410028 5.906429
v 2.600217 -0.410028 5.844472
v 1.401818 -2.470428 5.906429
v 1.339860 -0.410028 4.708031
v 2.600217 -2.470428 5.844472
v 1.396551 -2.295294 5.804566
v 1.345127 -2.295293 4.809895
v 1.396551 -0.585162 5.804566
v 1.345127 -0.585162 4.809895
v 2.441662 -0.410028 4.753202
v 2.493087 -0.410028 5.747875
v 1.498415 -0.410028 5.799299
v 1.446990 -0.410028 4.804628
v 2.543526 -2.295293 4.747936
v 2.543526 -0.585162 4.747936
v 2.594951 -0.585162 5.742609
v 2.594951 -2.295294 5.742609
v 1.446990 -2.470428 4.804626
v 2.441662 -2.470428 4.753202
v 1.498415 -2.470428 5.799299
v 2.493087 -2.470428 5.747873
v 2.436396 -2.295293 4.651339
v 2.436396 -0.585162 4.651340
v 1.441724 -2.295293 4.702765
v 1.503682 -0.585162 5.901164
v 2.498353 -0.585162 5.849739
v 1.503682 -2.295294 5.901163
v 1.441724 -0.585162 4.702765
v 2.498353 -2.295294 5.849739
v 1.501919 -2.295294 5.867073
v 2.496591 -2.295294 5.815648
v 2.496591 -0.585162 5.815648
v 1.501919 -0.585162 5.867073
v 1.446990 -0.468639 4.804628
v 1.498415 -0.468639 5.799299
v 2.493087 -0.468639 5.747875
v 2.441662 -0.468639 4.753202
v 2.509695 -0.585162 4.749685
v 2.561120 -0.585162 5.744358
v 2.561120 -2.295294 5.744358
v 2.509695 -2.295293 4.749685
v 2.438158 -2.295293 4.685429
v 1.443487 -2.295293 4.736855
v 1.443487 -0.585162 4.736855
v 2.438158 -0.585162 4.685429
v 1.378958 -2.295293 4.808146
v 1.430382 -2.295294 5.802816
v 1.430382 -0.585162 5.802816
v 1.378958 -0.585162 4.808146
v 2.441662 -2.411816 4.753202
v 2.493087 -2.411817 5.747873
v 1.498415 -2.411817 5.799299
v 1.446990 -2.411816 4.804626
v 2.600217 -0.585153 5.844472
v 2.498366 -0.410028 5.849739
v 1.401818 -0.585198 5.906429
v 1.503682 -0.410028 5.901164
v 1.503683 -2.470428 5.901163
v 1.401818 -2.295305 5.906429
v 2.600217 -2.295293 5.844472
v 2.498357 -2.470428 5.849739
v 1.441711 -2.470428 4.702765
v 1.339860 -2.295307 4.708031
v 1.339860 -0.585156 4.708031
v 1.441728 -0.410028 4.702765
v 2.436400 -0.410028 4.651339
v 2.538260 -2.295298 4.646074
v 2.538260 -0.585175 4.646074
v 2.436388 -2.470428 4.651340
v 1.983523 -2.471712 5.882613
v 2.019157 -2.471712 5.880771
v 2.019157 -0.408743 5.880772
v 1.983523 -0.408743 5.882613
v 1.921224 -2.471712 4.677608
v 1.956858 -2.471712 4.675766
v 1.956858 -0.408743 4.675766
v 1.921224 -0.408743 4.677608
v 1.366768 -2.475191 5.292522
v 1.368610 -2.475191 5.328156
v 1.368610 -0.405264 5.328156
v 1.366768 -0.405264 5.292522
v 2.571771 -2.475191 5.230225
v 2.573614 -2.475191 5.265858
v 2.573614 -0.405264 5.265858
v 2.571771 -0.405264 5.230225
v 2.605514 -1.458069 5.850457
v 2.605514 -1.422387 5.850457
v 1.397166 -1.422387 5.912928
v 1.397166 -1.458069 5.912928
v 2.543215 -1.458068 4.645452
v 2.543215 -1.422387 4.645452
v 1.334867 -1.422387 4.707924
v 1.334867 -1.458068 4.707924
v 1.778718 -0.840938 2.213469
v 1.719235 0.108669 2.213083
v 1.772087 -0.840938 3.239609
v 1.712604 0.108669 3.239223
v 1.695299 -0.161064 2.360237
v 1.723300 -0.569716 2.360418
v 1.718619 -0.569716 3.084610
v 1.690620 -0.161064 3.084429
v 1.609726 0.028877 2.274879
v 1.659841 -0.772434 2.275204
v 1.654018 -0.772434 3.176340
v 1.603903 0.028877 3.176018
v 0.557541 -1.003049 2.238993
v 0.528960 -0.956143 2.240622
v 0.554957 -0.952907 2.217953
v 0.476393 -0.022784 2.240282
v 0.499321 0.032769 2.238607
v 0.502254 -0.017141 2.217609
v 0.551342 -1.003049 3.198303
v 0.548486 -0.952907 3.219307
v 0.522778 -0.956143 3.197329
v 0.493121 0.032769 3.197933
v 0.470210 -0.022784 3.196989
v 0.495783 -0.017141 3.218966
v 1.709870 0.168778 2.181046
v 1.717623 0.140644 2.184004
v 1.712830 0.118871 2.160044
v 1.775946 -1.002311 2.181463
v 1.773151 -0.952169 2.160435
v 1.780651 -0.978465 2.184412
v 1.773644 -0.978465 3.268686
v 1.765836 -0.952169 3.292564
v 1.768900 -1.002311 3.271572
v 1.702825 0.168778 3.271139
v 1.705514 0.118871 3.292173
v 1.710615 0.140644 3.268278
v 1.780618 -0.941231 2.234556
v 1.779682 -0.866633 2.234550
v 1.778026 -0.866633 2.490700
v 1.778973 -0.941231 2.490705
v 2.039690 -0.995699 3.334776
v 2.546520 -0.995699 3.338051
v 2.049685 -0.995699 1.788137
v 2.556516 -0.995699 1.791412
v 2.039690 -0.901307 3.334776
v 2.546520 -0.939064 3.338051
v 2.049685 -0.901307 1.788137
v 2.556516 -0.939064 1.791412
v 2.479166 -0.998199 1.560030
v 2.509364 -0.998199 1.543650
v 2.510388 -0.998199 1.385218
v 2.480405 -0.998199 1.368448
v 2.200037 -0.998199 1.541651
v 2.229999 -0.998199 1.558420
v 2.231237 -0.998199 1.366837
v 2.201061 -0.998199 1.383217
v 2.480405 -0.938829 1.368448
v 2.510388 -0.948829 1.385218
v 2.480304 -0.918199 1.385023
v 2.231237 -0.903829 1.366837
v 2.231138 -0.893199 1.383411
v 2.201061 -0.903829 1.383217
v 2.229999 -0.903829 1.558420
v 2.200037 -0.903829 1.541651
v 2.230114 -0.893199 1.541843
v 2.479166 -0.938829 1.560030
v 2.479281 -0.918199 1.543455
v 2.509364 -0.948829 1.543650
v 2.318347 -0.908199 1.383976
v 2.318446 -0.918828 1.367401
v 2.317322 -0.908199 1.542408
v 2.317207 -0.918828 1.558983
v 2.317207 -0.998199 1.558983
v 2.318446 -0.998199 1.367401
v 2.292184 -0.893199 1.383806
v 2.291046 -0.903829 1.558813
v 2.291046 -0.998199 1.558813
v 2.292283 -0.998199 1.367231
v 2.292283 -0.903829 1.367231
v 2.291161 -0.893199 1.542238
v 2.200488 -0.975898 1.471952
v 2.200610 -0.975898 1.452917
v 2.200610 -0.956923 1.452917
v 2.200488 -0.956923 1.471952
v 2.200637 -0.966411 1.448820
v 2.200461 -0.966411 1.476049
v 2.200548 -0.979980 1.462433
v 2.200548 -0.952841 1.462433
v 2.183965 -0.973258 1.469196
v 2.184054 -0.973258 1.455458
v 2.184054 -0.959563 1.455458
v 2.183965 -0.959563 1.469196
v 2.184072 -0.966411 1.452503
v 2.183946 -0.966411 1.472153
v 2.184010 -0.976204 1.462328
v 2.184010 -0.956617 1.462328
v 1.979135 -0.951700 1.813423
v 1.967783 -0.951996 1.805019
v 1.967783 -0.938301 1.805019
v 1.979135 -0.938005 1.813423
v 1.965108 -0.945283 1.803350
v 1.981660 -0.944763 1.815180
v 1.973802 -0.954689 1.809010
v 1.973802 -0.935102 1.809010
v 1.985480 -0.963282 1.583101
v 1.987629 -0.956383 1.585224
v 1.997210 -0.956258 1.595285
v 1.999221 -0.963094 1.597471
v 1.992431 -0.953371 1.590250
v 1.997210 -0.969954 1.595285
v 1.992431 -0.972959 1.590250
v 1.987629 -0.970078 1.585224
v 2.054875 -0.966381 1.481781
v 2.061847 -0.959449 1.496769
v 2.056112 -0.973213 1.484432
v 2.056112 -0.959518 1.484432
v 2.063087 -0.966279 1.499413
v 2.058975 -0.956540 1.490606
v 2.061847 -0.973144 1.496769
v 2.058975 -0.976127 1.490606
v 2.051855 -0.943410 2.123287
v 2.051997 -0.944086 2.101166
v 2.051997 -0.925112 2.101166
v 2.051855 -0.924436 2.123287
v 2.052037 -0.935053 2.095001
v 2.051824 -0.933764 2.128111
v 2.051924 -0.947736 2.112658
v 2.051924 -0.920598 2.112658
v 2.035283 -0.939094 2.128183
v 2.035398 -0.939986 2.110371
v 2.035398 -0.926291 2.110371
v 2.035283 -0.925399 2.128183
v 2.035425 -0.933442 2.106033
v 2.035258 -0.932060 2.131987
v 2.035339 -0.942477 2.119318
v 2.035339 -0.922889 2.119318
v 1.476697 -0.911283 2.469751
v 1.479415 -0.911283 2.456280
v 1.479415 -0.897588 2.456280
v 1.476697 -0.897588 2.469751
v 1.480000 -0.904435 2.453382
v 1.476113 -0.904435 2.472649
v 1.478056 -0.914229 2.463017
v 1.478056 -0.894642 2.463017
v 1.784082 -0.904435 2.440277
v 1.786004 -0.897588 2.442524
v 1.794936 -0.897588 2.452963
v 1.796859 -0.904435 2.455210
v 1.790470 -0.894642 2.447744
v 1.794936 -0.911283 2.452963
v 1.790470 -0.914229 2.447744
v 1.786004 -0.911283 2.442524
v 1.914126 -0.918873 2.132977
v 1.915920 -0.925579 2.135971
v 1.916196 -0.911752 2.136374
v 1.920093 -0.908675 2.142620
v 1.920093 -0.928262 2.142620
v 1.863474 -0.901645 2.238945
v 1.875579 -0.900357 2.249435
v 1.866456 -0.896060 2.241093
v 1.875884 -0.907218 2.251297
v 1.872759 -0.912624 2.249432
v 1.864014 -0.908801 2.240347
v 1.871477 -0.895637 2.245464
v 1.867880 -0.913227 2.244778
v 1.972020 -0.927943 2.001410
v 1.960367 -0.927660 1.995785
v 1.960367 -0.913965 1.995785
v 1.972020 -0.914248 2.001410
v 1.957703 -0.920795 1.994625
v 1.974106 -0.921273 2.002758
v 1.966368 -0.930700 1.998539
v 1.966368 -0.911112 1.998539
v 1.923706 -0.925316 2.148460
v 1.916472 -0.925316 2.136778
v 1.923706 -0.911621 2.148460
v 1.914917 -0.918469 2.134264
v 1.925262 -0.918469 2.150974
v 11.775747 -0.995699 1.567720
v 5.951420 -0.995699 1.567720
v 5.951420 -0.995699 -0.194130
v 11.775746 -0.995699 -0.194130
v 11.775743 -0.995699 3.329569
v 5.951420 -1.147507 -0.194130
v 5.951420 -1.147507 1.567720
v 5.951418 -0.995699 3.329569
v 11.775746 -1.147507 -0.194130
v 11.775747 -1.147507 1.567720
v 5.951418 -1.147507 3.329569
v 11.775743 -1.147507 3.329569
v 6.086600 -1.147507 -0.042624
v 6.086600 -1.147507 1.567720
v 11.640566 -1.147507 -0.042624
v 11.640567 -1.147507 1.567720
v 11.640567 -2.478000 1.567720
v 6.086604 -1.147507 3.178064
v 11.640566 -2.478000 -0.042624
v 11.640572 -1.147507 3.178064
v 6.086600 -2.478000 1.567720
v 6.086600 -2.478000 -0.042624
v 11.640572 -2.478000 3.178064
v 6.086604 -2.478000 3.178064
v 11.578643 -2.306648 -0.144369
v 11.578643 -1.164386 -0.144369
v 10.720185 -2.306648 -0.144369
v 10.720185 -1.164386 -0.144369
v 10.720185 -2.306648 -0.042624
v 10.720185 -1.164386 -0.042624
v 11.578643 -1.164386 -0.042624
v 11.578643 -2.306648 -0.042624
v 10.706184 -1.164386 -0.144369
v 10.706184 -2.306648 -0.144369
v 9.847727 -1.164386 -0.144369
v 9.847727 -2.306648 -0.144369
v 10.706184 -2.306648 -0.042624
v 10.706184 -1.164386 -0.042624
v 9.847727 -1.164386 -0.042624
v 9.847727 -2.306648 -0.042624
v 8.897264 -1.164386 -0.144369
v 8.897264 -2.306648 -0.144369
v 9.755721 -1.164386 -0.144369
v 9.755721 -2.306648 -0.144369
v 9.755721 -2.306648 -0.042624
v 9.755721 -1.164386 -0.042624
v 8.897264 -1.164386 -0.042624
v 8.897264 -2.306648 -0.042624
v 7.967263 -1.164386 -0.144371
v 7.967263 -2.306648 -0.144369
v 8.825722 -1.164386 -0.144369
v 8.825722 -2.306648 -0.144369
v 8.825722 -2.306648 -0.042624
v 8.825722 -1.164386 -0.042624
v 7.967263 -1.164386 -0.042624
v 7.967263 -2.306648 -0.042624
v 7.037262 -1.164386 -0.144371
v 7.037262 -2.306648 -0.144369
v 7.895720 -1.164386 -0.144371
v 7.895720 -2.306648 -0.144369
v 7.895720 -2.306648 -0.042624
v 7.895720 -1.164386 -0.042624
v 7.037262 -1.164386 -0.042624
v 7.037262 -2.306648 -0.042624
v 7.023265 -1.164386 -0.144371
v 7.023265 -2.306648 -0.144369
v 6.164807 -1.164386 -0.144371
v 6.164807 -2.306648 -0.144369
v 7.023265 -2.306648 -0.042624
v 7.023265 -1.164386 -0.042624
v 6.164807 -1.164386 -0.042624
v 6.164807 -2.306648 -0.042624
v 9.800728 -2.306648 3.178064
v 9.800728 -1.164386 3.178064
v 10.659184 -1.164386 3.178064
v 10.659184 -2.306648 3.178064
v 10.659184 -2.306648 3.279810
v 10.659184 -1.164386 3.279810
v 9.800728 -2.306648 3.279810
v 9.800728 -1.164386 3.279810
v 10.730727 -2.306648 3.178064
v 10.730727 -1.164386 3.178064
v 11.589184 -1.164386 3.178064
v 11.589184 -2.306648 3.178064
v 11.589184 -2.306648 3.279810
v 11.589184 -1.164386 3.279810
v 10.730727 -2.306648 3.279810
v 10.730727 -1.164386 3.279810
v 6.989528 -1.164386 3.279810
v 6.989528 -2.306648 3.279810
v 6.131070 -1.164386 3.279810
v 6.131070 -2.306648 3.279810
v 6.131070 -2.306648 3.178064
v 6.131070 -1.164386 3.178064
v 6.989528 -1.164386 3.178064
v 6.989528 -2.306648 3.178064
v 7.919528 -1.164386 3.279810
v 7.919528 -2.306648 3.279810
v 7.061069 -1.164386 3.279810
v 7.061069 -2.306648 3.279810
v 7.061069 -2.306648 3.178064
v 7.061069 -1.164386 3.178064
v 7.919528 -1.164386 3.178064
v 7.919528 -2.306648 3.178064
v 8.849527 -1.164386 3.279810
v 8.849527 -2.306648 3.279810
v 7.991069 -1.164386 3.279810
v 7.991069 -2.306648 3.279810
v 7.991069 -2.306648 3.178064
v 7.991069 -1.164386 3.178064
v 8.849527 -1.164386 3.178064
v 8.849527 -2.306648 3.178064
v 8.863526 -1.164386 3.279810
v 8.863526 -2.306648 3.279810
v 9.721984 -1.164386 3.279810
v 9.721984 -2.306648 3.279810
v 8.863526 -2.306648 3.178064
v 8.863526 -1.164386 3.178064
v 9.721984 -1.164386 3.178064
v 9.721984 -2.306648 3.178064
v 11.590490 -0.853605 -0.119434
v 11.590490 0.205255 -0.119434
v 10.299638 -0.853605 -0.119434
v 10.299638 0.205255 -0.119434
v 10.258757 -0.887140 -0.017689
v 10.258757 0.238789 -0.017689
v 11.631371 0.238789 -0.017689
v 11.631371 -0.887140 -0.017689
v 11.638505 -0.896535 1.664089
v 10.250350 -0.896535 1.664089
v 10.250350 -0.896535 -0.017920
v 11.638505 -0.896535 -0.017920
v 10.250350 0.245984 1.664089
v 10.250350 0.245984 -0.017920
v 11.638505 0.245984 -0.017920
v 11.638505 0.245984 1.664089
v 10.650591 -0.845724 1.667089
v 10.289329 -0.845724 1.667089
v 11.639502 -0.002902 1.605946
v 11.639502 -0.002902 0.939348
v 11.639502 0.192948 0.939348
v 11.639502 0.192948 1.605946
v 10.650591 -0.154274 1.667089
v 10.289329 -0.154274 1.667089
v 10.289329 0.205800 1.667089
v 10.650591 0.205800 1.667089
v 11.599528 -0.154274 1.667089
v 11.238267 -0.154274 1.667091
v 11.238267 0.205800 1.667091
v 11.599528 0.205800 1.667089
v 10.382731 -0.995700 1.513523
v 10.382731 -0.995700 1.384714
v 10.512362 -0.995700 1.384714
v 10.512362 -0.995700 1.513523
v 10.356477 -0.995700 1.449118
v 10.538615 -0.995700 1.449118
v 10.447546 -0.995700 1.358627
v 10.447546 -0.995700 1.539612
v 10.447546 -0.869457 1.539612
v 10.447546 -0.869457 1.358627
v 10.538615 -0.869457 1.449118
v 10.356477 -0.869457 1.449118
v 10.512362 -0.869457 1.513523
v 10.512362 -0.869457 1.384714
v 10.382731 -0.869457 1.384714
v 10.382731 -0.869457 1.513523
v 10.382731 -0.995700 0.253561
v 10.382731 -0.995700 0.124752
v 10.512362 -0.995700 0.124752
v 10.512362 -0.995700 0.253561
v 10.356477 -0.995700 0.189156
v 10.538615 -0.995700 0.189156
v 10.447546 -0.995700 0.098665
v 10.447546 -0.995700 0.279648
v 10.447546 -0.869457 0.279648
v 10.447546 -0.869457 0.098665
v 10.538615 -0.869457 0.189156
v 10.356477 -0.869457 0.189156
v 10.512362 -0.869457 0.253561
v 10.512362 -0.869457 0.124752
v 10.382731 -0.869457 0.124752
v 10.382731 -0.869457 0.253561
v 11.373734 -0.995700 1.513523
v 11.373734 -0.995700 1.384714
v 11.503367 -0.995700 1.384714
v 11.503367 -0.995700 1.513523
v 11.347484 -0.995700 1.449118
v 11.529620 -0.995700 1.449118
v 11.438551 -0.995700 1.358627
v 11.438551 -0.995700 1.539612
v 11.438551 -0.869457 1.539612
v 11.438551 -0.869457 1.358627
v 11.529620 -0.869457 1.449118
v 11.347484 -0.869457 1.449118
v 11.503367 -0.869457 1.513523
v 11.503367 -0.869457 1.384714
v 11.373734 -0.869457 1.384714
v 11.373734 -0.869457 1.513523
v 11.373734 -0.995700 0.253561
v 11.373734 -0.995700 0.124752
v 11.503367 -0.995700 0.124752
v 11.503367 -0.995700 0.253561
v 11.347484 -0.995700 0.189156
v 11.529620 -0.995700 0.189156
v 11.438551 -0.995700 0.098665
v 11.438551 -0.995700 0.279648
v 11.438551 -0.869457 0.279648
v 11.438551 -0.869457 0.098665
v 11.529620 -0.869457 0.189156
v 11.347484 -0.869457 0.189156
v 11.503367 -0.869457 0.253561
v 11.503367 -0.869457 0.124752
v 11.373734 -0.869457 0.124752
v 11.373734 -0.869457 0.253561
v 11.623111 -0.873438 1.665531
v 10.265747 -0.873438 1.665531
v 10.265747 0.230746 1.665531
v 11.623111 0.230746 1.665531
v 10.289329 -0.485650 1.667089
v 10.650591 -0.485650 1.667089
v 11.599528 -0.845724 1.667089
v 11.238267 -0.845724 1.667091
v 11.238267 -0.485650 1.667091
v 11.599528 -0.485650 1.667089
v 11.282312 -2.170982 2.162806
v 11.275844 -2.170779 2.178419
v 11.275844 -1.898672 2.174881
v 11.260230 -2.170695 2.184887
v 11.260230 -1.898588 2.181349
v 11.244616 -2.170779 2.178419
v 11.238149 -2.170982 2.162806
v 11.238149 -1.898875 2.159269
v 11.244616 -2.171185 2.147192
v 11.260230 -2.171269 2.140726
v 11.260230 -1.899162 2.137188
v 11.275844 -2.171185 2.147192
v 11.282312 -1.898875 2.159269
v 11.282312 -1.626767 2.155731
v 11.275844 -1.626565 2.171345
v 11.260230 -1.626480 2.177813
v 11.244616 -1.898672 2.174881
v 11.244616 -1.626565 2.171345
v 11.244616 -1.899078 2.143656
v 11.275844 -1.899078 2.143656
v 11.275844 -1.626970 2.140120
v 11.238149 -1.626767 2.155731
v 11.244616 -1.626970 2.140120
v 11.244616 -1.400679 2.136351
v 11.260230 -1.627054 2.133652
v 11.260230 -1.402478 2.130140
v 11.275844 -1.400679 2.136351
v 11.282312 -1.396334 2.151348
v 11.282312 -1.095419 2.088757
v 11.275844 -1.391990 2.166348
v 11.260230 -1.390191 2.172560
v 11.244616 -1.391990 2.166348
v 11.244616 -1.087095 2.101965
v 11.238149 -1.396334 2.151348
v 11.275844 -1.087095 2.101965
v 11.260230 -1.083647 2.107437
v 11.238149 -1.095419 2.088757
v 11.238149 -0.971987 2.019474
v 11.244616 -1.103743 2.075544
v 11.260230 -1.107191 2.070072
v 11.275844 -1.103743 2.075546
v 11.282312 -0.971987 2.019474
v 11.275844 -0.962724 2.032043
v 11.275844 -0.858202 1.918276
v 11.260230 -0.958887 2.037249
v 11.244616 -0.962724 2.032043
v 11.244616 -0.858202 1.918276
v 11.238149 -0.872587 1.912207
v 11.244616 -0.981251 2.006905
v 11.244616 -0.886973 1.906134
v 11.260230 -0.985087 2.001698
v 11.275844 -0.981250 2.006905
v 11.275844 -0.886973 1.906134
v 11.282310 -0.872587 1.912207
v 11.282312 -0.822401 1.754356
v 11.275844 -0.806832 1.755539
v 11.260230 -0.852243 1.920792
v 11.260230 -0.800383 1.756029
v 11.238149 -0.822401 1.754356
v 11.260230 -0.892931 1.903620
v 11.275844 -0.837970 1.753174
v 11.282312 -0.827157 1.661163
v 11.275844 -0.811588 1.662346
v 11.260230 -0.805139 1.662836
v 11.244616 -0.806832 1.755539
v 11.244616 -0.811588 1.662346
v 11.238149 -0.827157 1.661163
v 11.244616 -0.837970 1.753174
v 11.244616 -0.842726 1.659979
v 11.260230 -0.844419 1.752684
v 11.260230 -0.849175 1.659489
v 11.275844 -0.842726 1.659979
v 9.245552 -0.896535 0.996481
v 6.191367 -0.896535 0.996481
v 6.191367 -0.896535 0.006092
v 9.245552 -0.896535 0.006092
v 6.191367 -0.561790 0.996481
v 6.191367 -0.561790 0.357729
v 9.245552 -0.561790 0.357729
v 9.245552 -0.561790 0.996481
v 6.323746 -0.995700 0.892962
v 6.323746 -0.995700 0.764151
v 6.453378 -0.995700 0.764151
v 6.453378 -0.995700 0.892962
v 6.297492 -0.995700 0.828556
v 6.479630 -0.995700 0.828556
v 6.388561 -0.995700 0.738064
v 6.388561 -0.995700 0.919048
v 6.388561 -0.869457 0.919048
v 6.388561 -0.869457 0.738064
v 6.479630 -0.869457 0.828556
v 6.297492 -0.869457 0.828556
v 6.453378 -0.869457 0.892962
v 6.453378 -0.869457 0.764151
v 6.323746 -0.869457 0.764151
v 6.323746 -0.869457 0.892962
v 6.323746 -0.995700 0.277573
v 6.323746 -0.995700 0.148762
v 6.453378 -0.995700 0.148762
v 6.453378 -0.995700 0.277573
v 6.297492 -0.995700 0.213167
v 6.479630 -0.995700 0.213167
v 6.388561 -0.995700 0.122675
v 6.388561 -0.995700 0.303659
v 6.388561 -0.869457 0.303659
v 6.388561 -0.869457 0.122675
v 6.479630 -0.869457 0.213167
v 6.297492 -0.869457 0.213167
v 6.453378 -0.869457 0.277573
v 6.453378 -0.869457 0.148762
v 6.323746 -0.869457 0.148762
v 6.323746 -0.869457 0.277573
v 8.980782 -0.995700 0.892962
v 8.980782 -0.995700 0.764151
v 9.110414 -0.995700 0.764151
v 9.110414 -0.995700 0.892962
v 8.954530 -0.995700 0.828556
v 9.136666 -0.995700 0.828556
v 9.045597 -0.995700 0.738064
v 9.045597 -0.995700 0.919048
v 9.045597 -0.869457 0.919048
v 9.045597 -0.869457 0.738064
v 9.136666 -0.869457 0.828556
v 8.954530 -0.869457 0.828556
v 9.110414 -0.869457 0.892962
v 9.110414 -0.869457 0.764151
v 8.980782 -0.869457 0.764151
v 8.980782 -0.869457 0.892962
v 8.980782 -0.995700 0.277573
v 8.980782 -0.995700 0.148764
v 9.110414 -0.995700 0.148764
v 9.110414 -0.995700 0.277573
v 8.954530 -0.995700 0.213167
v 9.136666 -0.995700 0.213167
v 9.045597 -0.995700 0.122675
v 9.045597 -0.995700 0.303659
v 9.045597 -0.869457 0.303659
v 9.045597 -0.869457 0.122675
v 9.136666 -0.869457 0.213167
v 8.954530 -0.869457 0.213167
v 9.110414 -0.869457 0.277573
v 9.110414 -0.869457 0.148764
v 8.980782 -0.869457 0.148764
v 8.980782 -0.869457 0.277573
v 6.256363 -0.558790 0.756298
v 6.256363 -0.558790 0.597910
v 9.180555 -0.558790 0.597910
v 9.180555 -0.558790 0.756298
v 6.239216 -0.863758 0.037523
v 7.018871 -0.863758 0.037523
v 6.239216 -0.594568 0.320297
v 7.018871 -0.594568 0.320297
v 8.643902 -0.594568 0.320297
v 7.620235 -0.594568 0.320297
v 8.643902 -0.863758 0.037523
v 7.620235 -0.863758 0.037523
v 8.871555 -0.561790 0.847887
v 8.871555 -0.561790 0.506323
v 9.208230 -0.561790 0.506323
v 9.208230 -0.561790 0.847887
v 8.871555 -0.231240 0.847887
v 8.871555 -0.231240 0.506323
v 9.039893 -0.561790 0.847887
v 9.039893 -0.561790 0.506323
v 9.058075 -0.231240 0.506323
v 9.208230 -0.329531 0.506323
v 9.208230 -0.329531 0.847887
v 9.058075 -0.231240 0.847887
v 8.851667 -0.310718 0.677929
v 8.796402 -0.342523 0.677929
v 8.851667 -0.326555 0.716156
v 8.796402 -0.349042 0.693666
v 8.851667 -0.364780 0.731989
v 8.796402 -0.364780 0.700186
v 8.851667 -0.403006 0.716156
v 8.796402 -0.380518 0.693666
v 8.851667 -0.418842 0.677929
v 8.796402 -0.387038 0.677929
v 8.851667 -0.403006 0.639702
v 8.796402 -0.380518 0.662191
v 8.851667 -0.364780 0.623869
v 8.796402 -0.364780 0.655672
v 8.851667 -0.326555 0.639702
v 8.796402 -0.349042 0.662191
v 8.751778 -0.359877 0.682833
v 8.751778 -0.357846 0.677929
v 8.751778 -0.364780 0.684864
v 8.751778 -0.369684 0.682833
v 8.751778 -0.371715 0.677929
v 8.751778 -0.369684 0.673025
v 8.751778 -0.364780 0.670994
v 8.751778 -0.359877 0.673025
v 8.876844 -0.310718 0.677929
v 8.876844 -0.326555 0.716156
v 8.876844 -0.364780 0.731989
v 8.876844 -0.403006 0.716156
v 8.876844 -0.418842 0.677929
v 8.876844 -0.403006 0.639702
v 8.876844 -0.364780 0.623869
v 8.876844 -0.326555 0.639702
v 6.808390 -0.558790 0.748610
v 6.808390 -0.558790 0.605598
v 6.949355 -0.558790 0.605598
v 6.949355 -0.558790 0.748610
v 6.808390 -0.481365 0.748610
v 6.808390 -0.481365 0.605598
v 6.949353 -0.481365 0.605598
v 6.690104 -0.441742 0.485601
v 6.690104 -0.441742 0.868608
v 6.949353 -0.481365 0.748610
v 7.067626 -0.441742 0.485601
v 7.067626 -0.441742 0.868608
v 6.722978 -0.432821 0.808325
v 7.034753 -0.432821 0.808325
v 7.034753 -0.432821 0.545885
v 6.722978 -0.432821 0.545885
v 6.690104 -0.418099 0.868608
v 7.067626 -0.418099 0.868608
v 7.067626 -0.418099 0.485601
v 6.690104 -0.418099 0.485601
v 8.870455 -0.534890 0.820089
v 8.870455 -0.534890 0.534119
v 8.870455 -0.258140 0.820089
v 8.870455 -0.258140 0.534119
v 6.756773 -0.388190 0.573347
v 6.714115 -0.231776 0.576591
v 6.970073 -0.396190 0.589411
v 7.019291 -0.238215 0.546947
v 6.771198 -0.401271 0.783503
v 6.740961 -0.219750 0.783802
v 6.997063 -0.408623 0.789349
v 6.995272 -0.235508 0.802992
v 6.912295 -0.389992 0.551773
v 6.831676 -0.407823 0.544313
v 6.688827 -0.347608 0.555151
v 6.728727 -0.285688 0.547771
v 6.825525 -0.221456 0.544121
v 6.914998 -0.220654 0.549862
v 7.031199 -0.288584 0.537926
v 6.993174 -0.362173 0.547659
v 6.988151 -0.417515 0.736830
v 7.007288 -0.401958 0.656235
v 7.023448 -0.215284 0.619970
v 6.994460 -0.218136 0.716145
v 7.030814 -0.278822 0.843220
v 7.025300 -0.364529 0.800386
v 6.829910 -0.396829 0.825867
v 6.916897 -0.415141 0.840548
v 6.886407 -0.216444 0.859829
v 6.821707 -0.217251 0.827560
v 6.729649 -0.280752 0.831074
v 6.717450 -0.329701 0.803940
v 6.727532 -0.397798 0.635437
v 6.720850 -0.408889 0.752174
v 6.728803 -0.220463 0.734646
v 6.708855 -0.223550 0.622850
v 6.940678 -0.211183 0.766302
v 6.832590 -0.182463 0.773428
v 6.928110 -0.199638 0.622053
v 6.824109 -0.186888 0.629974
v 6.930346 -0.437783 0.627460
v 6.805903 -0.440686 0.601507
v 6.918636 -0.442082 0.747669
v 6.810023 -0.434644 0.749706
v 6.711715 -0.338975 0.775480
v 6.684540 -0.353735 0.625240
v 6.667437 -0.293698 0.763968
v 6.706188 -0.269111 0.654074
v 6.916802 -0.341472 0.902599
v 6.806430 -0.341937 0.889383
v 6.947877 -0.273705 0.851954
v 6.799973 -0.258006 0.857927
v 7.060276 -0.347079 0.625143
v 7.057286 -0.345338 0.779093
v 7.036169 -0.266802 0.640768
v 7.069180 -0.253617 0.744501
v 6.789510 -0.370061 0.517641
v 6.931709 -0.356625 0.527275
v 6.850080 -0.274692 0.500746
v 6.906627 -0.255452 0.497545
v 8.225798 -0.902225 1.188440
v 9.613953 -0.902225 1.188440
v 9.613953 -0.902225 3.232677
v 8.225798 -0.902225 3.232677
v 9.613953 0.240294 1.188440
v 9.613953 0.240294 2.870449
v 8.225798 0.240294 2.870449
v 8.225798 0.240294 1.188440
v 8.919859 -0.902225 3.232677
v 8.919859 0.240294 2.870449
v 9.579249 -0.822063 3.287222
v 9.579249 0.206203 2.961218
v 8.954565 -0.822063 3.287222
v 8.954565 0.206203 2.961218
v 8.885197 -0.822063 3.287222
v 8.885197 0.206203 2.961218
v 8.260512 -0.822063 3.287222
v 8.260512 0.206203 2.961218
v 8.224801 -0.008592 1.246584
v 8.224801 -0.008592 1.913181
v 8.224801 0.187258 1.913181
v 8.224801 0.187258 1.246584
v 9.213713 -0.159964 1.185438
v 9.574974 -0.159964 1.185438
v 9.574974 0.200110 1.185438
v 9.213713 0.200110 1.185438
v 8.264774 -0.159964 1.185438
v 8.626037 -0.159964 1.185438
v 8.626037 0.200110 1.185438
v 8.264774 0.200110 1.185438
v 9.481573 -1.001389 1.339006
v 9.481573 -1.001389 1.467815
v 9.351942 -1.001389 1.467815
v 9.351942 -1.001389 1.339006
v 9.507826 -1.001389 1.403412
v 9.325687 -1.001389 1.403412
v 9.416758 -1.001389 1.493902
v 9.416758 -1.001389 1.312918
v 9.416758 -0.875147 1.312918
v 9.416758 -0.875147 1.493902
v 9.325687 -0.875147 1.403412
v 9.507826 -0.875147 1.403412
v 9.351942 -0.875147 1.339006
v 9.351942 -0.875147 1.467815
v 9.481573 -0.875147 1.467815
v 9.481573 -0.875147 1.339006
v 9.481573 -1.001389 3.040550
v 9.481573 -1.001389 3.169361
v 9.351942 -1.001389 3.169361
v 9.351942 -1.001389 3.040550
v 9.507826 -1.001389 3.104956
v 9.325687 -1.001389 3.104956
v 9.416758 -1.001389 3.195448
v 9.416758 -1.001389 3.014465
v 9.416758 -0.875147 3.014465
v 9.416758 -0.875147 3.195448
v 9.325687 -0.875147 3.104956
v 9.507826 -0.875147 3.104956
v 9.351942 -0.875147 3.040550
v 9.351942 -0.875147 3.169361
v 9.481573 -0.875147 3.169361
v 9.481573 -0.875147 3.040550
v 8.490568 -1.001389 1.339006
v 8.490568 -1.001389 1.467815
v 8.360935 -1.001389 1.467815
v 8.360935 -1.001389 1.339006
v 8.516820 -1.001389 1.403412
v 8.334682 -1.001389 1.403412
v 8.425752 -1.001389 1.493902
v 8.425752 -1.001389 1.312918
v 8.425752 -0.875147 1.312918
v 8.425752 -0.875147 1.493902
v 8.334682 -0.875147 1.403412
v 8.516820 -0.875147 1.403412
v 8.360935 -0.875147 1.339006
v 8.360935 -0.875147 1.467815
v 8.490568 -0.875147 1.467815
v 8.490568 -0.875147 1.339006
v 8.490568 -1.001389 3.040552
v 8.490568 -1.001389 3.169361
v 8.360935 -1.001389 3.169361
v 8.360935 -1.001389 3.040552
v 8.516820 -1.001389 3.104956
v 8.334682 -1.001389 3.104956
v 8.425752 -1.001389 3.195448
v 8.425752 -1.001389 3.014465
v 8.425752 -0.875147 3.014465
v 8.425752 -0.875147 3.195448
v 8.334682 -0.875147 3.104956
v 8.516820 -0.875147 3.104956
v 8.360935 -0.875147 3.040552
v 8.360935 -0.875147 3.169361
v 8.490568 -0.875147 3.169361
v 8.490568 -0.875147 3.040552
v 8.241194 -0.879128 1.186998
v 9.598557 -0.879128 1.186998
v 9.598557 0.225056 1.186998
v 8.241194 0.225056 1.186998
v 9.579249 -0.359312 3.146748
v 9.579249 -0.170316 3.085073
v 8.954565 -0.359312 3.146748
v 8.954565 -0.170316 3.085073
v 8.885197 -0.359312 3.146748
v 8.885197 -0.170316 3.085073
v 8.260512 -0.359312 3.146748
v 8.260512 -0.170316 3.085073
v 8.572854 -0.359312 3.146748
v 8.572854 -0.170316 3.085073
v 9.265213 -0.359312 3.146748
v 9.265213 -0.170316 3.085073
v 6.446095 -0.902225 1.176807
v 7.834249 -0.902225 1.176807
v 7.834249 -0.902225 3.221045
v 6.446095 -0.902225 3.221045
v 7.834249 0.240294 1.176807
v 7.834249 0.240294 2.858816
v 6.446095 0.240294 2.858816
v 6.446095 0.240294 1.176807
v 7.140155 -0.902225 3.221045
v 7.140155 0.240294 2.858816
v 7.799546 -0.822063 3.275591
v 7.799546 0.206203 2.949585
v 7.174862 -0.822063 3.275591
v 7.174862 0.206203 2.949585
v 7.105494 -0.822063 3.275591
v 7.105494 0.206203 2.949585
v 6.480810 -0.822063 3.275591
v 6.480810 0.206203 2.949585
v 6.445099 -0.008592 1.234951
v 6.445099 -0.008592 1.901548
v 6.445099 0.187258 1.901548
v 6.445099 0.187258 1.234951
v 7.434010 -0.159964 1.173807
v 7.795272 -0.159964 1.173807
v 7.795272 0.200110 1.173807
v 7.434010 0.200110 1.173807
v 6.485072 -0.159964 1.173807
v 6.846334 -0.159964 1.173807
v 6.846334 0.200110 1.173807
v 6.485072 0.200110 1.173807
v 7.701869 -1.001389 1.327374
v 7.701869 -1.001389 1.456182
v 7.572238 -1.001389 1.456182
v 7.572238 -1.001389 1.327374
v 7.728124 -1.001389 1.391777
v 7.545985 -1.001389 1.391777
v 7.637054 -1.001389 1.482271
v 7.637054 -1.001389 1.301287
v 7.637054 -0.875147 1.301287
v 7.637054 -0.875147 1.482271
v 7.545985 -0.875147 1.391777
v 7.728124 -0.875147 1.391777
v 7.572238 -0.875147 1.327374
v 7.572238 -0.875147 1.456182
v 7.701869 -0.875147 1.456182
v 7.701869 -0.875147 1.327374
v 7.701869 -1.001389 3.028917
v 7.701869 -1.001389 3.157728
v 7.572238 -1.001389 3.157728
v 7.572238 -1.001389 3.028917
v 7.728124 -1.001389 3.093323
v 7.545985 -1.001389 3.093323
v 7.637054 -1.001389 3.183815
v 7.637054 -1.001389 3.002831
v 7.637054 -0.875147 3.002831
v 7.637054 -0.875147 3.183815
v 7.545985 -0.875147 3.093323
v 7.728124 -0.875147 3.093323
v 7.572238 -0.875147 3.028917
v 7.572238 -0.875147 3.157728
v 7.701869 -0.875147 3.157728
v 7.701869 -0.875147 3.028917
v 6.710866 -1.001389 1.327374
v 6.710866 -1.001389 1.456182
v 6.581234 -1.001389 1.456182
v 6.581234 -1.001389 1.327374
v 6.737117 -1.001389 1.391777
v 6.554980 -1.001389 1.391777
v 6.646049 -1.001389 1.482271
v 6.646049 -1.001389 1.301287
v 6.646049 -0.875147 1.301287
v 6.646049 -0.875147 1.482271
v 6.554980 -0.875147 1.391777
v 6.737117 -0.875147 1.391777
v 6.581234 -0.875147 1.327374
v 6.581234 -0.875147 1.456182
v 6.710866 -0.875147 1.456182
v 6.710866 -0.875147 1.327374
v 6.710866 -1.001389 3.028917
v 6.710866 -1.001389 3.157728
v 6.581234 -1.001389 3.157728
v 6.581234 -1.001389 3.028917
v 6.737117 -1.001389 3.093323
v 6.554980 -1.001389 3.093323
v 6.646049 -1.001389 3.183815
v 6.646049 -1.001389 3.002831
v 6.646049 -0.875147 3.002831
v 6.646049 -0.875147 3.183815
v 6.554980 -0.875147 3.093323
v 6.737117 -0.875147 3.093323
v 6.581234 -0.875147 3.028917
v 6.581234 -0.875147 3.157728
v 6.710866 -0.875147 3.157728
v 6.710866 -0.875147 3.028917
v 6.461490 -0.879128 1.175364
v 7.818853 -0.879128 1.175364
v 7.818853 0.225056 1.175364
v 6.461490 0.225056 1.175364
v 7.799546 -0.359312 3.135115
v 7.799546 -0.170316 3.073441
v 7.174862 -0.359312 3.135115
v 7.174862 -0.170316 3.073441
v 7.105494 -0.359312 3.135115
v 7.105494 -0.170316 3.073441
v 6.480810 -0.359312 3.135115
v 6.480810 -0.170316 3.073441
v 6.793152 -0.359312 3.135115
v 6.793152 -0.170316 3.073441
v 7.485511 -0.359312 3.135115
v 7.485511 -0.170316 3.073441
vn -0.0000 -1.0000 -0.0000
vn -0.0000 1.0000 -0.0000
vn -0.6895 0.7243 -0.0000
vn -0.0000 -0.0000 1.0000
vn 1.0000 -0.0000 -0.0000
vn -0.0000 -0.0000 -1.0000
vn -0.6459 -0.0000 0.7634
vn -1.0000 -0.0000 -0.0000
vn -0.6459 -0.0000 -0.7634
vn 0.6459 -0.0000 -0.7634
vn 0.6459 -0.0000 0.7634
vn -0.0000 0.8367 -0.5477
vn -0.0000 0.9785 0.2063
vn -0.0000 0.8995 0.4369
vn 0.5793 0.7024 0.4135
vn 0.5661 0.7828 0.2583
vn 0.9084 -0.0000 0.4182
vn 0.9637 -0.0000 0.2670
vn 0.5793 -0.7024 0.4135
vn 0.5661 -0.7828 0.2583
vn -0.0000 -0.8995 0.4369
vn -0.0000 -0.9785 0.2063
vn -0.5793 -0.7024 0.4135
vn -0.5661 -0.7828 0.2583
vn -0.9084 -0.0000 0.4181
vn -0.9637 -0.0000 0.2670
vn 0.3787 -0.4219 0.8238
vn -0.0000 -0.8062 0.5917
vn -0.5793 0.7024 0.4135
vn -0.5661 0.7828 0.2583
vn -0.6152 -0.7884 -0.0000
vn 0.3787 0.4219 0.8238
vn -0.0000 0.8062 0.5917
vn -0.3787 0.4219 0.8238
vn -0.4430 -0.0000 0.8965
vn -0.3787 -0.4219 0.8238
vn 0.4430 -0.0000 0.8965
vn -0.6152 0.7884 -0.0000
vn 0.6152 0.7884 -0.0000
vn 0.6152 -0.7884 -0.0000
vn 0.3135 -0.9496 -0.0000
vn -0.0000 -0.9482 0.3176
vn -0.0000 -0.9482 -0.3177
vn -0.3136 -0.9496 -0.0000
vn -0.2372 0.9715 -0.0000
vn 0.2372 0.9715 -0.0000
vn -0.0000 0.9127 0.4087
vn -0.0000 0.9126 -0.4088
vn -0.9018 0.4206 -0.0992
vn -0.4777 0.8734 -0.0942
vn -0.4047 0.6537 -0.6394
vn -0.5775 0.0739 -0.8130
vn 0.1363 0.5529 -0.8220
vn 0.1101 0.9287 -0.3542
vn 0.3811 0.8468 -0.3712
vn 0.6449 0.3288 -0.6899
vn 0.8434 0.4327 0.3184
vn 0.5384 0.8223 0.1842
vn 0.4174 0.7746 0.4753
vn 0.6570 0.3111 0.6867
vn -0.0957 0.1972 0.9757
vn -0.1525 0.7258 0.6708
vn -0.4454 0.5248 0.7254
vn -0.5717 0.2739 0.7734
vn 0.1680 -0.9649 0.2018
vn 0.5353 -0.8039 0.2593
vn 0.5642 -0.7230 0.3986
vn 0.2227 -0.7587 0.6122
vn -0.1250 0.9888 0.0811
vn -0.5122 0.8472 0.1409
vn 0.1353 0.9895 0.0506
vn 0.1368 0.8116 0.5679
vn 0.1394 0.9661 -0.2172
vn 0.5589 0.8205 -0.1198
vn -0.1205 0.8610 -0.4942
vn -0.1220 0.9808 -0.1519
vn -0.6099 -0.7893 0.0706
vn -0.2015 -0.9579 0.2047
vn -0.1263 -0.7750 0.6192
vn -0.4195 -0.7806 0.4634
vn -0.4663 -0.7836 -0.4104
vn -0.1462 -0.8022 -0.5789
vn -0.1861 -0.9559 -0.2271
vn -0.6265 -0.7461 -0.2254
vn 0.0796 -0.8810 -0.4663
vn 0.1225 -0.9853 -0.1191
vn 0.3145 -0.7710 -0.5537
vn 0.4695 -0.8748 -0.1193
vn -0.1192 -0.3533 0.9279
vn -0.4728 -0.2249 0.8520
vn 0.6703 -0.3567 0.6507
vn 0.3375 -0.3779 0.8621
vn 0.2092 0.0733 0.9751
vn 0.8571 -0.3368 0.3898
vn 0.4231 -0.5344 -0.7317
vn 0.9483 -0.2403 -0.2074
vn 0.8973 0.3499 -0.2691
vn 0.1714 -0.3238 -0.9305
vn -0.5926 -0.5881 -0.5504
vn -0.1998 -0.3786 -0.9037
vn -0.1365 0.2776 -0.9510
vn -0.8507 -0.4881 -0.1950
vn -0.7832 -0.5650 0.2596
vn -0.9588 0.2472 0.1398
vn -0.3728 -0.0000 -0.9279
vn -0.3130 -0.9497 -0.0000
vn -0.3728 -0.0000 0.9279
vn -0.3130 0.9497 -0.0000
vn 0.9277 -0.0000 -0.3734
vn -0.3775 -0.0000 0.9260
vn 0.9277 -0.0000 0.3734
vn -0.3775 -0.0000 -0.9260
vn -0.9277 -0.0000 0.3734
vn 0.3775 -0.0000 -0.9260
vn -0.9277 -0.0000 -0.3734
vn 0.3775 -0.0000 0.9260
vn 0.3827 0.0050 -0.9239
vn 0.9238 0.0120 -0.3827
vn 0.9238 0.0120 0.3827
vn 0.3826 0.0050 0.9239
vn -0.3826 -0.0050 0.9239
vn -0.9238 -0.0120 0.3827
vn -0.9238 -0.0120 -0.3827
vn -0.3827 -0.0050 -0.9239
vn 0.3883 0.0078 -0.9215
vn 0.9259 0.0202 -0.3772
vn 0.9259 0.0202 0.3772
vn 0.3882 0.0078 0.9215
vn -0.3883 -0.0069 0.9215
vn -0.9261 -0.0150 0.3769
vn -0.9261 -0.0150 -0.3769
vn -0.3884 -0.0069 -0.9215
vn 0.3853 0.0808 -0.9192
vn 0.9081 0.1923 -0.3721
vn 0.9081 0.1924 0.3721
vn 0.3852 0.0807 0.9193
vn -0.3857 -0.0796 0.9192
vn -0.9097 -0.1856 0.3716
vn -0.9097 -0.1857 -0.3716
vn -0.3858 -0.0797 -0.9191
vn 0.3350 0.1881 -0.9233
vn 0.8058 0.4532 -0.3812
vn 0.8058 0.4532 0.3812
vn 0.3349 0.1881 0.9233
vn -0.3350 -0.1879 0.9233
vn -0.8066 -0.4518 0.3812
vn -0.8066 -0.4518 -0.3812
vn -0.3351 -0.1879 -0.9233
vn 0.2683 0.2909 -0.9184
vn 0.6280 0.6846 -0.3700
vn 0.6280 0.6846 0.3700
vn 0.2683 0.2909 0.9184
vn -0.2697 -0.2897 0.9183
vn -0.6355 -0.6778 0.3697
vn -0.6355 -0.6778 -0.3697
vn -0.2697 -0.2897 -0.9183
vn 0.1171 0.3698 -0.9217
vn 0.2783 0.8831 -0.3776
vn 0.2784 0.8831 0.3777
vn 0.1171 0.3696 0.9218
vn -0.1179 -0.3694 0.9217
vn -0.2829 -0.8817 0.3775
vn -0.2829 -0.8817 -0.3775
vn -0.1179 -0.3695 -0.9217
vn -0.0196 0.3849 -0.9228
vn -0.0471 0.9238 -0.3801
vn -0.0471 0.9238 0.3801
vn -0.0196 0.3848 0.9228
vn 0.0196 -0.3848 0.9228
vn 0.0471 -0.9238 0.3801
vn 0.0471 -0.9238 -0.3801
vn 0.0196 -0.3849 -0.9228
vn 0.1462 -0.9892 -0.0000
vn 0.1346 -0.9856 0.1022
vn -0.0000 -0.0000 -0.0000
vn -0.0001 -0.0000 -1.0000
vn -0.1462 -0.9892 -0.0000
vn -0.1346 -0.9856 -0.1022
vn 0.0153 -0.0000 0.9999
vn 0.0154 -0.0000 0.9999
vn 0.0517 -0.0000 0.9987
vn 0.0516 -0.0000 0.9987
vn -0.0516 -0.0000 -0.9987
vn 0.9987 -0.0000 -0.0516
vn -0.9987 -0.0000 0.0516
vn -0.8448 -0.2812 0.4552
vn -0.8835 0.1334 0.4491
vn -0.8844 0.1318 -0.4477
vn -0.8468 -0.2788 -0.4529
vn 0.5006 0.8657 0.0032
vn 0.9969 0.0577 -0.0532
vn 0.9972 0.0422 -0.0624
vn 0.9754 -0.0960 -0.1986
vn 0.9674 0.1758 -0.1823
vn 0.1899 0.8931 0.4079
vn 0.1931 0.8947 -0.4027
vn -0.3348 0.8299 -0.4464
vn -0.3394 0.8322 0.4384
vn -0.2951 -0.1975 -0.9348
vn -0.3185 0.1584 -0.9346
vn 0.3513 0.2216 -0.9097
vn 0.3714 -0.1532 -0.9158
vn 0.3612 -0.1527 0.9199
vn 0.3416 0.2211 0.9135
vn -0.3237 0.1599 0.9325
vn -0.2998 -0.1975 0.9333
vn 0.9961 0.0577 0.0662
vn 0.9649 0.1758 0.1952
vn 0.9963 0.0422 0.0753
vn 0.9726 -0.0961 0.2118
vn 0.9355 -0.0478 -0.3500
vn 0.9232 0.1708 -0.3443
vn 0.9271 0.1724 0.3328
vn 0.9397 -0.0484 0.3386
vn 0.5903 -0.8072 0.0038
vn 0.4744 0.0301 0.8798
vn 0.4857 0.0301 -0.8736
vn 0.9605 -0.2406 -0.1398
vn 0.9244 0.3538 -0.1426
vn 0.9599 -0.2359 0.1515
vn 0.9243 0.3493 0.1540
vn -0.2465 -0.8832 -0.3989
vn -0.2499 -0.8852 0.3924
vn 0.2586 -0.8580 -0.4437
vn 0.2544 -0.8560 0.4501
vn 0.9999 0.0126 0.0064
vn -0.2886 -0.8032 0.5211
vn -0.2837 -0.8002 -0.5284
vn 0.2886 -0.8032 -0.5211
vn 0.2837 -0.8002 0.5284
vn 0.0743 0.9972 0.0005
vn 0.4401 -0.0000 -0.8979
vn 0.4285 -0.0000 0.9035
vn -0.5370 -0.0000 0.8436
vn -0.5260 -0.0000 -0.8505
vn 0.3629 -0.8921 -0.2694
vn 0.7898 0.3129 -0.5275
vn 0.7818 0.3114 0.5403
vn 0.3612 -0.8905 0.2768
vn 0.0035 -0.8367 -0.5477
vn 0.0919 0.3606 -0.9282
vn 0.2521 0.3646 -0.8964
vn 0.1379 -0.7957 -0.5898
vn -0.3629 -0.8921 0.2692
vn -0.6097 0.6688 0.4255
vn -0.6040 0.6668 -0.4365
vn -0.3612 -0.8905 -0.2766
vn 0.2697 0.9123 -0.3083
vn 0.2655 0.9126 0.3110
vn 0.2496 0.9132 0.3220
vn 0.2530 0.9142 -0.3166
vn 0.1315 -0.7936 0.5941
vn -0.0035 -0.8367 0.5476
vn -0.1757 0.5081 -0.8432
vn -0.1316 0.9610 -0.2433
vn -0.1851 0.5093 0.8405
vn -0.1343 0.9613 0.2407
vn 0.2417 0.3645 0.8993
vn 0.1765 0.9547 -0.2394
vn 0.1708 0.6051 -0.7776
vn 0.0797 0.3615 0.9289
vn -0.1315 -0.7935 -0.5941
vn -0.1379 -0.7957 0.5898
vn -0.0035 -0.8367 0.5477
vn 0.1622 0.6050 0.7795
vn 0.1740 0.9543 0.2429
vn -0.2156 -0.7497 -0.6256
vn -0.1888 -0.7000 -0.6887
vn -0.2188 -0.0003 -0.9758
vn -0.2169 -0.0000 -0.9762
vn -0.2226 -0.9749 -0.0002
vn -0.1272 -0.9909 -0.0439
vn -0.1888 0.6990 -0.6898
vn -0.2156 0.7497 -0.6256
vn -0.2237 0.7484 0.6243
vn -0.0383 0.7515 0.6586
vn -0.0045 -0.0001 1.0000
vn -0.2296 -0.0000 0.9733
vn -0.1270 0.9908 -0.0457
vn -0.2226 0.9749 -0.0002
vn -0.0388 -0.7505 0.6598
vn -0.2237 -0.7485 0.6243
vn -0.9257 -0.0063 -0.3781
vn -0.9978 -0.0047 -0.0661
vn -0.6461 0.7543 -0.1170
vn -0.5969 0.7538 -0.2748
vn 0.6651 0.7283 0.1651
vn 0.7316 0.6809 -0.0336
vn 0.9981 -0.0153 0.0605
vn 0.9501 -0.0119 0.3116
vn 0.0279 0.9945 -0.1010
vn -0.0230 0.9996 -0.0150
vn 0.6303 -0.7664 0.1238
vn 0.5943 -0.7665 0.2435
vn -0.0159 -0.9943 0.1058
vn -0.0506 -0.9948 0.0888
vn -0.6178 -0.7555 -0.2180
vn -0.6849 -0.7281 0.0259
vn -0.0824 -0.9963 -0.0256
vn -0.3275 -0.7479 -0.5775
vn -0.4693 -0.0046 -0.8830
vn 0.3189 -0.7940 0.5175
vn 0.5257 -0.0052 0.8507
vn -0.0711 0.9963 -0.0487
vn 0.3378 0.7924 0.5079
vn -0.3248 0.7394 -0.5897
vn -0.4678 -0.7229 -0.5085
vn -0.3444 -0.7862 -0.5131
vn -0.3999 -0.0229 -0.9163
vn -0.5540 -0.0597 -0.8304
vn -0.3100 -0.9496 -0.0463
vn -0.1806 -0.9791 0.0933
vn -0.2110 0.7622 -0.6120
vn -0.3879 0.6956 -0.6047
vn 0.0865 0.8588 0.5050
vn 0.1790 0.7581 0.6271
vn 0.1919 -0.0102 0.9814
vn 0.2090 -0.0801 0.9746
vn 0.0076 0.9999 -0.0072
vn -0.1741 0.9769 -0.1236
vn 0.0308 -0.7423 0.6693
vn -0.0762 -0.8572 0.5094
vn -0.4476 -0.1237 -0.8856
vn -0.0439 -0.0000 -0.9990
vn -0.0308 0.7302 -0.6825
vn -0.3428 0.7452 -0.5720
vn 0.2493 0.7952 0.5527
vn 0.0379 0.6927 0.7203
vn 0.0535 -0.0000 0.9986
vn 0.4201 0.1080 0.9010
vn 0.0034 0.9987 0.0510
vn 0.0230 0.9985 0.0504
vn 0.0379 -0.6927 0.7202
vn 0.3431 -0.6616 0.6668
vn 0.0034 -0.9987 0.0510
vn 0.1383 -0.9852 0.1018
vn -0.1900 -0.8863 -0.4223
vn -0.0308 -0.7303 -0.6825
vn 0.1223 -0.9870 0.1041
vn -0.4422 -0.8896 -0.1138
vn -0.8933 -0.2515 -0.3725
vn 0.7838 -0.4994 0.3692
vn 0.8817 0.2953 0.3680
vn -0.0794 0.9906 -0.1111
vn 0.4097 0.9013 0.1411
vn -0.7448 0.5508 -0.3766
vn -0.4966 -0.0372 -0.8672
vn -0.3042 0.7422 -0.5971
vn 0.2001 0.8150 0.5437
vn 0.1846 0.0908 0.9786
vn 0.1081 0.9927 -0.0527
vn 0.0392 -0.7132 0.6999
vn -0.1141 -0.9901 0.0817
vn -0.3518 -0.8289 -0.4350
vn 0.4428 0.8911 0.0999
vn 0.8888 0.2081 0.4084
vn -0.2555 0.9333 -0.2524
vn 0.6482 -0.6447 0.4051
vn 0.0372 0.9962 -0.0789
vn 0.6911 0.7170 0.0908
vn 0.9821 0.0089 0.1883
vn 0.6554 -0.7361 0.1690
vn -0.0015 -0.9981 0.0608
vn -0.6841 -0.7275 -0.0525
vn -0.9859 0.0196 -0.1662
vn -0.6046 0.7786 -0.1679
vn 0.9499 0.0012 0.3125
vn 0.7471 -0.6135 0.2559
vn 0.2195 -0.9715 0.0891
vn -0.5902 -0.7888 -0.1716
vn -0.9553 -0.0082 -0.2955
vn -0.5604 0.8063 -0.1895
vn 0.7614 0.6026 0.2390
vn 0.2551 0.9646 0.0672
vn 0.9279 -0.0000 -0.3728
vn -0.0000 -0.9497 -0.3130
vn -0.9279 -0.0000 -0.3728
vn -0.0000 0.9497 -0.3130
vn -0.6423 -0.0000 -0.7664
vn 0.6423 -0.0000 -0.7664
vn 0.6423 -0.0000 0.7664
vn -0.6423 -0.0000 0.7664
vn 0.9239 0.0050 0.3827
vn 0.3827 0.0120 0.9238
vn -0.3827 0.0120 0.9238
vn -0.9239 0.0050 0.3826
vn -0.9239 -0.0050 -0.3826
vn -0.3827 -0.0120 -0.9238
vn 0.3827 -0.0120 -0.9238
vn 0.9239 -0.0050 -0.3827
vn 0.9215 0.0078 0.3883
vn 0.3771 0.0202 0.9259
vn -0.3771 0.0202 0.9259
vn -0.9215 0.0078 0.3882
vn -0.9215 -0.0069 -0.3883
vn -0.3769 -0.0150 -0.9261
vn 0.3769 -0.0150 -0.9261
vn 0.9215 -0.0069 -0.3883
vn 0.9193 0.0808 0.3853
vn 0.3720 0.1923 0.9081
vn -0.3720 0.1923 0.9081
vn -0.9193 0.0807 0.3852
vn -0.9192 -0.0796 -0.3857
vn -0.3715 -0.1857 -0.9097
vn 0.3715 -0.1857 -0.9097
vn 0.9192 -0.0796 -0.3857
vn 0.9233 0.1882 0.3349
vn 0.3812 0.4532 0.8058
vn -0.3812 0.4532 0.8058
vn -0.9233 0.1881 0.3349
vn -0.9233 -0.1879 -0.3350
vn -0.3812 -0.4518 -0.8066
vn 0.3812 -0.4518 -0.8066
vn 0.9233 -0.1879 -0.3351
vn 0.9184 0.2908 0.2683
vn 0.3700 0.6847 0.6279
vn -0.3700 0.6846 0.6280
vn -0.9184 0.2908 0.2683
vn -0.9184 -0.2897 -0.2697
vn -0.3697 -0.6778 -0.6355
vn 0.3697 -0.6778 -0.6355
vn 0.9183 -0.2897 -0.2697
vn 0.9218 0.3697 0.1171
vn 0.3777 0.8831 0.2784
vn -0.3777 0.8831 0.2784
vn -0.9218 0.3696 0.1171
vn -0.9218 -0.3694 -0.1179
vn -0.3775 -0.8817 -0.2829
vn 0.3775 -0.8817 -0.2829
vn 0.9217 -0.3695 -0.1179
vn 0.9228 0.3848 -0.0196
vn 0.3801 0.9238 -0.0471
vn -0.3801 0.9238 -0.0471
vn -0.9228 0.3848 -0.0196
vn -0.9228 -0.3848 0.0196
vn -0.3800 -0.9238 0.0471
vn 0.3800 -0.9238 0.0471
vn 0.9228 -0.3848 0.0196
vn -0.0000 0.7243 -0.6895
vn 0.5477 0.8367 -0.0000
vn -0.1661 0.9861 -0.0000
vn -0.4290 0.9033 -0.0000
vn -0.4198 0.6615 0.6214
vn -0.1944 0.7455 0.6375
vn -0.4179 -0.0000 0.9085
vn -0.2141 -0.0000 0.9768
vn -0.4198 -0.6615 0.6214
vn -0.1944 -0.7456 0.6375
vn -0.4290 -0.9033 -0.0000
vn -0.1661 -0.9861 -0.0000
vn -0.4198 -0.6615 -0.6214
vn -0.1944 -0.7455 -0.6375
vn -0.4179 -0.0000 -0.9085
vn -0.2141 -0.0000 -0.9768
vn -0.5989 -0.5613 0.5713
vn -0.5296 -0.8483 -0.0000
vn -0.4198 0.6615 -0.6214
vn -0.1944 0.7455 -0.6375
vn -0.0000 -0.7480 -0.6637
vn -0.5989 0.5613 0.5713
vn -0.5296 0.8483 -0.0000
vn -0.5989 0.5613 -0.5713
vn -0.6468 -0.0000 -0.7627
vn -0.5989 -0.5613 -0.5713
vn -0.6468 -0.0000 0.7627
vn -0.0000 0.7480 -0.6637
vn -0.0000 0.7480 0.6637
vn -0.0000 -0.7480 0.6637
vn -0.0000 -0.9496 0.3135
vn -0.3176 -0.9482 -0.0000
vn 0.3177 -0.9482 -0.0000
vn -0.0000 -0.9496 -0.3135
vn -0.0000 0.9715 -0.2372
vn -0.0000 0.9714 0.2372
vn -0.4087 0.9127 -0.0000
vn 0.4087 0.9127 -0.0000
vn 0.0914 0.4502 -0.8882
vn 0.0890 0.8656 -0.4928
vn 0.4430 0.7247 -0.5278
vn 0.6110 0.0550 -0.7897
vn 0.7617 0.6208 0.1856
vn 0.3414 0.9351 0.0951
vn 0.3634 0.8485 0.3848
vn 0.5983 0.3002 0.7430
vn -0.2645 0.4054 0.8750
vn -0.1478 0.8005 0.5808
vn -0.4622 0.7834 0.4154
vn -0.6436 0.2807 0.7120
vn -0.9757 0.1996 -0.0901
vn -0.5551 0.8116 -0.1822
vn -0.5272 0.6728 -0.5191
vn -0.6046 0.2734 -0.7481
vn -0.1890 -0.9612 0.2011
vn -0.2648 -0.7941 0.5471
vn -0.3914 -0.7227 0.5697
vn -0.5332 -0.7894 0.3041
vn -0.0592 0.9885 -0.1395
vn -0.1397 0.8154 -0.5618
vn -0.0525 0.9850 0.1641
vn -0.5307 0.8370 0.1332
vn 0.2111 0.9641 0.1613
vn 0.1149 0.7059 0.6989
vn 0.3871 0.9127 -0.1308
vn 0.1411 0.9789 -0.1477
vn -0.0661 -0.7876 -0.6126
vn -0.1364 -0.9496 -0.2823
vn -0.5813 -0.7996 -0.1504
vn -0.4652 -0.7810 -0.4167
vn 0.4188 -0.7838 -0.4586
vn 0.5335 -0.8295 -0.1654
vn 0.1871 -0.9592 -0.2118
vn 0.2063 -0.7274 -0.6545
vn 0.4688 -0.8796 0.0809
vn 0.0967 -0.9847 0.1449
vn 0.4805 -0.8109 0.3340
vn 0.0955 -0.8396 0.5348
vn -0.9129 -0.3838 -0.1391
vn -0.6899 -0.2880 -0.6642
vn -0.6369 -0.3760 0.6730
vn -0.8041 -0.4001 0.4397
vn -0.9510 0.1053 0.2907
vn -0.3007 -0.2518 0.9199
vn 0.6880 -0.4912 0.5341
vn 0.1523 -0.1888 0.9701
vn 0.2165 0.3632 0.9062
vn 0.9166 -0.3354 0.2174
vn 0.4466 -0.5830 -0.6788
vn 0.8609 -0.4442 -0.2481
vn 0.9455 0.2921 -0.1442
vn 0.1826 -0.4361 -0.8812
vn -0.1704 -0.5066 -0.8452
vn -0.1260 0.1738 -0.9767
vn -0.0000 0.3022 0.9532
vn -0.0000 0.9362 0.3516
vn -0.9101 0.1252 0.3950
vn 0.9101 0.1252 0.3950
vn -0.0000 -0.5626 0.8268
vn -0.9101 0.1253 0.3951
vn 0.9103 0.1251 0.3946
vn -0.0000 0.3102 0.9507
vt 0.455968 0.785714
vt 0.507642 0.785714
vt 0.507642 0.750624
vt 0.455968 0.750624
vt 0.445663 0.764650
vt 0.521266 0.764650
vt 0.521266 0.784786
vt 0.445663 0.784786
vt 0.445663 0.750737
vt 0.521266 0.750738
vt 0.519803 0.757687
vt 0.449088 0.757687
vt 0.449088 0.781588
vt 0.494695 0.781588
vt 0.444494 0.756114
vt 0.521355 0.756114
vt 0.521355 0.780088
vt 0.444494 0.780088
vt 0.494695 0.781588
vt 0.449088 0.781588
vt 0.551255 0.721190
vt 0.551255 0.724281
vt 0.545110 0.724281
vt 0.545110 0.721190
vt 0.557351 0.721190
vt 0.557351 0.724281
vt 0.594076 0.721190
vt 0.594076 0.724281
vt 0.587930 0.724281
vt 0.587930 0.721190
vt 0.581834 0.721190
vt 0.581834 0.724281
vt 0.575738 0.721190
vt 0.575738 0.724281
vt 0.569593 0.724281
vt 0.569593 0.721190
vt 0.563447 0.724281
vt 0.563447 0.721190
vt 0.563606 0.630172
vt 0.420608 0.630172
vt 0.420608 0.622426
vt 0.563606 0.622426
vt 0.952622 0.796735
vt 0.952622 0.721396
vt 0.990375 0.721396
vt 0.990375 0.796735
vt 0.477215 0.551215
vt 0.544264 0.551215
vt 0.544264 0.582864
vt 0.477215 0.582864
vt 0.465124 0.768169
vt 0.507642 0.768169
vt 0.465124 0.750624
vt 0.540615 0.750836
vt 0.559003 0.750836
vt 0.577392 0.750836
vt 0.577392 0.786943
vt 0.557016 0.786943
vt 0.540615 0.776206
vt 0.465124 0.785714
vt 0.463992 0.770954
vt 0.463992 0.752111
vt 0.498499 0.752111
vt 0.498499 0.770954
vt 0.498499 0.786124
vt 0.463992 0.786124
vt 0.465124 0.785714
vt 0.891784 0.700438
vt 0.891784 0.661790
vt 0.921089 0.661790
vt 0.921089 0.700438
vt 0.891784 0.661790
vt 0.921089 0.661790
vt 0.955041 0.844817
vt 0.967742 0.844817
vt 0.962863 0.832030
vt 0.959920 0.832030
vt 0.889185 0.720804
vt 0.889185 0.639538
vt 0.923844 0.639538
vt 0.923844 0.720804
vt 0.932176 0.869346
vt 0.930922 0.869866
vt 0.929668 0.869346
vt 0.929148 0.868092
vt 0.929668 0.866838
vt 0.930922 0.866318
vt 0.932176 0.866838
vt 0.932696 0.868092
vt 0.959920 0.832030
vt 0.962863 0.832030
vt 0.962863 0.832030
vt 0.962864 0.832030
vt 0.959920 0.832030
vt 0.749999 0.490005
vt 0.919705 0.419702
vt 0.990000 0.250000
vt 0.919705 0.080298
vt 0.749999 0.009995
vt 0.580294 0.080298
vt 0.509999 0.250000
vt 0.580294 0.419702
vt 0.552469 0.772939
vt 0.577242 0.772939
vt 0.577242 0.761312
vt 0.552469 0.761312
vt 0.552469 0.772939
vt 0.577241 0.772939
vt 0.577241 0.761312
vt 0.552469 0.761312
vt 0.963475 0.824968
vt 0.963475 0.849740
vt 0.990188 0.875244
vt 0.990188 0.799463
vt 0.993738 0.799463
vt 0.993738 0.875244
vt 0.963475 0.849741
vt 0.963475 0.824968
vt 0.957067 0.821214
vt 0.995157 0.821214
vt 0.995157 0.853772
vt 0.957067 0.853772
vt 0.999173 0.861251
vt 0.953050 0.861251
vt 0.953050 0.813736
vt 0.999173 0.813736
vt 0.956668 0.852289
vt 0.992883 0.852289
vt 0.992883 0.815739
vt 0.956668 0.815739
vt 0.114477 0.422022
vt 0.114477 0.434867
vt 0.103330 0.430794
vt 0.103330 0.419900
vt 0.076712 0.422022
vt 0.076712 0.434867
vt 0.065565 0.430794
vt 0.065565 0.419900
vt 0.190005 0.422022
vt 0.190005 0.434867
vt 0.178859 0.430794
vt 0.178859 0.419900
vt 0.152241 0.422022
vt 0.152241 0.434867
vt 0.141094 0.430794
vt 0.141094 0.419900
vt 0.178858 0.375137
vt 0.190005 0.391799
vt 0.178859 0.395872
vt 0.167712 0.391799
vt 0.148338 0.441460
vt 0.129947 0.434867
vt 0.180791 0.443329
vt 0.167712 0.434867
vt 0.072906 0.444008
vt 0.054418 0.434867
vt 0.205476 0.434867
vt 0.207096 0.441358
vt 0.092183 0.434867
vt 0.095639 0.441495
vt 0.102781 0.473841
vt 0.140995 0.473841
vt 0.129947 0.391799
vt 0.141094 0.375137
vt 0.152241 0.391799
vt 0.141094 0.395872
vt 0.103330 0.395872
vt 0.092183 0.391799
vt 0.103330 0.375137
vt 0.114477 0.391799
vt 0.076712 0.391799
vt 0.065565 0.375137
vt 0.065565 0.395872
vt 0.054418 0.391799
vt 0.216623 0.375137
vt 0.205476 0.391799
vt 0.152241 0.404644
vt 0.141094 0.406766
vt 0.178859 0.406766
vt 0.167712 0.404644
vt 0.167712 0.422022
vt 0.190005 0.404644
vt 0.065565 0.406766
vt 0.054418 0.404644
vt 0.205476 0.404644
vt 0.054418 0.422022
vt 0.205476 0.422022
vt 0.076712 0.404644
vt 0.103330 0.406766
vt 0.092183 0.404644
vt 0.092183 0.422022
vt 0.114477 0.404644
vt 0.129947 0.404644
vt 0.129947 0.422022
vt 0.525180 0.783408
vt 0.598786 0.783408
vt 0.598786 0.754448
vt 0.525181 0.754448
vt 0.525181 0.783408
vt 0.563045 0.750391
vt 0.560913 0.750391
vt 0.560913 0.785971
vt 0.563045 0.785971
vt 0.563045 0.750391
vt 0.560913 0.750391
vt 0.560913 0.785971
vt 0.599152 0.766725
vt 0.599152 0.768478
vt 0.524751 0.768478
vt 0.524751 0.766725
vt 0.563045 0.785971
vt 0.563045 0.750391
vt 0.563045 0.785971
vt 0.560913 0.785971
vt 0.524751 0.766725
vt 0.524751 0.768478
vt 0.956861 0.925873
vt 0.963315 0.925873
vt 0.963315 0.998328
vt 0.956861 0.998328
vt 0.999192 0.994936
vt 0.952975 0.994936
vt 0.952975 0.933440
vt 0.999192 0.933440
vt 0.541984 0.734904
vt 0.541984 0.721101
vt 0.599600 0.721101
vt 0.599600 0.734904
vt 0.599419 0.740750
vt 0.599419 0.717055
vt 0.570741 0.717055
vt 0.570741 0.740750
vt 0.542063 0.740750
vt 0.542063 0.717055
vt 0.953939 0.927081
vt 0.953939 0.932326
vt 0.998205 0.932326
vt 0.998205 0.927081
vt 0.454041 0.750074
vt 0.507945 0.750074
vt 0.507945 0.786688
vt 0.454041 0.786688
vt 0.462634 0.749845
vt 0.507674 0.749845
vt 0.507674 0.786914
vt 0.462634 0.786914
vt 0.465731 0.701677
vt 0.519485 0.701677
vt 0.519485 0.719291
vt 0.465731 0.719291
vt 0.952741 0.876886
vt 0.999198 0.876886
vt 0.999198 0.923190
vt 0.952741 0.923190
vt 0.952950 0.865031
vt 0.952950 0.809438
vt 0.998705 0.809438
vt 0.998705 0.865031
vt 0.594708 0.901280
vt 0.594708 0.928653
vt 0.596868 0.928653
vt 0.596868 0.901280
vt 0.396250 0.021250
vt 0.396250 0.228750
vt 0.396250 0.728750
vt 0.603750 0.728750
vt 0.853750 0.521250
vt 0.646250 0.521250
vt 0.396250 0.978750
vt 0.603750 0.978750
vt 0.603750 0.521250
vt 0.396250 0.521250
vt 0.853750 0.728750
vt 0.474804 0.952554
vt 0.483831 0.943528
vt 0.483830 0.952554
vt 0.461507 0.951883
vt 0.577791 0.941080
vt 0.566988 0.951883
vt 0.577097 0.847043
vt 0.458457 0.834893
vt 0.577097 0.834893
vt 0.576753 0.836164
vt 0.588874 0.848285
vt 0.446277 0.848285
vt 0.474678 0.952680
vt 0.474678 0.943526
vt 0.571844 0.952554
vt 0.580996 0.943401
vt 0.580996 0.952554
vt 0.485747 0.846371
vt 0.476721 0.837344
vt 0.485748 0.837344
vt 0.476595 0.846497
vt 0.485748 0.846497
vt 0.582912 0.846370
vt 0.573760 0.837217
vt 0.582912 0.837217
vt 0.459205 0.873715
vt 0.576462 0.861707
vt 0.576463 0.873715
vt 0.458658 0.849644
vt 0.576344 0.861697
vt 0.458658 0.861697
vt 0.576814 0.873799
vt 0.458769 0.861710
vt 0.576815 0.861710
vt 0.580411 0.863440
vt 0.591777 0.874807
vt 0.458054 0.874807
vt 0.576226 0.861722
vt 0.459085 0.849725
vt 0.576226 0.849725
vt 0.460169 0.888092
vt 0.579071 0.900268
vt 0.460169 0.900268
vt 0.574883 0.929455
vt 0.461156 0.941102
vt 0.461156 0.929455
vt 0.603750 0.771250
vt 0.396250 0.771250
vt 0.396250 0.271250
vt 0.396250 0.478750
vt 0.353750 0.728750
vt 0.353750 0.521250
vt 0.603750 0.021250
vt 0.146250 0.521250
vt 0.146250 0.728750
vt 0.603750 0.478750
vt 0.603750 0.228750
vt 0.603750 0.271250
vt 0.646250 0.728750
vt 0.538971 0.789204
vt 0.443338 0.884837
vt 0.443338 0.789204
vt 0.472284 0.981985
vt 0.589698 0.986009
vt 0.472284 0.986009
vt 0.472284 0.973504
vt 0.589698 0.977528
vt 0.472284 0.977528
vt 0.472284 0.973937
vt 0.589698 0.977961
vt 0.472284 0.977961
vt 0.472284 0.969913
vt 0.589698 0.973937
vt 0.538583 0.903531
vt 0.442950 0.999164
vt 0.442950 0.903531
vt 0.472284 0.933695
vt 0.589698 0.937719
vt 0.472284 0.937719
vt 0.473059 0.961432
vt 0.590473 0.965456
vt 0.473059 0.965456
vt 0.572319 0.869023
vt 0.454905 0.864999
vt 0.572319 0.864999
vt 0.472284 0.961864
vt 0.589698 0.965888
vt 0.472284 0.965888
vt 0.591677 0.830284
vt 0.496044 0.925917
vt 0.496044 0.830284
vt 0.459980 0.881333
vt 0.577394 0.885326
vt 0.459980 0.885326
vt 0.577394 0.881333
vt 0.459980 0.877339
vt 0.577394 0.877339
vt 0.572165 0.843504
vt 0.454751 0.839510
vt 0.572165 0.839510
vt 0.454751 0.835517
vt 0.589698 0.961864
vt 0.472284 0.957840
vt 0.589698 0.957840
vt 0.589698 0.960526
vt 0.472284 0.956502
vt 0.589698 0.956502
vt 0.589698 0.953816
vt 0.472284 0.949792
vt 0.589698 0.949792
vt 0.472284 0.945768
vt 0.589698 0.945768
vt 0.457742 0.853252
vt 0.575156 0.857245
vt 0.457742 0.857245
vt 0.454751 0.827530
vt 0.572165 0.831523
vt 0.454751 0.831523
vt 0.572165 0.827530
vt 0.454751 0.823536
vt 0.572165 0.823536
vt 0.540133 0.903143
vt 0.444500 0.998776
vt 0.444500 0.903143
vt 0.454751 0.855515
vt 0.572165 0.859539
vt 0.454751 0.859539
vt 0.472284 0.941744
vt 0.589698 0.941744
vt 0.572165 0.855515
vt 0.454751 0.851491
vt 0.572165 0.851491
vt 0.589332 0.938692
vt 0.471918 0.934668
vt 0.589332 0.934668
vt 0.580411 0.886173
vt 0.469420 0.886173
vt 0.459205 0.849699
vt 0.459205 0.861707
vt 0.462594 0.874677
vt 0.578126 0.886509
vt 0.462593 0.886509
vt 0.450806 0.941080
vt 0.461600 0.930287
vt 0.462593 0.874677
vt 0.578124 0.862846
vt 0.578126 0.874677
vt 0.577097 0.822743
vt 0.460289 0.873472
vt 0.586731 0.861726
vt 0.574985 0.873472
vt 0.459085 0.873718
vt 0.576226 0.873718
vt 0.574985 0.849980
vt 0.448543 0.861726
vt 0.574883 0.952749
vt 0.574884 0.941102
vt 0.579071 0.875915
vt 0.460169 0.875915
vt 0.458658 0.873749
vt 0.576815 0.849621
vt 0.458770 0.861710
vt 0.458768 0.849621
vt 0.571969 0.943528
vt 0.580996 0.943528
vt 0.588874 0.860405
vt 0.576753 0.860406
vt 0.573887 0.837344
vt 0.582912 0.837344
vt 0.474804 0.943527
vt 0.450806 0.951881
vt 0.450806 0.941078
vt 0.577791 0.951882
vt 0.458457 0.847043
vt 0.446277 0.836166
vt 0.458398 0.836164
vt 0.588874 0.836164
vt 0.483831 0.952680
vt 0.571843 0.943401
vt 0.476721 0.846370
vt 0.476595 0.837344
vt 0.573759 0.846370
vt 0.576345 0.849644
vt 0.458768 0.873799
vt 0.458054 0.863441
vt 0.469420 0.863441
vt 0.591777 0.863438
vt 0.459083 0.861722
vt 0.579072 0.888092
vt 0.538971 0.884837
vt 0.589698 0.981985
vt 0.589698 0.973504
vt 0.589698 0.969913
vt 0.538583 0.999164
vt 0.589698 0.933695
vt 0.590473 0.961432
vt 0.454905 0.869023
vt 0.591677 0.925917
vt 0.454751 0.843504
vt 0.572165 0.835517
vt 0.472284 0.960526
vt 0.472284 0.953816
vt 0.575156 0.853252
vt 0.540133 0.998776
vt 0.471918 0.938692
vt 0.458054 0.886174
vt 0.591777 0.886173
vt 0.576462 0.849699
vt 0.450806 0.930287
vt 0.566997 0.930287
vt 0.577791 0.930288
vt 0.462593 0.862846
vt 0.458457 0.822743
vt 0.448543 0.873472
vt 0.586731 0.873471
vt 0.448543 0.849980
vt 0.460289 0.849980
vt 0.586731 0.849980
vt 0.461156 0.952749
vt 0.576345 0.873749
vt 0.571969 0.952554
vt 0.458398 0.860406
vt 0.446277 0.860405
vt 0.573886 0.846371
vt 0.450211 0.835043
vt 0.450211 0.821287
vt 0.584536 0.821287
vt 0.584537 0.835043
vt 0.588874 0.840939
vt 0.446835 0.840939
vt 0.446836 0.826392
vt 0.588874 0.826392
vt 0.588875 0.870031
vt 0.446836 0.870031
vt 0.446839 0.855485
vt 0.588876 0.855485
vt 0.588876 0.884577
vt 0.446836 0.884577
vt 0.592391 0.788639
vt 0.592391 0.882665
vt 0.444495 0.882665
vt 0.444495 0.788639
vt 0.442667 0.997342
vt 0.442667 0.900240
vt 0.591849 0.900240
vt 0.591849 0.997342
vt 0.446835 0.855485
vt 0.446836 0.840939
vt 0.588875 0.840939
vt 0.588875 0.855485
vt 0.451663 0.834933
vt 0.451660 0.821473
vt 0.583087 0.821473
vt 0.583088 0.834933
vt 0.582615 0.821632
vt 0.582614 0.835095
vt 0.451158 0.835095
vt 0.451157 0.821632
vt 0.583877 0.821383
vt 0.583878 0.834992
vt 0.450992 0.834992
vt 0.450991 0.821383
vt 0.597994 0.998643
vt 0.594176 0.998643
vt 0.594176 0.870068
vt 0.597994 0.870068
vt 0.594176 0.869521
vt 0.597994 0.869521
vt 0.594176 0.869635
vt 0.597994 0.869635
vt 0.508515 0.752620
vt 0.508515 0.784686
vt 0.469222 0.784686
vt 0.469222 0.752620
vt 0.459522 0.751376
vt 0.498628 0.751376
vt 0.497697 0.753890
vt 0.460452 0.753890
vt 0.498628 0.785044
vt 0.499735 0.750387
vt 0.499735 0.786063
vt 0.505764 0.749955
vt 0.505763 0.786107
vt 0.471980 0.783938
vt 0.472059 0.752123
vt 0.517799 0.759210
vt 0.519017 0.780957
vt 0.462831 0.780957
vt 0.461437 0.756067
vt 0.461437 0.756066
vt 0.519017 0.780957
vt 0.459522 0.785044
vt 0.458414 0.786063
vt 0.458414 0.750387
vt 0.894886 0.671583
vt 0.903705 0.671583
vt 0.903705 0.688819
vt 0.894886 0.688819
vt 0.460452 0.782256
vt 0.497697 0.782256
vt 0.891290 0.669917
vt 0.907074 0.669917
vt 0.891290 0.690641
vt 0.907074 0.690641
vt 0.472055 0.752123
vt 0.471361 0.752166
vt 0.471982 0.751431
vt 0.469168 0.786302
vt 0.468361 0.784588
vt 0.471977 0.783938
vt 0.471901 0.784630
vt 0.471282 0.783895
vt 0.519156 0.782112
vt 0.520178 0.780958
vt 0.499846 0.786860
vt 0.500647 0.785269
vt 0.499847 0.749527
vt 0.500647 0.751126
vt 0.457502 0.751126
vt 0.458303 0.749527
vt 0.458303 0.786860
vt 0.457502 0.785269
vt 0.505767 0.749954
vt 0.505687 0.749263
vt 0.468361 0.752439
vt 0.505802 0.786806
vt 0.472018 0.784638
vt 0.505766 0.786107
vt 0.505685 0.786799
vt 0.462971 0.782116
vt 0.519156 0.782116
vt 0.518964 0.759268
vt 0.508568 0.786398
vt 0.469168 0.786398
vt 0.919699 0.871055
vt 0.902141 0.871055
vt 0.902141 0.863653
vt 0.919699 0.863653
vt 0.505360 0.750170
vt 0.461219 0.750170
vt 0.461219 0.787162
vt 0.505360 0.787162
vt 0.442237 0.744225
vt 0.442237 0.720248
vt 0.523954 0.720248
vt 0.523954 0.744225
vt 0.500466 0.746365
vt 0.443050 0.746340
vt 0.443050 0.742371
vt 0.500466 0.742371
vt 0.464493 0.748494
vt 0.500466 0.742371
vt 0.464456 0.742389
vt 0.464493 0.748494
vt 0.523421 0.748494
vt 0.523384 0.742389
vt 0.464456 0.742389
vt 0.500466 0.746365
vt 0.464420 0.748494
vt 0.446130 0.709988
vt 0.443901 0.709988
vt 0.443901 0.718329
vt 0.446130 0.718329
vt 0.455665 0.712584
vt 0.455613 0.709249
vt 0.445450 0.709510
vt 0.445193 0.711517
vt 0.454062 0.718505
vt 0.449104 0.718505
vt 0.449104 0.710164
vt 0.454062 0.710164
vt 0.455750 0.709988
vt 0.455750 0.718329
vt 0.445450 0.718329
vt 0.445450 0.709988
vt 0.489215 0.750170
vt 0.463536 0.750170
vt 0.461219 0.755920
vt 0.461219 0.781412
vt 0.463536 0.787162
vt 0.489215 0.787162
vt 0.443537 0.709988
vt 0.461297 0.709521
vt 0.463209 0.709988
vt 0.461296 0.709988
vt 0.461297 0.718797
vt 0.461296 0.718329
vt 0.463209 0.718329
vt 0.445450 0.718807
vt 0.443537 0.718329
vt 0.456945 0.709988
vt 0.456931 0.709238
vt 0.455765 0.719080
vt 0.444049 0.711309
vt 0.448412 0.709988
vt 0.450324 0.709521
vt 0.450324 0.713107
vt 0.448412 0.713107
vt 0.455325 0.709656
vt 0.456469 0.709865
vt 0.455814 0.713454
vt 0.454670 0.713246
vt 0.452349 0.712822
vt 0.453003 0.709233
vt 0.450808 0.709388
vt 0.451353 0.712641
vt 0.456945 0.718329
vt 0.456931 0.719080
vt 0.455765 0.709238
vt 0.493364 0.750170
vt 0.493364 0.787162
vt 0.454664 0.712892
vt 0.454682 0.709244
vt 0.450342 0.709517
vt 0.503043 0.750170
vt 0.503043 0.787162
vt 0.505360 0.781412
vt 0.505360 0.755920
vt 0.464317 0.716492
vt 0.464413 0.716588
vt 0.464306 0.716838
vt 0.464168 0.716838
vt 0.464663 0.716343
vt 0.464663 0.716481
vt 0.464413 0.717087
vt 0.464317 0.717183
vt 0.465010 0.717183
vt 0.464914 0.717087
vt 0.465021 0.716838
vt 0.465159 0.716838
vt 0.464663 0.717194
vt 0.464663 0.717332
vt 0.464914 0.716588
vt 0.465010 0.716492
vt 0.594646 0.934239
vt 0.594646 0.869280
vt 0.593404 0.869253
vt 0.593404 0.934212
vt 0.596636 0.934212
vt 0.596636 0.999171
vt 0.597792 0.999197
vt 0.597792 0.934239
vt 0.592788 0.869191
vt 0.592788 0.934150
vt 0.596219 0.934150
vt 0.596219 0.999108
vt 0.599034 0.999171
vt 0.599034 0.934212
vt 0.599650 0.999108
vt 0.599650 0.934150
vt 0.595803 0.934212
vt 0.595803 0.869253
vt 0.596219 0.934150
vt 0.596219 0.869191
vt 0.596219 0.966629
vt 0.595803 0.966691
vt 0.594646 0.966718
vt 0.599034 0.901733
vt 0.599650 0.901671
vt 0.597792 0.901760
vt 0.596219 0.901671
vt 0.596636 0.901733
vt 0.593404 0.966691
vt 0.592788 0.966629
vt 0.594646 0.999197
vt 0.593404 0.999171
vt 0.596636 0.869253
vt 0.597792 0.869280
vt 0.592788 0.999108
vt 0.596219 0.869191
vt 0.599034 0.869253
vt 0.599650 0.869191
vt 0.595803 0.999171
vt 0.596219 0.999108
vt 0.596219 0.950390
vt 0.595803 0.950452
vt 0.594646 0.950478
vt 0.599034 0.917972
vt 0.599650 0.917910
vt 0.597792 0.917999
vt 0.596219 0.917910
vt 0.596636 0.917972
vt 0.593404 0.950452
vt 0.592788 0.950390
vt 0.448255 0.750927
vt 0.510264 0.750927
vt 0.510264 0.785584
vt 0.459242 0.785584
vt 0.599354 0.713548
vt 0.599354 0.746084
vt 0.594840 0.743380
vt 0.594840 0.716252
vt 0.548042 0.743380
vt 0.548042 0.716252
vt 0.543229 0.746084
vt 0.543229 0.713548
vt 0.599354 0.746082
vt 0.594840 0.743378
vt 0.594840 0.716250
vt 0.548042 0.743378
vt 0.548042 0.716250
vt 0.543229 0.746082
vt 0.993994 0.975427
vt 0.976150 0.975427
vt 0.976150 0.989708
vt 0.993994 0.989708
vt 0.976151 0.975427
vt 0.976151 0.989708
s 0
usemtl Material
f 4/1/1 1/2/1 2/3/1 3/4/1
f 7/5/2 6/6/2 5/7/2 8/8/2
f 4/9/3 3/10/3 6/6/3 7/5/3
f 3/11/4 2/12/4 5/13/4 6/14/4
f 2/15/5 1/16/5 8/17/5 5/18/5
f 1/12/6 4/11/6 7/19/6 8/20/6
s 1
f 10/21/7 23/22/7 18/23/8 15/24/8
f 10/21/7 13/25/4 20/26/4 23/22/7
f 15/27/8 18/28/8 22/29/9 11/30/9
f 14/31/6 11/30/9 22/29/9 19/32/6
f 12/33/10 21/34/10 17/35/5 16/36/5
f 12/33/10 14/31/6 19/32/6 21/34/10
f 16/36/5 17/35/5 24/37/11 9/38/11
f 13/25/4 9/38/11 24/37/11 20/26/4
f 26/21/7 39/22/7 34/23/8 31/24/8
f 26/21/7 29/25/4 36/26/4 39/22/7
f 31/27/8 34/28/8 38/29/9 27/30/9
f 30/31/6 27/30/9 38/29/9 35/32/6
f 28/33/10 37/34/10 33/35/5 32/36/5
f 28/33/10 30/31/6 35/32/6 37/34/10
f 32/36/5 33/35/5 40/37/11 25/38/11
f 29/25/4 25/38/11 40/37/11 36/26/4
f 42/21/7 55/22/7 50/23/8 47/24/8
f 42/21/7 45/25/4 52/26/4 55/22/7
f 47/27/8 50/28/8 54/29/9 43/30/9
f 46/31/6 43/30/9 54/29/9 51/32/6
f 44/33/10 53/34/10 49/35/5 48/36/5
f 44/33/10 46/31/6 51/32/6 53/34/10
f 48/36/5 49/35/5 56/37/11 41/38/11
f 45/25/4 41/38/11 56/37/11 52/26/4
f 58/21/7 71/22/7 66/23/8 63/24/8
f 58/21/7 61/25/4 68/26/4 71/22/7
f 63/27/8 66/28/8 70/29/9 59/30/9
f 62/31/6 59/30/9 70/29/9 67/32/6
f 60/33/10 69/34/10 65/35/5 64/36/5
f 60/33/10 62/31/6 67/32/6 69/34/10
f 64/36/5 65/35/5 72/37/11 57/38/11
f 61/25/4 57/38/11 72/37/11 68/26/4
s 0
f 75/39/2 74/40/2 73/41/2 76/42/2
f 78/43/3 77/44/3 79/45/3 80/46/3
f 83/47/3 84/48/3 82/49/3 81/50/3
f 92/51/1 91/52/1 85/3/1 86/53/1
f 87/54/8 92/55/8 86/56/8 90/57/8 93/58/8 94/59/8
f 87/60/1 88/2/1 91/52/1 92/51/1
f 93/61/2 90/62/2 89/63/2 96/64/2
f 85/56/5 91/55/5 88/54/5 95/59/5 96/58/5 89/57/5
f 86/53/4 85/3/4 89/3/4 90/53/4
f 93/61/12 96/64/12 95/65/12 94/66/12
f 88/2/6 87/60/6 94/67/6 95/2/6
s 1
f 97/68/13 98/69/14 100/70/15 99/71/16
f 99/71/16 100/70/15 102/72/17 101/68/18
f 101/68/18 102/72/17 104/70/19 103/71/20
f 103/71/20 104/70/19 106/69/21 105/68/22
f 105/68/22 106/69/21 108/73/23 107/71/24
f 107/71/24 108/73/23 110/69/25 109/68/26
f 106/74/21 104/75/19 116/76/27 117/77/28
f 109/68/26 110/69/25 112/73/29 111/71/30
f 111/71/30 112/73/29 98/69/14 97/68/13
f 105/78/22 107/79/24 126/80/31 125/81/1
f 113/82/32 114/83/33 120/84/34 119/85/35 118/86/36 117/87/28 116/88/27 115/89/37
f 112/75/29 110/74/25 119/90/35 120/91/34
f 102/74/17 100/75/15 113/92/32 115/77/37
f 108/75/23 106/74/21 117/77/28 118/93/36
f 98/74/14 112/75/29 120/91/34 114/94/33
f 100/75/15 98/74/14 114/94/33 113/92/32
f 104/75/19 102/74/17 115/77/37 116/76/27
f 110/74/25 108/75/23 118/93/36 119/90/35
s 0
f 121/95/6 122/96/6 123/97/6 124/98/6 125/99/6 126/100/6 127/101/6 128/102/6
s 1
f 111/79/30 97/78/13 121/81/2 128/80/38
f 97/78/13 99/79/16 122/80/39 121/81/2
f 101/78/18 103/79/20 124/80/40 123/81/5
f 107/79/24 109/78/26 127/81/8 126/80/31
f 103/79/20 105/78/22 125/81/1 124/80/40
f 109/78/26 111/79/30 128/80/38 127/81/8
f 99/79/16 101/78/18 123/81/5 122/80/39
s 0
f 131/103/8 130/104/8 134/105/8 135/106/8
f 129/107/5 132/108/5 138/109/5 133/110/5
f 133/111/41 138/112/41 140/113/41 137/114/41
f 130/104/4 129/107/4 133/110/4 134/105/4
f 136/113/4 137/114/4 145/115/4 148/116/4
f 132/108/6 131/103/6 135/106/6 138/109/6
f 134/117/42 133/111/42 137/114/42 136/113/42
f 138/112/43 135/118/43 139/114/43 140/113/43
f 135/118/44 134/117/44 136/113/44 139/114/44
f 143/119/2 144/120/2 141/121/2 142/122/2
f 139/114/8 136/113/8 148/116/8 147/115/8
f 140/113/6 139/114/6 147/115/6 146/116/6
f 137/114/5 140/113/5 146/116/5 145/115/5
f 142/122/45 141/121/45 145/123/45 146/124/45
f 144/120/46 143/119/46 147/125/46 148/126/46
f 143/119/47 142/122/47 146/124/47 147/125/47
f 141/121/48 144/120/48 148/126/48 145/123/48
f 150/127/4 149/128/4 151/129/4 152/130/4
s 1
f 208/131/49 166/132/50 156/133/51 167/134/52
f 204/135/53 172/136/54 160/137/55 173/138/56
f 200/139/57 178/140/58 158/141/59 179/142/60
f 196/143/61 184/144/62 154/145/63 164/146/64
f 192/147/65 175/148/66 157/149/67 182/150/68
f 188/151/69 165/152/70 154/145/63 184/144/62
f 178/140/58 186/153/71 183/154/72 158/141/59
f 186/153/71 188/151/69 184/144/62 183/154/72
f 160/137/55 172/136/54 185/155/73 177/156/74
f 177/157/74 185/158/73 186/153/71 178/140/58
f 172/136/54 171/159/75 187/160/76 185/155/73
f 185/161/73 187/160/76 188/151/69 186/162/71
f 171/159/75 156/133/51 166/132/50 187/160/76
f 187/160/76 166/132/50 165/152/70 188/151/69
f 162/163/77 190/164/78 181/165/79 153/166/80
f 190/164/78 192/147/65 182/150/68 181/165/79
f 155/167/81 170/168/82 189/169/83 161/170/84
f 161/170/84 189/169/83 190/164/78 162/163/77
f 170/168/82 169/171/85 191/172/86 189/169/83
f 189/169/83 191/172/86 192/147/65 190/164/78
f 169/171/85 159/173/87 176/174/88 191/172/86
f 191/175/86 176/176/88 175/148/66 192/147/65
f 181/165/79 194/177/89 163/178/90 153/166/80
f 194/177/89 196/143/61 164/146/64 163/178/90
f 157/149/67 180/179/91 193/180/92 182/150/68
f 182/150/68 193/180/92 194/177/89 181/165/79
f 180/179/91 179/142/60 195/181/93 193/180/92
f 193/180/92 195/181/93 196/143/61 194/177/89
f 179/142/60 158/141/59 183/154/72 195/181/93
f 195/181/93 183/154/72 184/144/62 196/143/61
f 175/148/66 198/182/94 180/179/91 157/149/67
f 198/182/94 200/139/57 179/142/60 180/179/91
f 159/173/87 174/183/95 197/184/96 176/174/88
f 176/176/88 197/185/96 198/182/94 175/148/66
f 174/183/95 173/138/56 199/186/97 197/184/96
f 197/185/96 199/187/97 200/139/57 198/182/94
f 173/138/56 160/137/55 177/156/74 199/186/97
f 199/187/97 177/157/74 178/140/58 200/139/57
f 169/171/85 202/188/98 174/183/95 159/173/87
f 202/188/98 204/135/53 173/138/56 174/183/95
f 155/167/81 168/189/99 201/190/100 170/168/82
f 170/168/82 201/190/100 202/188/98 169/171/85
f 168/189/99 167/134/52 203/191/101 201/190/100
f 201/190/100 203/191/101 204/135/53 202/188/98
f 167/134/52 156/133/51 171/159/75 203/191/101
f 203/191/101 171/159/75 172/136/54 204/135/53
f 161/170/84 206/192/102 168/189/99 155/167/81
f 206/192/102 208/131/49 167/134/52 168/189/99
f 153/166/80 163/178/90 205/193/103 162/163/77
f 162/163/77 205/193/103 206/192/102 161/170/84
f 163/178/90 164/146/64 207/194/104 205/193/103
f 205/193/103 207/194/104 208/131/49 206/192/102
f 164/146/64 154/145/63 165/152/70 207/194/104
f 207/194/104 165/152/70 166/132/50 208/131/49
s 0
f 216/195/2 213/196/2 209/197/2 210/198/2
f 212/196/2 211/199/2 210/198/2 209/197/2
f 219/195/1 215/198/1 218/197/1 220/196/1
f 217/196/1 218/197/1 215/198/1 214/199/1
f 209/200/6 218/201/6 217/202/6 212/203/6
f 210/204/4 215/205/4 219/206/4 216/203/4
f 212/207/8 217/208/8 214/209/8 211/210/8
f 211/211/4 214/202/4 215/201/4 210/212/4
f 213/213/6 220/214/6 218/205/6 209/204/6
f 216/215/5 219/216/5 220/208/5 213/207/5
f 223/196/2 221/199/2 222/198/2 224/197/2
f 224/196/2 222/199/2 226/198/2 228/197/2
f 253/217/6 252/218/6 251/219/6 254/220/6
f 249/221/8 251/222/8 252/223/8 250/224/8
f 226/225/5 232/226/5 231/227/5 228/228/5
f 221/229/4 230/230/4 229/231/4 222/232/4
f 228/233/6 231/234/6 225/231/6 224/232/6
f 223/228/8 227/227/8 230/226/8 221/225/8
f 224/232/6 225/231/6 227/230/6 223/229/6
f 222/232/4 229/231/4 232/234/4 226/233/4
f 236/221/8 234/222/8 233/223/8 235/224/8
f 240/217/6 233/218/6 234/219/6 239/220/6
f 237/235/1 235/236/1 233/237/1 240/238/1
f 238/220/4 236/219/4 235/218/4 237/217/4
f 239/238/2 234/237/2 236/236/2 238/235/2
f 241/221/8 242/224/8 244/223/8 243/222/8
f 248/217/4 247/220/4 243/219/4 244/218/4
f 245/235/1 248/238/1 244/237/1 242/236/1
f 246/220/6 245/217/6 242/218/6 241/219/6
f 247/238/2 246/235/2 241/236/2 243/237/2
f 256/235/1 250/236/1 252/237/1 253/238/1
f 255/220/4 249/219/4 250/218/4 256/217/4
f 254/238/2 251/237/2 249/236/2 255/235/2
f 261/217/6 260/218/6 259/219/6 262/220/6
f 257/221/8 259/222/8 260/223/8 258/224/8
f 264/235/1 258/236/1 260/237/1 261/238/1
f 263/220/4 257/219/4 258/218/4 264/217/4
f 262/238/2 259/237/2 257/236/2 263/235/2
f 269/217/6 268/218/6 267/219/6 270/220/6
f 265/221/8 267/222/8 268/223/8 266/224/8
f 272/235/1 266/236/1 268/237/1 269/238/1
f 271/220/4 265/219/4 266/218/4 272/217/4
f 270/238/2 267/237/2 265/236/2 271/235/2
f 273/221/8 274/224/8 276/223/8 275/222/8
f 280/217/4 279/220/4 275/219/4 276/218/4
f 277/235/1 280/238/1 276/237/1 274/236/1
f 278/220/6 277/217/6 274/218/6 273/219/6
f 279/238/2 278/235/2 273/236/2 275/237/2
f 301/217/4 300/218/4 299/219/4 302/220/4
f 297/221/5 299/222/5 300/223/5 298/224/5
f 282/220/4 281/217/4 287/218/4 288/219/4
f 281/235/1 284/238/1 285/237/1 287/236/1
f 283/238/2 282/235/2 288/236/2 286/237/2
f 284/217/6 283/220/6 286/219/6 285/218/6
f 288/221/5 287/224/5 285/223/5 286/222/5
f 290/220/4 289/217/4 295/218/4 296/219/4
f 292/217/6 291/220/6 294/219/6 293/218/6
f 296/221/5 295/224/5 293/223/5 294/222/5
f 291/238/2 290/235/2 296/236/2 294/237/2
f 289/235/1 292/238/1 293/237/1 295/236/1
f 304/235/1 298/236/1 300/237/1 301/238/1
f 303/220/6 297/219/6 298/218/6 304/217/6
f 302/238/2 299/237/2 297/236/2 303/235/2
f 309/217/4 308/218/4 307/219/4 310/220/4
f 305/221/5 307/222/5 308/223/5 306/224/5
f 312/235/1 306/236/1 308/237/1 309/238/1
f 311/220/6 305/219/6 306/218/6 312/217/6
f 310/238/2 307/237/2 305/236/2 311/235/2
f 317/217/4 316/218/4 315/219/4 318/220/4
f 313/221/5 315/222/5 316/223/5 314/224/5
f 320/235/1 314/236/1 316/237/1 317/238/1
f 319/220/6 313/219/6 314/218/6 320/217/6
f 318/238/2 315/237/2 313/236/2 319/235/2
f 321/221/5 322/224/5 324/223/5 323/222/5
f 328/217/6 327/220/6 323/219/6 324/218/6
f 325/235/1 328/238/1 324/237/1 322/236/1
f 326/220/4 325/217/4 322/218/4 321/219/4
f 327/238/2 326/235/2 321/236/2 323/237/2
f 332/221/8 330/222/8 329/223/8 331/224/8
f 336/217/105 329/218/105 330/219/105 335/220/105
f 333/235/106 331/236/106 329/237/106 336/238/106
f 334/220/107 332/219/107 331/218/107 333/217/107
f 335/238/108 330/237/108 332/236/108 334/235/108
f 340/1/1 337/2/1 338/3/1 339/4/1
f 343/60/2 342/53/2 341/3/2 344/2/2
f 340/196/8 339/199/8 342/199/8 343/196/8
f 339/239/4 338/240/4 341/241/4 342/242/4
f 338/243/5 337/244/5 344/245/5 341/246/5
f 337/240/6 340/239/6 343/242/6 344/241/6
f 347/247/6 348/248/6 349/249/6 350/250/6
f 352/251/5 351/252/5 354/253/5 353/254/5
f 356/251/5 355/252/5 358/253/5 357/254/5
s 1
f 360/21/109 365/24/5 368/23/5 373/22/109
f 360/21/110 363/25/4 370/26/4 373/22/110
f 365/27/5 361/30/111 372/29/111 368/28/5
f 364/31/6 361/30/112 372/29/112 369/32/6
f 362/33/113 366/36/8 367/35/8 371/34/113
f 362/33/114 364/31/6 369/32/6 371/34/114
f 366/36/8 359/38/115 374/37/115 367/35/8
f 363/25/4 359/38/116 374/37/116 370/26/4
f 376/21/7 389/22/7 384/23/8 381/24/8
f 376/21/7 379/25/4 386/26/4 389/22/7
f 381/27/8 384/28/8 388/29/9 377/30/9
f 380/31/6 377/30/9 388/29/9 385/32/6
f 378/33/10 387/34/10 383/35/5 382/36/5
f 378/33/10 380/31/6 385/32/6 387/34/10
f 382/36/5 383/35/5 390/37/11 375/38/11
f 379/25/4 375/38/11 390/37/11 386/26/4
f 392/21/7 405/22/7 400/23/8 397/24/8
f 392/21/7 395/25/4 402/26/4 405/22/7
f 397/27/8 400/28/8 404/29/9 393/30/9
f 396/31/6 393/30/9 404/29/9 401/32/6
f 394/33/10 403/34/10 399/35/5 398/36/5
f 394/33/10 396/31/6 401/32/6 403/34/10
f 398/36/5 399/35/5 406/37/11 391/38/11
f 395/25/4 391/38/11 406/37/11 402/26/4
f 408/21/7 421/22/7 416/23/8 413/24/8
f 408/21/7 411/25/4 418/26/4 421/22/7
f 413/27/8 416/28/8 420/29/9 409/30/9
f 412/31/6 409/30/9 420/29/9 417/32/6
f 410/33/10 419/34/10 415/35/5 414/36/5
f 410/33/10 412/31/6 417/32/6 419/34/10
f 414/36/5 415/35/5 422/37/11 407/38/11
f 411/25/4 407/38/11 422/37/11 418/26/4
s 0
f 424/255/5 423/256/5 426/257/5 425/258/5
f 346/251/5 345/252/5 428/253/5 427/254/5
f 430/251/5 429/252/5 432/253/5 431/254/5
f 433/259/117 445/260/117 435/261/117 434/262/117
f 434/262/118 435/261/118 437/260/118 436/259/118
f 436/259/119 437/260/119 449/261/119 438/262/119
f 438/262/120 449/261/120 440/260/120 439/259/120
f 439/259/121 440/260/121 451/261/121 441/262/121
f 441/262/122 451/261/122 443/260/122 442/259/122
f 442/259/123 443/260/123 452/261/123 444/262/123
f 444/262/124 452/261/124 445/260/124 433/259/124
f 445/259/117 446/260/117 447/261/117 435/262/117
f 435/262/118 447/261/118 448/260/118 437/259/118
f 437/259/119 448/260/119 450/261/119 449/262/119
f 449/262/120 450/261/120 454/260/120 440/259/120
f 440/259/121 454/260/121 455/261/121 451/262/121
f 451/262/122 455/261/122 457/260/122 443/259/122
f 443/259/123 457/260/123 453/261/123 452/262/123
f 452/262/124 453/261/124 446/260/124 445/259/124
f 446/259/125 460/260/125 462/261/125 447/262/125
f 447/262/126 462/261/126 463/260/126 448/259/126
f 448/259/127 463/260/127 464/261/127 450/262/127
f 450/262/128 464/261/128 466/260/128 454/259/128
f 454/259/129 466/260/129 456/261/129 455/262/129
f 455/262/130 456/261/130 458/260/130 457/259/130
f 457/259/131 458/260/131 459/261/131 453/262/131
f 453/262/132 459/261/132 460/260/132 446/259/132
f 460/259/133 461/260/133 467/261/133 462/262/133
f 462/262/134 467/261/134 468/260/134 463/259/134
f 463/259/135 468/260/135 465/261/135 464/262/135
f 464/262/136 465/261/136 469/260/136 466/259/136
f 466/259/137 469/260/137 471/261/137 456/262/137
f 456/262/138 471/261/138 472/260/138 458/259/138
f 458/259/139 472/260/139 473/261/139 459/262/139
f 459/262/140 473/261/140 461/260/140 460/259/140
f 461/259/141 474/260/141 475/261/141 467/262/141
f 467/262/142 475/261/142 477/260/142 468/259/142
f 468/259/143 477/260/143 478/261/143 465/262/143
f 465/262/144 478/261/144 470/260/144 469/259/144
f 469/259/145 470/260/145 481/261/145 471/262/145
f 471/262/146 481/261/146 483/260/146 472/259/146
f 472/259/147 483/260/147 484/261/147 473/262/147
f 473/262/148 484/261/148 474/260/148 461/259/148
f 474/259/149 486/260/149 476/261/149 475/262/149
f 475/262/150 476/261/150 489/260/150 477/259/150
f 477/259/151 489/260/151 479/261/151 478/262/151
f 478/262/152 479/261/152 480/260/152 470/259/152
f 470/259/153 480/260/153 482/261/153 481/262/153
f 481/262/154 482/261/154 492/260/154 483/259/154
f 483/259/155 492/260/155 485/261/155 484/262/155
f 484/262/156 485/261/156 486/260/156 474/259/156
f 486/259/157 487/260/157 488/261/157 476/262/157
f 476/262/158 488/261/158 490/260/158 489/259/158
f 489/259/159 490/260/159 497/261/159 479/262/159
f 479/262/160 497/261/160 491/260/160 480/259/160
f 480/259/161 491/260/161 500/261/161 482/262/161
f 482/262/162 500/261/162 502/260/162 492/259/162
f 492/259/163 502/260/163 493/261/163 485/262/163
f 485/262/164 493/261/164 487/260/164 486/259/164
f 487/259/165 494/260/165 495/261/165 488/262/165
f 488/262/166 495/261/166 496/260/166 490/259/166
f 490/259/167 496/260/167 498/261/167 497/262/167
f 497/262/168 498/261/168 499/260/168 491/259/168
f 491/259/169 499/260/169 501/261/169 500/262/169
f 500/262/170 501/261/170 503/260/170 502/259/170
f 502/259/171 503/260/171 504/261/171 493/262/171
f 493/262/172 504/261/172 494/260/172 487/259/172
f 517/263/173 545/264/1 510/264/174
f 508/265/6 539/266/1 507/266/6
f 528/267/175 558/268/175 527/268/175
f 512/269/6 542/270/1 511/270/6
f 505/271/176 538/272/1 506/272/6
f 523/273/173 560/267/1 528/267/174
f 530/274/4 522/275/4 597/276/4
f 517/277/1 533/278/1 518/279/1
f 528/280/6 589/281/6 592/282/6
f 513/283/5 534/284/5 531/285/5
f 519/275/6 532/286/6 587/287/6
f 586/288/6 585/289/6 533/290/6
f 526/291/4 529/292/4 600/293/4
f 590/294/6 589/293/6 527/295/6
f 591/296/6 592/297/6 536/298/6
f 591/299/1 518/300/1 585/301/1
f 526/302/4 599/303/4 598/304/4
f 525/305/4 600/306/4 593/307/4
f 507/308/2 532/309/2 535/310/2
f 527/311/6 587/312/6 590/313/6
f 522/314/4 596/315/4 597/316/4
f 525/317/4 595/318/4 520/319/4
f 515/320/176 544/321/1 516/321/6
f 521/322/175 549/323/175 514/323/175
f 520/324/173 555/325/1 525/325/174
f 507/266/173 537/271/1 505/271/174
f 518/326/176 546/263/1 517/263/6
f 526/327/177 554/328/1 522/328/178
f 511/270/175 543/320/175 515/320/175
f 514/323/6 551/329/1 513/329/6
f 506/272/177 540/265/1 508/265/178
f 510/264/6 548/330/1 509/330/6
f 525/325/175 553/327/175 526/327/175
f 516/321/175 541/269/175 512/269/175
f 524/331/176 550/322/1 521/322/6
f 509/330/177 547/326/1 518/326/178
f 519/332/175 557/273/175 523/273/175
f 513/329/175 552/331/175 524/331/175
f 527/268/177 556/332/1 519/332/178
f 522/328/175 559/324/175 520/324/175
f 562/333/6 564/334/6 561/335/6
f 562/336/8 558/337/8 560/338/8
f 563/339/2 560/340/2 557/341/2
f 564/342/5 557/343/5 556/344/5
f 561/345/1 556/346/1 558/342/1
f 566/347/8 568/348/8 565/349/8
f 566/350/1 544/351/1 543/352/1
f 567/353/4 543/354/4 542/355/4
f 568/356/2 542/357/2 541/358/2
f 565/359/6 541/360/6 544/361/6
f 570/362/1 572/363/1 569/364/1
f 570/365/5 546/366/5 547/367/5
f 571/368/4 547/369/4 548/370/4
f 572/371/8 548/372/8 545/373/8
f 569/374/6 545/373/6 546/372/6
f 574/333/4 576/334/4 573/335/4
f 574/375/8 553/376/8 555/377/8
f 575/378/1 555/379/1 559/380/1
f 576/381/5 559/382/5 554/383/5
f 573/383/2 554/384/2 553/385/2
f 578/362/2 580/363/2 577/364/2
f 578/386/8 538/387/8 537/388/8
f 579/389/4 537/390/4 539/391/4
f 580/392/5 539/393/5 540/394/5
f 577/392/6 540/393/6 538/394/6
f 582/395/5 584/396/5 581/397/5
f 582/398/2 550/399/2 552/400/2
f 583/385/4 552/401/4 551/402/4
f 584/403/1 551/404/1 549/405/1
f 581/406/6 549/407/6 550/408/6
f 515/409/8 516/410/8 535/310/8
f 523/411/6 591/300/6 585/412/6
f 511/413/8 588/414/8 586/415/8
f 533/278/8 530/416/8 512/417/8
f 588/418/6 523/419/6 586/420/6
f 589/281/5 524/421/5 592/282/5
f 521/422/5 536/423/5 524/424/5
f 587/425/2 505/311/2 590/426/2
f 509/427/1 536/423/1 529/428/1
f 506/429/2 595/318/2 594/430/2
f 596/431/8 512/314/8 597/432/8
f 599/303/1 510/433/1 598/304/1
f 600/434/5 514/435/5 593/436/5
f 535/290/4 520/437/4 595/438/4
f 534/284/2 590/439/2 505/440/2
f 594/296/4 593/441/4 531/442/4
f 517/263/1 546/263/178 545/264/177
f 508/265/1 540/265/6 539/266/176
f 528/267/175 560/267/175 558/268/175
f 512/269/1 541/269/6 542/270/176
f 505/271/1 537/271/6 538/272/6
f 523/273/1 557/273/178 560/267/177
f 530/274/4 599/443/4 522/275/4
f 517/277/1 599/444/1 530/445/1
f 530/445/1 533/278/1 517/277/1
f 533/278/1 585/446/1 518/279/1
f 528/280/6 527/447/6 589/281/6
f 531/285/5 593/448/5 514/449/5
f 513/283/5 589/450/5 534/284/5
f 531/285/5 514/449/5 513/283/5
f 519/275/6 588/451/6 532/286/6
f 586/288/6 523/452/6 585/289/6
f 526/291/4 598/453/4 529/292/4
f 590/294/6 534/454/6 589/293/6
f 591/296/6 528/455/6 592/297/6
f 591/299/1 509/412/1 518/300/1
f 526/302/4 522/456/4 599/303/4
f 525/305/4 526/457/4 600/306/4
f 535/310/2 595/458/2 508/459/2
f 507/308/2 587/460/2 532/309/2
f 535/310/2 508/459/2 507/308/2
f 527/311/6 519/461/6 587/312/6
f 522/314/4 520/462/4 596/315/4
f 525/317/4 594/430/4 595/318/4
f 515/320/1 543/320/6 544/321/6
f 521/322/175 550/322/175 549/323/175
f 520/324/1 559/324/178 555/325/177
f 507/266/1 539/266/178 537/271/177
f 518/326/1 547/326/6 546/263/6
f 526/327/1 553/327/174 554/328/173
f 511/270/175 542/270/175 543/320/175
f 514/323/1 549/323/6 551/329/176
f 506/272/1 538/272/174 540/265/173
f 510/264/1 545/264/6 548/330/176
f 525/325/175 555/325/175 553/327/175
f 516/321/175 544/321/175 541/269/175
f 524/331/1 552/331/6 550/322/6
f 509/330/1 548/330/174 547/326/173
f 519/332/175 556/332/175 557/273/175
f 513/329/175 551/329/175 552/331/175
f 527/268/1 558/268/174 556/332/173
f 522/328/175 554/328/175 559/324/175
f 562/333/6 563/463/6 564/334/6
f 562/336/8 561/464/8 558/337/8
f 563/339/2 562/465/2 560/340/2
f 564/342/5 563/346/5 557/343/5
f 561/345/1 564/466/1 556/346/1
f 566/347/8 567/467/8 568/348/8
f 566/350/1 565/468/1 544/351/1
f 567/353/4 566/469/4 543/354/4
f 568/356/2 567/470/2 542/357/2
f 565/359/6 568/375/6 541/360/6
f 570/362/1 571/471/1 572/363/1
f 570/365/5 569/368/5 546/366/5
f 571/368/4 570/365/4 547/369/4
f 572/371/8 571/472/8 548/372/8
f 569/374/6 572/473/6 545/373/6
f 574/333/4 575/463/4 576/334/4
f 574/375/8 573/359/8 553/376/8
f 575/378/1 574/474/1 555/379/1
f 576/381/5 575/475/5 559/382/5
f 573/383/2 576/382/2 554/384/2
f 578/362/2 579/471/2 580/363/2
f 578/386/8 577/476/8 538/387/8
f 579/389/4 578/392/4 537/390/4
f 580/392/5 579/389/5 539/393/5
f 577/392/6 580/389/6 540/393/6
f 582/395/5 583/477/5 584/396/5
f 582/398/2 581/403/2 550/399/2
f 583/385/4 582/384/4 552/401/4
f 584/403/1 583/398/1 551/404/1
f 581/406/6 584/478/6 549/407/6
f 516/410/8 596/479/8 535/310/8
f 535/310/8 532/309/8 515/409/8
f 532/309/8 588/480/8 515/409/8
f 523/411/6 528/481/6 591/300/6
f 511/413/8 515/420/8 588/414/8
f 530/416/8 597/482/8 512/417/8
f 512/417/8 511/483/8 533/278/8
f 511/483/8 586/484/8 533/278/8
f 588/418/6 519/485/6 523/419/6
f 589/281/5 513/486/5 524/421/5
f 521/422/5 600/487/5 529/428/5
f 529/428/5 536/423/5 521/422/5
f 536/423/5 592/488/5 524/424/5
f 587/425/2 507/461/2 505/311/2
f 529/428/1 598/489/1 510/490/1
f 509/427/1 591/491/1 536/423/1
f 529/428/1 510/490/1 509/427/1
f 506/429/2 508/492/2 595/318/2
f 596/431/8 516/462/8 512/314/8
f 599/303/1 517/493/1 510/433/1
f 600/434/5 521/307/5 514/435/5
f 535/290/4 596/494/4 520/437/4
f 505/440/2 506/495/2 531/285/2
f 506/495/2 594/496/2 531/285/2
f 531/285/2 534/284/2 505/440/2
f 594/296/4 525/497/4 593/441/4
f 606/264/175 613/263/175 642/263/175 641/264/175
f 603/266/179 604/265/1 636/265/180 635/266/1
f 623/268/181 624/267/1 656/267/182 654/268/1
f 607/270/179 608/269/1 637/269/180 638/270/2
f 602/272/180 601/271/2 633/271/179 634/272/1
f 624/267/175 619/273/175 653/273/175 656/267/175
f 693/276/183 626/274/183 695/443/183 618/275/183
f 613/277/184 695/444/184 626/445/184 629/278/184 681/446/184 614/279/184
f 688/282/182 624/280/182 623/447/182 685/281/182
f 689/448/1 610/449/1 609/283/1 685/450/1 630/284/1 627/285/1
f 683/287/182 615/275/182 684/451/182 628/286/182
f 682/288/182 619/452/182 681/289/182 629/290/182
f 696/293/183 622/291/183 694/453/183 625/292/183
f 686/294/182 630/454/182 685/293/182 623/295/182
f 687/296/182 624/455/182 688/297/182 632/298/182
f 687/498/184 605/499/184 614/500/184 681/501/184
f 622/502/183 618/503/183 695/504/183 694/505/183
f 621/305/183 622/457/183 696/306/183 689/307/183
f 691/458/185 604/459/185 603/308/185 683/460/185 628/309/185 631/310/185
f 623/506/182 615/507/182 683/508/182 686/509/182
f 618/314/183 616/462/183 692/315/183 693/316/183
f 616/507/183 621/506/183 690/510/183 691/511/183
f 612/321/180 611/320/2 639/320/179 640/321/1
f 610/323/181 617/322/1 646/322/182 645/323/1
f 621/325/175 616/324/175 655/324/175 651/325/175
f 601/271/175 603/266/175 635/266/175 633/271/175
f 613/263/180 614/326/1 643/326/179 642/263/1
f 618/328/175 622/327/175 649/327/175 650/328/175
f 611/320/181 607/270/1 638/270/182 639/320/1
f 609/329/179 610/323/1 645/323/180 647/329/2
f 604/265/175 602/272/175 634/272/175 636/265/175
f 605/330/179 606/264/1 641/264/180 644/330/2
f 622/327/182 621/325/1 651/325/181 649/327/1
f 608/269/182 612/321/1 640/321/181 637/269/1
f 617/322/180 620/331/2 648/331/179 646/322/1
f 614/326/175 605/330/175 644/330/175 643/326/175
f 619/273/182 615/332/1 652/332/181 653/273/1
f 620/331/182 609/329/1 647/329/181 648/331/1
f 615/332/175 623/268/175 654/268/175 652/332/175
f 616/324/181 618/328/1 650/328/182 655/324/1
f 657/512/182 658/513/182 659/514/182 660/515/182
f 656/338/2 658/336/2 657/464/2 654/337/2
f 653/341/185 659/339/185 658/465/185 656/340/185
f 652/344/1 660/342/1 659/346/1 653/343/1
f 654/342/184 657/345/184 660/466/184 652/346/184
f 661/349/2 662/347/2 663/467/2 664/348/2
f 639/352/184 662/350/184 661/468/184 640/351/184
f 638/355/183 663/353/183 662/469/183 639/354/183
f 637/358/185 664/356/185 663/470/185 638/357/185
f 640/361/182 661/359/182 664/375/182 637/360/182
f 665/516/184 666/517/184 667/518/184 668/519/184
f 643/367/1 666/365/1 665/368/1 642/366/1
f 644/370/183 667/368/183 666/365/183 643/369/183
f 641/373/2 668/371/2 667/472/2 644/372/2
f 642/372/182 665/374/182 668/473/182 641/373/182
f 669/512/183 670/513/183 671/514/183 672/515/183
f 651/377/2 670/375/2 669/359/2 649/376/2
f 655/380/184 671/378/184 670/474/184 651/379/184
f 650/383/1 672/381/1 671/475/1 655/382/1
f 649/385/185 669/383/185 672/382/185 650/384/185
f 673/516/185 674/517/185 675/518/185 676/519/185
f 633/388/2 674/386/2 673/476/2 634/387/2
f 635/391/183 675/389/183 674/392/183 633/390/183
f 636/394/1 676/392/1 675/389/1 635/393/1
f 634/394/182 673/392/182 676/389/182 636/393/182
f 677/397/1 678/395/1 679/477/1 680/396/1
f 648/400/185 678/398/185 677/403/185 646/399/185
f 647/402/183 679/385/183 678/384/183 648/401/183
f 645/405/184 680/403/184 679/398/184 647/404/184
f 646/408/182 677/406/182 680/478/182 645/407/182
f 612/410/2 692/479/2 631/310/2 628/309/2 684/480/2 611/409/2
f 681/520/182 619/521/182 624/522/182 687/523/182
f 682/415/2 607/413/2 611/420/2 684/414/2
f 693/482/2 608/417/2 607/483/2 682/484/2 629/278/2 626/416/2
f 684/418/182 615/485/182 619/419/182 682/420/182
f 685/281/1 609/486/1 620/421/1 688/282/1
f 617/422/1 696/487/1 625/428/1 632/423/1 688/488/1 620/424/1
f 683/524/185 603/525/185 601/526/185 686/527/185
f 694/489/184 606/490/184 605/427/184 687/491/184 632/423/184 625/428/184
f 690/528/185 602/529/185 604/530/185 691/531/185
f 692/431/2 612/462/2 608/314/2 693/432/2
f 695/532/184 613/533/184 606/534/184 694/535/184
f 696/434/1 617/307/1 610/435/1 689/436/1
f 691/438/183 631/290/183 692/494/183 616/437/183
f 602/495/185 690/496/185 627/285/185 630/284/185 686/439/185 601/440/185
f 690/296/183 621/497/183 689/441/183 627/442/183
f 697/536/182 698/537/182 699/538/182 700/539/182
f 700/540/2 699/541/2 703/536/2 704/537/2
f 698/540/1 697/541/1 701/536/1 702/537/1
f 702/536/183 701/537/183 704/538/183 703/539/183
f 705/536/185 706/537/185 707/542/185 708/543/185
f 708/536/2 707/537/2 711/540/2 712/541/2
f 706/536/1 705/537/1 709/540/1 710/541/1
f 710/542/184 709/543/184 712/536/184 711/537/184
f 713/536/182 714/537/182 715/538/182 716/539/182
f 716/540/185 715/541/185 719/536/185 720/537/185
f 714/540/184 713/541/184 717/536/184 718/537/184
f 718/536/183 717/537/183 720/538/183 719/539/183
s 1
f 741/544/186 743/545/187 736/546/188 734/547/189
s 0
f 723/548/190 721/549/190 730/550/190 731/551/190
s 1
f 722/552/191 721/549/192 750/553/193 746/554/194
f 754/555/195 745/556/196 737/557/197 742/558/198
f 735/559/199 738/560/200 747/561/201 749/562/202
f 752/563/203 755/561/204 744/564/205 740/559/206
f 724/565/207 722/552/191 746/554/194 756/566/208
f 723/548/209 724/565/207 756/566/208 751/567/210
f 721/549/192 723/548/209 751/567/210 750/553/193
f 726/568/211 725/569/212 728/570/213 727/571/214
s 0
f 722/552/215 724/565/215 732/572/215 729/573/215
f 721/549/216 722/552/216 729/573/216 730/550/216
f 724/565/217 723/548/217 731/551/217 732/572/217
s 1
f 725/569/212 726/568/211 730/574/218 729/575/219
f 726/568/211 727/571/214 731/576/220 730/574/218
f 728/570/213 725/569/212 729/575/219 732/577/221
f 727/571/214 728/570/213 732/577/221 731/576/220
f 733/578/222 734/579/189 735/580/199
f 736/546/188 737/581/197 738/582/200
f 739/583/223 740/584/206 741/585/186
f 742/586/198 743/587/187 744/564/205
f 745/588/196 746/554/194 747/589/201
f 748/590/224 749/591/202 750/553/193
f 751/567/210 752/592/203 753/593/225
f 754/594/195 755/595/204 756/566/208
f 748/596/224 733/578/222 735/580/199 749/597/202
f 734/547/189 736/546/188 738/582/200 735/598/199
f 737/557/197 745/556/196 747/599/201 738/600/200
f 746/554/194 750/553/193 749/591/202 747/589/201
f 753/593/225 748/590/224 750/553/193 751/567/210
f 745/588/196 754/594/195 756/566/208 746/554/194
f 755/595/204 752/592/203 751/567/210 756/566/208
f 739/583/223 753/601/225 752/602/203 740/584/206
f 754/603/195 742/604/198 744/564/205 755/561/204
f 743/587/187 741/605/186 740/559/206 744/564/205
f 733/578/222 739/583/223 741/585/186 734/579/189
f 742/606/198 737/607/197 736/546/188 743/545/187
f 748/596/224 753/601/225 739/583/223 733/578/222
f 758/608/226 759/609/226 760/610/226 757/611/226
f 761/612/227 763/613/228 764/614/229 762/615/230
s 0
f 765/616/231 766/617/231 768/618/231 767/619/231
s 1
f 762/620/230 764/621/229 768/622/232 766/623/233
f 761/624/227 762/620/230 766/625/233 765/626/234
f 763/627/228 761/628/227 765/629/234 767/630/235
f 764/631/229 763/632/228 767/626/235 768/625/232
f 771/633/236 778/634/237 788/635/238 770/636/239
f 794/637/240 790/638/241 777/639/242 772/640/243
f 773/641/244 784/642/245 782/643/246 776/644/247
f 789/645/248 791/646/249 787/647/250 779/648/251
f 794/649/240 772/650/243 771/651/236 770/652/239 769/653/252 793/654/253
f 777/639/242 779/648/251 778/655/237
f 780/656/254 782/657/246 781/658/255
f 783/659/256 785/660/257 784/661/245
f 786/662/258 788/663/238 787/647/250
f 795/664/259 799/665/260 780/656/254 781/658/255
f 791/646/249 792/666/261 786/662/258 787/647/250
f 778/634/237 779/648/251 787/647/250 788/635/238
f 781/658/255 782/657/246 784/661/245 785/660/257
f 769/640/252 770/667/239 788/655/238 786/639/258
f 777/639/242 778/655/237 771/667/236 772/640/243
f 782/668/246 780/669/254 775/670/262 776/671/247
f 783/672/256 784/673/245 773/674/244 774/675/263
f 797/676/264 796/677/265 783/672/256 774/675/263
f 769/640/252 786/639/258 792/678/261 793/679/253
f 800/680/266 796/681/265 792/666/261 791/646/249
f 779/648/251 777/639/242 790/682/241 789/645/248
f 798/683/240 794/649/240 793/654/253 797/684/264
f 795/664/259 800/680/266 791/646/249 789/645/248
f 798/685/240 799/686/260 790/638/241 794/637/240
f 775/670/262 780/687/254 799/686/260 798/685/240
f 781/658/255 785/660/257 800/680/266 795/664/259
f 775/688/262 798/683/240 797/684/264 774/689/263 773/690/244 776/691/247
f 785/660/257 783/659/256 796/681/265 800/680/266
f 793/679/253 792/678/261 796/677/265 797/676/264
f 789/645/248 790/682/241 799/665/260 795/664/259
f 802/692/267 810/693/268 813/694/269 805/695/270
f 807/696/271 815/697/272 810/693/268 802/692/267
f 805/695/270 813/694/269 811/698/273 803/699/274
f 804/700/275 812/701/276 814/702/277 806/703/278
f 803/699/274 811/698/273 816/704/279 808/705/280
f 808/705/280 816/704/279 812/701/276 804/700/275
f 806/703/278 814/702/277 809/706/281 801/707/282
f 801/707/282 809/706/281 815/697/272 807/696/271
f 825/708/283 821/709/284 819/710/285 826/711/286
f 827/712/287 820/713/288 822/714/289 828/715/290
f 826/711/286 819/710/285 824/716/291 829/717/292
f 829/718/292 824/719/291 820/713/288 827/712/287
f 828/715/290 822/714/289 817/720/293 830/721/294
f 830/721/294 817/720/293 823/722/295 831/723/296
f 832/724/297 818/725/298 821/709/284 825/708/283
f 831/726/296 823/727/295 818/725/298 832/724/297
f 840/728/299 831/726/296 832/724/297 835/729/300
f 835/729/300 832/724/297 825/708/283 833/730/301
f 839/731/302 830/721/294 831/723/296 840/732/299
f 837/733/303 828/715/290 830/721/294 839/731/302
f 838/734/304 829/718/292 827/712/287 834/735/305
f 836/736/306 826/711/286 829/717/292 838/737/304
f 834/735/305 827/712/287 828/715/290 837/733/303
f 833/730/301 825/708/283 826/711/286 836/736/306
f 813/738/269 833/730/301 836/736/306 811/739/273
f 812/740/276 834/735/305 837/733/303 814/741/277
f 811/739/273 836/736/306 838/737/304 816/742/279
f 816/743/279 838/734/304 834/735/305 812/740/276
f 814/741/277 837/733/303 839/731/302 809/744/281
f 809/744/281 839/731/302 840/732/299 815/745/272
f 810/746/268 835/729/300 833/730/301 813/738/269
f 815/747/272 840/728/299 835/729/300 810/746/268
f 842/692/307 850/693/308 853/694/309 845/695/310
f 847/696/311 855/697/312 850/693/308 842/692/307
f 845/695/310 853/694/309 851/698/313 843/699/314
f 844/700/315 852/701/316 854/702/317 846/703/318
f 843/699/314 851/698/313 856/704/319 848/705/320
f 848/705/320 856/704/319 852/701/316 844/700/315
f 846/703/318 854/702/317 849/706/321 841/707/322
f 841/707/322 849/706/321 855/697/312 847/696/311
f 865/708/323 861/709/324 859/710/325 866/711/326
f 867/712/327 860/713/328 862/714/329 868/715/330
f 866/711/326 859/710/325 864/716/331 869/717/332
f 869/718/332 864/719/331 860/713/328 867/712/327
f 868/715/330 862/714/329 857/720/333 870/721/334
f 870/721/334 857/720/333 863/722/335 871/723/336
f 872/724/337 858/725/338 861/709/324 865/708/323
f 871/726/336 863/727/335 858/725/338 872/724/337
f 882/748/339 871/726/336 872/724/337 885/749/340
f 885/749/340 872/724/337 865/708/323 883/750/341
f 881/751/342 870/721/334 871/723/336 882/752/339
f 879/753/343 868/715/330 870/721/334 881/751/342
f 880/754/344 869/718/332 867/712/327 884/755/345
f 878/756/346 866/711/326 869/717/332 880/757/344
f 884/755/345 867/712/327 868/715/330 879/753/343
f 883/750/341 865/708/323 866/711/326 878/756/346
f 853/738/309 873/730/347 875/736/348 851/739/313
f 852/740/316 896/735/349 898/733/350 854/741/317
f 851/739/313 875/736/348 876/737/351 856/742/319
f 856/743/319 876/734/351 896/735/349 852/740/316
f 854/741/317 898/733/350 894/731/352 849/744/321
f 849/744/321 894/731/352 877/732/353 855/745/312
f 850/746/308 874/729/354 873/730/347 853/738/309
f 855/747/312 877/728/353 874/729/354 850/746/308
f 873/730/347 883/750/341 878/756/346 875/736/348
f 896/735/355 884/755/345 879/753/343 898/733/356
f 875/736/348 878/756/346 880/757/344 876/737/357
f 876/734/357 880/754/344 884/755/345 896/735/355
f 898/733/356 879/753/343 881/751/342 894/731/358
f 894/731/358 881/751/342 882/752/339 877/732/353
f 874/729/354 885/749/340 883/750/341 873/730/347
f 877/728/353 882/748/339 885/749/340 874/729/354
f 824/719/291 893/719/359 889/713/360 820/713/288
f 822/714/289 891/714/361 886/720/362 817/720/293
f 817/720/293 886/720/362 892/722/363 823/722/295
f 818/725/298 887/725/364 890/709/365 821/709/284
f 823/727/295 892/727/363 887/725/364 818/725/298
f 821/709/284 890/709/365 888/710/366 819/710/285
f 820/713/288 889/713/360 891/714/361 822/714/289
f 819/710/285 888/710/366 893/716/359 824/716/291
f 891/714/361 898/714/367 894/720/368 886/720/362
f 886/720/362 894/720/368 877/722/369 892/722/363
f 887/725/364 895/725/370 897/709/371 890/709/365
f 892/727/363 877/727/369 895/725/370 887/725/364
f 890/709/365 897/709/371 875/710/372 888/710/366
f 889/713/360 896/713/373 898/714/367 891/714/361
f 888/710/366 875/710/372 876/716/374 893/716/359
f 893/719/359 876/719/374 896/713/373 889/713/360
s 0
f 906/195/2 903/196/2 899/197/2 900/198/2
f 902/196/2 901/199/2 900/198/2 899/197/2
f 909/195/1 905/198/1 908/197/1 910/196/1
f 907/196/1 908/197/1 905/198/1 904/199/1
f 899/200/5 908/201/5 907/202/5 902/203/5
f 900/204/8 905/205/8 909/206/8 906/203/8
f 902/207/6 907/208/6 904/209/6 901/210/6
f 901/211/8 904/202/8 905/201/8 900/212/8
f 903/213/5 910/214/5 908/205/5 899/204/5
f 906/215/4 909/216/4 910/208/4 903/207/4
f 913/196/2 911/199/2 912/198/2 914/197/2
f 914/196/2 912/199/2 916/198/2 918/197/2
f 943/217/5 942/218/5 941/219/5 944/220/5
f 939/221/6 941/222/6 942/223/6 940/224/6
f 916/225/4 922/226/4 921/227/4 918/228/4
f 911/229/8 920/230/8 919/231/8 912/232/8
f 918/233/5 921/234/5 915/231/5 914/232/5
f 913/228/6 917/227/6 920/226/6 911/225/6
f 914/232/5 915/231/5 917/230/5 913/229/5
f 912/232/8 919/231/8 922/234/8 916/233/8
f 926/221/6 924/222/6 923/223/6 925/224/6
f 930/217/5 923/218/5 924/219/5 929/220/5
f 927/235/1 925/236/1 923/237/1 930/238/1
f 928/220/8 926/219/8 925/218/8 927/217/8
f 929/238/2 924/237/2 926/236/2 928/235/2
f 931/221/6 932/224/6 934/223/6 933/222/6
f 938/217/8 937/220/8 933/219/8 934/218/8
f 935/235/1 938/238/1 934/237/1 932/236/1
f 936/220/5 935/217/5 932/218/5 931/219/5
f 937/238/2 936/235/2 931/236/2 933/237/2
f 946/235/1 940/236/1 942/237/1 943/238/1
f 945/220/8 939/219/8 940/218/8 946/217/8
f 944/238/2 941/237/2 939/236/2 945/235/2
f 951/217/5 950/218/5 949/219/5 952/220/5
f 947/221/6 949/222/6 950/223/6 948/224/6
f 954/235/1 948/236/1 950/237/1 951/238/1
f 953/220/8 947/219/8 948/218/8 954/217/8
f 952/238/2 949/237/2 947/236/2 953/235/2
f 959/217/5 958/218/5 957/219/5 960/220/5
f 955/221/6 957/222/6 958/223/6 956/224/6
f 962/235/1 956/236/1 958/237/1 959/238/1
f 961/220/8 955/219/8 956/218/8 962/217/8
f 960/238/2 957/237/2 955/236/2 961/235/2
f 963/221/6 964/224/6 966/223/6 965/222/6
f 970/217/8 969/220/8 965/219/8 966/218/8
f 967/235/1 970/238/1 966/237/1 964/236/1
f 968/220/5 967/217/5 964/218/5 963/219/5
f 969/238/2 968/235/2 963/236/2 965/237/2
f 991/217/8 990/218/8 989/219/8 992/220/8
f 987/221/4 989/222/4 990/223/4 988/224/4
f 972/220/8 971/217/8 977/218/8 978/219/8
f 971/235/1 974/238/1 975/237/1 977/236/1
f 973/238/2 972/235/2 978/236/2 976/237/2
f 974/217/5 973/220/5 976/219/5 975/218/5
f 978/221/4 977/224/4 975/223/4 976/222/4
f 980/220/8 979/217/8 985/218/8 986/219/8
f 982/217/5 981/220/5 984/219/5 983/218/5
f 986/221/4 985/224/4 983/223/4 984/222/4
f 981/238/2 980/235/2 986/236/2 984/237/2
f 979/235/1 982/238/1 983/237/1 985/236/1
f 994/235/1 988/236/1 990/237/1 991/238/1
f 993/220/5 987/219/5 988/218/5 994/217/5
f 992/238/2 989/237/2 987/236/2 993/235/2
f 999/217/8 998/218/8 997/219/8 1000/220/8
f 995/221/4 997/222/4 998/223/4 996/224/4
f 1002/235/1 996/236/1 998/237/1 999/238/1
f 1001/220/5 995/219/5 996/218/5 1002/217/5
f 1000/238/2 997/237/2 995/236/2 1001/235/2
f 1007/217/8 1006/218/8 1005/219/8 1008/220/8
f 1003/221/4 1005/222/4 1006/223/4 1004/224/4
f 1010/235/1 1004/236/1 1006/237/1 1007/238/1
f 1009/220/5 1003/219/5 1004/218/5 1010/217/5
f 1008/238/2 1005/237/2 1003/236/2 1009/235/2
f 1011/221/4 1012/224/4 1014/223/4 1013/222/4
f 1018/217/5 1017/220/5 1013/219/5 1014/218/5
f 1015/235/1 1018/238/1 1014/237/1 1012/236/1
f 1016/220/8 1015/217/8 1012/218/8 1011/219/8
f 1017/238/2 1016/235/2 1011/236/2 1013/237/2
f 1022/221/6 1020/222/6 1019/223/6 1021/224/6
f 1026/217/375 1019/218/375 1020/219/375 1025/220/375
f 1023/235/376 1021/236/376 1019/237/376 1026/238/376
f 1024/220/377 1022/219/377 1021/218/377 1023/217/377
f 1025/238/378 1020/237/378 1022/236/378 1024/235/378
f 1030/1/1 1027/2/1 1028/3/1 1029/4/1
f 1033/60/2 1032/53/2 1031/3/2 1034/2/2
f 1030/196/6 1029/199/6 1032/199/6 1033/196/6
f 1029/239/8 1028/240/8 1031/241/8 1032/242/8
f 1028/243/4 1027/244/4 1034/245/4 1031/246/4
f 1027/240/5 1030/239/5 1033/242/5 1034/241/5
f 1037/247/5 1038/248/5 1039/249/5 1040/250/5
f 1042/251/4 1041/252/4 1044/253/4 1043/254/4
f 1046/251/4 1045/252/4 1048/253/4 1047/254/4
s 1
f 1050/21/379 1063/22/379 1058/23/6 1055/24/6
f 1050/21/379 1053/25/8 1060/26/8 1063/22/379
f 1055/27/6 1058/28/6 1062/29/380 1051/30/380
f 1054/31/5 1051/30/380 1062/29/380 1059/32/5
f 1052/33/381 1061/34/381 1057/35/4 1056/36/4
f 1052/33/381 1054/31/5 1059/32/5 1061/34/381
f 1056/36/4 1057/35/4 1064/37/382 1049/38/382
f 1053/25/8 1049/38/382 1064/37/382 1060/26/8
f 1066/21/379 1079/22/379 1074/23/6 1071/24/6
f 1066/21/379 1069/25/8 1076/26/8 1079/22/379
f 1071/27/6 1074/28/6 1078/29/380 1067/30/380
f 1070/31/5 1067/30/380 1078/29/380 1075/32/5
f 1068/33/381 1077/34/381 1073/35/4 1072/36/4
f 1068/33/381 1070/31/5 1075/32/5 1077/34/381
f 1072/36/4 1073/35/4 1080/37/382 1065/38/382
f 1069/25/8 1065/38/382 1080/37/382 1076/26/8
f 1082/21/379 1095/22/379 1090/23/6 1087/24/6
f 1082/21/379 1085/25/8 1092/26/8 1095/22/379
f 1087/27/6 1090/28/6 1094/29/380 1083/30/380
f 1086/31/5 1083/30/380 1094/29/380 1091/32/5
f 1084/33/381 1093/34/381 1089/35/4 1088/36/4
f 1084/33/381 1086/31/5 1091/32/5 1093/34/381
f 1088/36/4 1089/35/4 1096/37/382 1081/38/382
f 1085/25/8 1081/38/382 1096/37/382 1092/26/8
f 1098/21/379 1111/22/379 1106/23/6 1103/24/6
f 1098/21/379 1101/25/8 1108/26/8 1111/22/379
f 1103/27/6 1106/28/6 1110/29/380 1099/30/380
f 1102/31/5 1099/30/380 1110/29/380 1107/32/5
f 1100/33/381 1109/34/381 1105/35/4 1104/36/4
f 1100/33/381 1102/31/5 1107/32/5 1109/34/381
f 1104/36/4 1105/35/4 1112/37/382 1097/38/382
f 1101/25/8 1097/38/382 1112/37/382 1108/26/8
s 0
f 1114/255/4 1113/256/4 1116/257/4 1115/258/4
f 1036/251/4 1035/252/4 1118/253/4 1117/254/4
f 1120/251/4 1119/252/4 1122/253/4 1121/254/4
f 1123/259/383 1135/260/383 1125/261/383 1124/262/383
f 1124/262/384 1125/261/384 1127/260/384 1126/259/384
f 1126/259/385 1127/260/385 1139/261/385 1128/262/385
f 1128/262/386 1139/261/386 1130/260/386 1129/259/386
f 1129/259/387 1130/260/387 1141/261/387 1131/262/387
f 1131/262/388 1141/261/388 1133/260/388 1132/259/388
f 1132/259/389 1133/260/389 1142/261/389 1134/262/389
f 1134/262/390 1142/261/390 1135/260/390 1123/259/390
f 1135/259/383 1136/260/383 1137/261/383 1125/262/383
f 1125/262/384 1137/261/384 1138/260/384 1127/259/384
f 1127/259/385 1138/260/385 1140/261/385 1139/262/385
f 1139/262/386 1140/261/386 1144/260/386 1130/259/386
f 1130/259/387 1144/260/387 1145/261/387 1141/262/387
f 1141/262/388 1145/261/388 1147/260/388 1133/259/388
f 1133/259/389 1147/260/389 1143/261/389 1142/262/389
f 1142/262/390 1143/261/390 1136/260/390 1135/259/390
f 1136/259/391 1150/260/391 1152/261/391 1137/262/391
f 1137/262/392 1152/261/392 1153/260/392 1138/259/392
f 1138/259/393 1153/260/393 1154/261/393 1140/262/393
f 1140/262/394 1154/261/394 1156/260/394 1144/259/394
f 1144/259/395 1156/260/395 1146/261/395 1145/262/395
f 1145/262/396 1146/261/396 1148/260/396 1147/259/396
f 1147/259/397 1148/260/397 1149/261/397 1143/262/397
f 1143/262/398 1149/261/398 1150/260/398 1136/259/398
f 1150/259/399 1151/260/399 1157/261/399 1152/262/399
f 1152/262/400 1157/261/400 1158/260/400 1153/259/400
f 1153/259/401 1158/260/401 1155/261/401 1154/262/401
f 1154/262/402 1155/261/402 1159/260/402 1156/259/402
f 1156/259/403 1159/260/403 1161/261/403 1146/262/403
f 1146/262/404 1161/261/404 1162/260/404 1148/259/404
f 1148/259/405 1162/260/405 1163/261/405 1149/262/405
f 1149/262/406 1163/261/406 1151/260/406 1150/259/406
f 1151/259/407 1164/260/407 1165/261/407 1157/262/407
f 1157/262/408 1165/261/408 1167/260/408 1158/259/408
f 1158/259/409 1167/260/409 1168/261/409 1155/262/409
f 1155/262/410 1168/261/410 1160/260/410 1159/259/410
f 1159/259/411 1160/260/411 1171/261/411 1161/262/411
f 1161/262/412 1171/261/412 1173/260/412 1162/259/412
f 1162/259/413 1173/260/413 1174/261/413 1163/262/413
f 1163/262/414 1174/261/414 1164/260/414 1151/259/414
f 1164/259/415 1176/260/415 1166/261/415 1165/262/415
f 1165/262/416 1166/261/416 1179/260/416 1167/259/416
f 1167/259/417 1179/260/417 1169/261/417 1168/262/417
f 1168/262/418 1169/261/418 1170/260/418 1160/259/418
f 1160/259/419 1170/260/419 1172/261/419 1171/262/419
f 1171/262/420 1172/261/420 1182/260/420 1173/259/420
f 1173/259/421 1182/260/421 1175/261/421 1174/262/421
f 1174/262/422 1175/261/422 1176/260/422 1164/259/422
f 1176/259/423 1177/260/423 1178/261/423 1166/262/423
f 1166/262/424 1178/261/424 1180/260/424 1179/259/424
f 1179/259/425 1180/260/425 1187/261/425 1169/262/425
f 1169/262/426 1187/261/426 1181/260/426 1170/259/426
f 1170/259/427 1181/260/427 1190/261/427 1172/262/427
f 1172/262/428 1190/261/428 1192/260/428 1182/259/428
f 1182/259/429 1192/260/429 1183/261/429 1175/262/429
f 1175/262/430 1183/261/430 1177/260/430 1176/259/430
f 1177/259/431 1184/260/431 1185/261/431 1178/262/431
f 1178/262/432 1185/261/432 1186/260/432 1180/259/432
f 1180/259/433 1186/260/433 1188/261/433 1187/262/433
f 1187/262/434 1188/261/434 1189/260/434 1181/259/434
f 1181/259/435 1189/260/435 1191/261/435 1190/262/435
f 1190/262/436 1191/261/436 1193/260/436 1192/259/436
f 1192/259/437 1193/260/437 1194/261/437 1183/262/437
f 1183/262/438 1194/261/438 1184/260/438 1177/259/438
f 1198/1/1 1195/2/1 1196/3/1 1197/4/1
f 1201/5/2 1200/6/2 1199/7/2 1202/8/2
f 1198/9/439 1197/10/439 1200/6/439 1201/5/439
f 1197/11/8 1196/12/8 1199/13/8 1200/14/8
f 1196/15/4 1195/16/4 1202/17/4 1199/18/4
f 1195/12/5 1198/11/5 1201/19/5 1202/20/5
s 1
f 1204/21/379 1217/22/379 1212/23/6 1209/24/6
f 1204/21/379 1207/25/8 1214/26/8 1217/22/379
f 1209/27/6 1212/28/6 1216/29/380 1205/30/380
f 1208/31/5 1205/30/380 1216/29/380 1213/32/5
f 1206/33/381 1215/34/381 1211/35/4 1210/36/4
f 1206/33/381 1208/31/5 1213/32/5 1215/34/381
f 1210/36/4 1211/35/4 1218/37/382 1203/38/382
f 1207/25/8 1203/38/382 1218/37/382 1214/26/8
f 1220/21/379 1233/22/379 1228/23/6 1225/24/6
f 1220/21/379 1223/25/8 1230/26/8 1233/22/379
f 1225/27/6 1228/28/6 1232/29/380 1221/30/380
f 1224/31/5 1221/30/380 1232/29/380 1229/32/5
f 1222/33/381 1231/34/381 1227/35/4 1226/36/4
f 1222/33/381 1224/31/5 1229/32/5 1231/34/381
f 1226/36/4 1227/35/4 1234/37/382 1219/38/382
f 1223/25/8 1219/38/382 1234/37/382 1230/26/8
f 1236/21/379 1249/22/379 1244/23/6 1241/24/6
f 1236/21/379 1239/25/8 1246/26/8 1249/22/379
f 1241/27/6 1244/28/6 1248/29/380 1237/30/380
f 1240/31/5 1237/30/380 1248/29/380 1245/32/5
f 1238/33/381 1247/34/381 1243/35/4 1242/36/4
f 1238/33/381 1240/31/5 1245/32/5 1247/34/381
f 1242/36/4 1243/35/4 1250/37/382 1235/38/382
f 1239/25/8 1235/38/382 1250/37/382 1246/26/8
f 1252/21/379 1265/22/379 1260/23/6 1257/24/6
f 1252/21/379 1255/25/8 1262/26/8 1265/22/379
f 1257/27/6 1260/28/6 1264/29/380 1253/30/380
f 1256/31/5 1253/30/380 1264/29/380 1261/32/5
f 1254/33/381 1263/34/381 1259/35/4 1258/36/4
f 1254/33/381 1256/31/5 1261/32/5 1263/34/381
f 1258/36/4 1259/35/4 1266/37/382 1251/38/382
f 1255/25/8 1251/38/382 1266/37/382 1262/26/8
s 0
f 1269/39/2 1268/40/2 1267/41/2 1270/42/2
f 1272/43/439 1271/44/439 1273/45/439 1274/46/439
f 1277/47/439 1278/48/439 1276/49/439 1275/50/439
f 1286/51/1 1285/52/1 1279/3/1 1280/53/1
f 1281/54/6 1286/55/6 1280/56/6 1284/57/6 1287/58/6 1288/59/6
f 1281/60/1 1282/2/1 1285/52/1 1286/51/1
f 1287/61/2 1284/62/2 1283/63/2 1290/64/2
f 1279/56/4 1285/55/4 1282/54/4 1289/59/4 1290/58/4 1283/57/4
f 1280/53/8 1279/3/8 1283/3/8 1284/53/8
f 1287/61/440 1290/64/440 1289/65/440 1288/66/440
f 1282/2/5 1281/60/5 1288/67/5 1289/2/5
s 1
f 1291/68/441 1292/69/442 1294/70/443 1293/71/444
f 1293/71/444 1294/70/443 1296/72/445 1295/68/446
f 1295/68/446 1296/72/445 1298/70/447 1297/71/448
f 1297/71/448 1298/70/447 1300/69/449 1299/68/450
f 1299/68/450 1300/69/449 1302/73/451 1301/71/452
f 1301/71/452 1302/73/451 1304/69/453 1303/68/454
f 1300/74/449 1298/75/447 1310/76/455 1311/77/456
f 1303/68/454 1304/69/453 1306/73/457 1305/71/458
f 1305/71/458 1306/73/457 1292/69/442 1291/68/441
f 1299/78/450 1301/79/452 1320/80/459 1319/81/1
f 1307/82/460 1308/83/461 1314/84/462 1313/85/463 1312/86/464 1311/87/456 1310/88/455 1309/89/465
f 1306/75/457 1304/74/453 1313/90/463 1314/91/462
f 1296/74/445 1294/75/443 1307/92/460 1309/77/465
f 1302/75/451 1300/74/449 1311/77/456 1312/93/464
f 1292/74/442 1306/75/457 1314/91/462 1308/94/461
f 1294/75/443 1292/74/442 1308/94/461 1307/92/460
f 1298/75/447 1296/74/445 1309/77/465 1310/76/455
f 1304/74/453 1302/75/451 1312/93/464 1313/90/463
s 0
f 1315/95/5 1316/96/5 1317/97/5 1318/98/5 1319/99/5 1320/100/5 1321/101/5 1322/102/5
s 1
f 1305/79/458 1291/78/441 1315/81/2 1322/80/466
f 1291/78/441 1293/79/444 1316/80/467 1315/81/2
f 1295/78/446 1297/79/448 1318/80/468 1317/81/4
f 1301/79/452 1303/78/454 1321/81/6 1320/80/459
f 1297/79/448 1299/78/450 1319/81/1 1318/80/468
f 1303/78/454 1305/79/458 1322/80/466 1321/81/6
f 1293/79/444 1295/78/446 1317/81/4 1316/80/467
s 0
f 1325/103/6 1324/104/6 1328/105/6 1329/106/6
f 1323/107/4 1326/108/4 1332/109/4 1327/110/4
f 1327/111/469 1332/112/469 1334/113/469 1331/114/469
f 1324/104/8 1323/107/8 1327/110/8 1328/105/8
f 1330/113/8 1331/114/8 1339/115/8 1342/116/8
f 1326/108/5 1325/103/5 1329/106/5 1332/109/5
f 1328/117/470 1327/111/470 1331/114/470 1330/113/470
f 1332/112/471 1329/118/471 1333/114/471 1334/113/471
f 1329/118/472 1328/117/472 1330/113/472 1333/114/472
f 1337/119/2 1338/120/2 1335/121/2 1336/122/2
f 1333/114/6 1330/113/6 1342/116/6 1341/115/6
f 1334/113/5 1333/114/5 1341/115/5 1340/116/5
f 1331/114/4 1334/113/4 1340/116/4 1339/115/4
f 1336/122/473 1335/121/473 1339/123/473 1340/124/473
f 1338/120/474 1337/119/474 1341/125/474 1342/126/474
f 1337/119/475 1336/122/475 1340/124/475 1341/125/475
f 1335/121/476 1338/120/476 1342/126/476 1339/123/476
f 1344/127/8 1343/128/8 1345/129/8 1346/130/8
s 1
f 1402/131/477 1360/132/478 1350/133/479 1361/134/480
f 1398/135/481 1366/136/482 1354/137/483 1367/138/484
f 1394/139/485 1372/140/486 1352/141/487 1373/142/488
f 1390/143/489 1378/144/490 1348/145/491 1358/146/492
f 1386/147/493 1369/148/494 1351/149/495 1376/150/496
f 1382/151/497 1359/152/498 1348/145/491 1378/144/490
f 1372/140/486 1380/153/499 1377/154/500 1352/141/487
f 1380/153/499 1382/151/497 1378/144/490 1377/154/500
f 1354/137/483 1366/136/482 1379/155/501 1371/156/502
f 1371/157/502 1379/158/501 1380/153/499 1372/140/486
f 1366/136/482 1365/159/503 1381/160/504 1379/155/501
f 1379/161/501 1381/160/504 1382/151/497 1380/162/499
f 1365/159/503 1350/133/479 1360/132/478 1381/160/504
f 1381/160/504 1360/132/478 1359/152/498 1382/151/497
f 1356/163/505 1384/164/506 1375/165/507 1347/166/508
f 1384/164/506 1386/147/493 1376/150/496 1375/165/507
f 1349/167/509 1364/168/510 1383/169/511 1355/170/512
f 1355/170/512 1383/169/511 1384/164/506 1356/163/505
f 1364/168/510 1363/171/513 1385/172/514 1383/169/511
f 1383/169/511 1385/172/514 1386/147/493 1384/164/506
f 1363/171/513 1353/173/515 1370/174/516 1385/172/514
f 1385/175/514 1370/176/516 1369/148/494 1386/147/493
f 1375/165/507 1388/177/517 1357/178/518 1347/166/508
f 1388/177/517 1390/143/489 1358/146/492 1357/178/518
f 1351/149/495 1374/179/519 1387/180/520 1376/150/496
f 1376/150/496 1387/180/520 1388/177/517 1375/165/507
f 1374/179/519 1373/142/488 1389/181/521 1387/180/520
f 1387/180/520 1389/181/521 1390/143/489 1388/177/517
f 1373/142/488 1352/141/487 1377/154/500 1389/181/521
f 1389/181/521 1377/154/500 1378/144/490 1390/143/489
f 1369/148/494 1392/182/522 1374/179/519 1351/149/495
f 1392/182/522 1394/139/485 1373/142/488 1374/179/519
f 1353/173/515 1368/183/523 1391/184/524 1370/174/516
f 1370/176/516 1391/185/524 1392/182/522 1369/148/494
f 1368/183/523 1367/138/484 1393/186/525 1391/184/524
f 1391/185/524 1393/187/525 1394/139/485 1392/182/522
f 1367/138/484 1354/137/483 1371/156/502 1393/186/525
f 1393/187/525 1371/157/502 1372/140/486 1394/139/485
f 1363/171/513 1396/188/526 1368/183/523 1353/173/515
f 1396/188/526 1398/135/481 1367/138/484 1368/183/523
f 1349/167/509 1362/189/527 1395/190/528 1364/168/510
f 1364/168/510 1395/190/528 1396/188/526 1363/171/513
f 1362/189/527 1361/134/480 1397/191/529 1395/190/528
f 1395/190/528 1397/191/529 1398/135/481 1396/188/526
f 1361/134/480 1350/133/479 1365/159/503 1397/191/529
f 1397/191/529 1365/159/503 1366/136/482 1398/135/481
f 1355/170/512 1400/192/530 1362/189/527 1349/167/509
f 1400/192/530 1402/131/477 1361/134/480 1362/189/527
f 1347/166/508 1357/178/518 1399/193/531 1356/163/505
f 1356/163/505 1399/193/531 1400/192/530 1355/170/512
f 1357/178/518 1358/146/492 1401/194/532 1399/193/531
f 1399/193/531 1401/194/532 1402/131/477 1400/192/530
f 1358/146/492 1348/145/491 1359/152/498 1401/194/532
f 1401/194/532 1359/152/498 1360/132/478 1402/131/477
s 0
f 1406/1/1 1403/2/1 1404/3/1 1405/4/1
f 1409/60/2 1408/53/2 1407/3/2 1410/2/2
f 1406/196/533 1405/199/533 1408/199/533 1409/196/533
f 1405/758/5 1404/759/5 1407/760/5 1408/761/5
f 1404/243/6 1403/244/6 1410/245/6 1407/246/6
f 1403/759/8 1406/758/8 1409/761/8 1410/760/8
f 1406/196/533 1411/199/533 1412/199/533 1409/196/533
f 1408/762/534 1412/763/534 1416/764/534 1414/765/534
f 1415/766/533 1413/767/533 1414/765/533 1416/764/533
f 1412/763/535 1411/768/535 1415/766/535 1416/764/535
f 1405/769/536 1408/762/536 1414/765/536 1413/767/536
f 1411/768/537 1405/769/537 1413/767/537 1415/766/537
f 1412/762/534 1409/770/534 1420/771/534 1418/772/534
f 1419/773/533 1417/774/533 1418/772/533 1420/771/533
f 1409/770/538 1406/775/538 1419/773/538 1420/771/538
f 1411/769/539 1412/762/539 1418/772/539 1417/774/539
f 1406/775/537 1411/769/537 1417/774/537 1419/773/537
f 1421/247/8 1422/248/8 1423/249/8 1424/250/8
f 1426/251/6 1425/252/6 1428/253/6 1427/254/6
f 1430/251/6 1429/252/6 1432/253/6 1431/254/6
s 1
f 1434/21/381 1447/22/381 1442/23/4 1439/24/4
f 1434/21/381 1437/25/5 1444/26/5 1447/22/381
f 1439/27/4 1442/28/4 1446/29/382 1435/30/382
f 1438/31/8 1435/30/382 1446/29/382 1443/32/8
f 1436/33/379 1445/34/379 1441/35/6 1440/36/6
f 1436/33/379 1438/31/8 1443/32/8 1445/34/379
f 1440/36/6 1441/35/6 1448/37/380 1433/38/380
f 1437/25/5 1433/38/380 1448/37/380 1444/26/5
f 1450/21/381 1463/22/381 1458/23/4 1455/24/4
f 1450/21/381 1453/25/5 1460/26/5 1463/22/381
f 1455/27/4 1458/28/4 1462/29/382 1451/30/382
f 1454/31/8 1451/30/382 1462/29/382 1459/32/8
f 1452/33/379 1461/34/379 1457/35/6 1456/36/6
f 1452/33/379 1454/31/8 1459/32/8 1461/34/379
f 1456/36/6 1457/35/6 1464/37/380 1449/38/380
f 1453/25/5 1449/38/380 1464/37/380 1460/26/5
f 1466/21/381 1479/22/381 1474/23/4 1471/24/4
f 1466/21/381 1469/25/5 1476/26/5 1479/22/381
f 1471/27/4 1474/28/4 1478/29/382 1467/30/382
f 1470/31/8 1467/30/382 1478/29/382 1475/32/8
f 1468/33/379 1477/34/379 1473/35/6 1472/36/6
f 1468/33/379 1470/31/8 1475/32/8 1477/34/379
f 1472/36/6 1473/35/6 1480/37/380 1465/38/380
f 1469/25/5 1465/38/380 1480/37/380 1476/26/5
f 1482/21/381 1495/22/381 1490/23/4 1487/24/4
f 1482/21/381 1485/25/5 1492/26/5 1495/22/381
f 1487/27/4 1490/28/4 1494/29/382 1483/30/382
f 1486/31/8 1483/30/382 1494/29/382 1491/32/8
f 1484/33/379 1493/34/379 1489/35/6 1488/36/6
f 1484/33/379 1486/31/8 1491/32/8 1493/34/379
f 1488/36/6 1489/35/6 1496/37/380 1481/38/380
f 1485/25/5 1481/38/380 1496/37/380 1492/26/5
s 0
f 1498/255/6 1497/256/6 1500/257/6 1499/258/6
f 1511/776/540 1501/777/540 1502/778/540 1512/779/540
f 1509/776/540 1505/777/540 1506/778/540 1510/779/540
f 1507/780/540 1509/776/540 1510/779/540 1508/781/540
f 1503/777/540 1511/776/540 1512/779/540 1504/778/540
f 1516/1/1 1513/2/1 1514/3/1 1515/4/1
f 1519/60/2 1518/53/2 1517/3/2 1520/2/2
f 1516/196/533 1515/199/533 1518/199/533 1519/196/533
f 1515/758/5 1514/759/5 1517/760/5 1518/761/5
f 1514/243/6 1513/244/6 1520/245/6 1517/246/6
f 1513/759/8 1516/758/8 1519/761/8 1520/760/8
f 1516/196/533 1521/199/533 1522/199/533 1519/196/533
f 1518/762/534 1522/763/534 1526/764/534 1524/765/534
f 1525/766/533 1523/767/533 1524/765/533 1526/764/533
f 1522/763/535 1521/768/535 1525/766/535 1526/764/535
f 1515/769/536 1518/762/536 1524/765/536 1523/767/536
f 1521/768/537 1515/769/537 1523/767/537 1525/766/537
f 1522/762/534 1519/770/534 1530/771/534 1528/772/534
f 1529/773/533 1527/774/533 1528/772/533 1530/771/533
f 1519/770/538 1516/775/538 1529/773/538 1530/771/538
f 1521/769/539 1522/762/539 1528/772/539 1527/774/539
f 1516/775/537 1521/769/537 1527/774/537 1529/773/537
f 1531/247/8 1532/248/8 1533/249/8 1534/250/8
f 1536/251/6 1535/252/6 1538/253/6 1537/254/6
f 1540/251/6 1539/252/6 1542/253/6 1541/254/6
s 1
f 1544/21/381 1557/22/381 1552/23/4 1549/24/4
f 1544/21/381 1547/25/5 1554/26/5 1557/22/381
f 1549/27/4 1552/28/4 1556/29/382 1545/30/382
f 1548/31/8 1545/30/382 1556/29/382 1553/32/8
f 1546/33/379 1555/34/379 1551/35/6 1550/36/6
f 1546/33/379 1548/31/8 1553/32/8 1555/34/379
f 1550/36/6 1551/35/6 1558/37/380 1543/38/380
f 1547/25/5 1543/38/380 1558/37/380 1554/26/5
f 1560/21/381 1573/22/381 1568/23/4 1565/24/4
f 1560/21/381 1563/25/5 1570/26/5 1573/22/381
f 1565/27/4 1568/28/4 1572/29/382 1561/30/382
f 1564/31/8 1561/30/382 1572/29/382 1569/32/8
f 1562/33/379 1571/34/379 1567/35/6 1566/36/6
f 1562/33/379 1564/31/8 1569/32/8 1571/34/379
f 1566/36/6 1567/35/6 1574/37/380 1559/38/380
f 1563/25/5 1559/38/380 1574/37/380 1570/26/5
f 1576/21/381 1589/22/381 1584/23/4 1581/24/4
f 1576/21/381 1579/25/5 1586/26/5 1589/22/381
f 1581/27/4 1584/28/4 1588/29/382 1577/30/382
f 1580/31/8 1577/30/382 1588/29/382 1585/32/8
f 1578/33/379 1587/34/379 1583/35/6 1582/36/6
f 1578/33/379 1580/31/8 1585/32/8 1587/34/379
f 1582/36/6 1583/35/6 1590/37/380 1575/38/380
f 1579/25/5 1575/38/380 1590/37/380 1586/26/5
f 1592/21/381 1605/22/381 1600/23/4 1597/24/4
f 1592/21/381 1595/25/5 1602/26/5 1605/22/381
f 1597/27/4 1600/28/4 1604/29/382 1593/30/382
f 1596/31/8 1593/30/382 1604/29/382 1601/32/8
f 1594/33/379 1603/34/379 1599/35/6 1598/36/6
f 1594/33/379 1596/31/8 1601/32/8 1603/34/379
f 1598/36/6 1599/35/6 1606/37/380 1591/38/380
f 1595/25/5 1591/38/380 1606/37/380 1602/26/5
s 0
f 1608/255/6 1607/256/6 1610/257/6 1609/258/6
f 1621/776/540 1611/777/540 1612/778/540 1622/779/540
f 1619/776/540 1615/777/540 1616/778/540 1620/779/540
f 1617/780/540 1619/776/540 1620/779/540 1618/781/540
f 1613/777/540 1621/776/540 1622/779/540 1614/778/540
