# Blender 4.3.2
# www.blender.org
mtllib officeMiddle_2x3_1.mtl
o Cube.033
v 0.840051 -2.498000 1.571419
v -1.667549 -2.498000 1.571421
v 0.840051 -2.498000 0.059420
v -1.667549 -2.498000 0.059420
v -1.667549 -1.120891 1.571421
v -1.667549 -1.120891 0.059420
v 0.840051 -1.120891 0.059420
v 0.840051 -1.120891 1.571419
v -1.667549 -2.498000 0.108812
v -1.667549 -2.498000 1.522026
v 0.840051 -2.498000 1.522026
v 0.840051 -2.498000 0.108812
v -1.667549 -1.120891 1.522026
v -1.667549 -1.120891 0.108812
v 0.840050 -1.120891 0.108812
v 0.840051 -1.120891 1.522026
v -1.667549 -1.493986 1.571421
v -1.667549 -1.493986 0.059420
v 0.840051 -1.493986 0.059420
v 0.840051 -1.493986 1.571419
v 0.840051 -1.493986 0.108812
v 0.840051 -1.493986 1.522026
v -1.667549 -1.493986 1.522026
v -1.667549 -1.493986 0.108812
v 0.840051 -2.498000 4.960426
v -1.667549 -2.498000 4.960426
v 0.840051 -2.498000 3.448423
v -1.667549 -2.498000 3.448423
v -1.667549 -1.120891 4.960426
v -1.667549 -1.120891 3.448423
v 0.840051 -1.120891 3.448423
v 0.840051 -1.120891 4.960426
v -1.667549 -2.498000 3.497820
v -1.667549 -2.498000 4.911034
v 0.840051 -2.498000 4.911034
v 0.840051 -2.498000 3.497820
v -1.667549 -1.120891 4.911034
v -1.667549 -1.120891 3.497820
v 0.840051 -1.120891 3.497820
v 0.840051 -1.120891 4.911034
v -1.667549 -1.493986 4.960426
v -1.667549 -1.493986 3.448423
v 0.840051 -1.493986 3.448423
v 0.840051 -1.493986 4.960426
v 0.840051 -1.493986 3.497820
v 0.840051 -1.493986 4.911034
v -1.667549 -1.493986 4.911034
v -1.667549 -1.493986 3.497820
v 0.840051 -2.498000 6.423033
v -1.667549 -2.498000 6.423033
v -1.667549 -1.120891 6.423033
v 0.840051 -1.120891 6.423033
v -1.667549 -2.498000 6.373639
v 0.840051 -2.498000 6.373639
v -1.667549 -1.120891 6.373639
v 0.840051 -1.120891 6.373639
v -1.667549 -1.493986 6.423033
v 0.840051 -1.493986 6.423033
v 0.840051 -1.493986 6.373639
v -1.667549 -1.493986 6.373639
v 2.682981 -1.439268 2.983664
v -1.667549 -1.439268 4.911034
v 0.840051 -1.439268 4.911034
v -1.667549 -1.439268 3.497820
v 0.840051 -1.439268 3.497820
v 0.944585 -2.498000 4.911030
v 3.452184 -2.498000 4.911030
v 0.944584 -2.498000 6.423033
v 3.452185 -2.498000 6.423032
v 3.452184 -1.120891 4.911030
v 3.452185 -1.120891 6.423032
v 0.944584 -1.120891 6.423033
v 0.944585 -1.120891 4.911030
v 3.452185 -2.498000 6.373637
v 3.452184 -2.498000 4.960424
v 0.944585 -2.498000 4.960424
v 0.944584 -2.498000 6.373637
v 3.452185 -1.120891 4.960424
v 3.452185 -1.120891 6.373637
v 0.944585 -1.120891 6.373637
v 0.944585 -1.120891 4.960424
v 3.452184 -1.493986 4.911030
v 3.452185 -1.493986 6.423032
v 0.944584 -1.493986 6.423033
v 0.944585 -1.493986 4.911030
v 0.944584 -1.493986 6.373637
v 0.944585 -1.493986 4.960424
v 3.452184 -1.493986 4.960424
v 3.452185 -1.493986 6.373637
v 0.944584 -2.498000 1.522024
v 3.452184 -2.498000 1.522024
v 0.944584 -2.498000 3.034027
v 3.452184 -2.498000 3.034027
v 3.452184 -1.120891 1.522024
v 3.452184 -1.120891 3.034027
v 0.944584 -1.120891 3.034027
v 0.944584 -1.120891 1.522024
v 3.452184 -2.498000 2.984631
v 3.452184 -2.498000 1.571417
v 0.944584 -2.498000 1.571417
v 0.944584 -2.498000 2.984631
v 3.452184 -1.120891 1.571417
v 3.452184 -1.120891 2.984631
v 0.944584 -1.120891 2.984631
v 0.944584 -1.120891 1.571417
v 3.452184 -1.493986 1.522024
v 3.452184 -1.493986 3.034027
v 0.944584 -1.493986 3.034027
v 0.944584 -1.493986 1.522024
v 0.944584 -1.493986 2.984631
v 0.944584 -1.493986 1.571417
v 3.452184 -1.493986 1.571417
v 3.452184 -1.493986 2.984631
v 3.452184 -1.120891 0.059418
v 0.944584 -1.120891 0.059420
v 3.452184 -2.498000 0.108812
v 0.944584 -2.498000 0.108812
v 3.452184 -1.120891 0.108812
v 0.944584 -1.120891 0.108812
v 0.944584 -1.493986 0.108812
v 3.452184 -1.493986 0.108812
v 3.452184 -1.439268 4.960424
v 0.944585 -1.439268 4.960424
v 3.452185 -1.439268 6.373637
v 0.944584 -1.439268 6.373637
v 3.452184 -1.439268 1.571417
v 0.944584 -1.439268 1.571417
v 3.452184 -1.439268 2.984631
v 0.944584 -1.439268 2.984631
v 0.850035 -2.498000 3.280321
v 0.850049 -2.498000 -0.055479
v 0.850049 -0.391381 -0.055479
v 0.850035 -0.391381 3.280321
v 0.944583 -0.391381 -0.055479
v 0.944583 -2.498000 -0.055479
v 0.944570 -0.391381 3.280321
v 0.944570 -2.498000 3.280321
v 0.944556 -2.498000 6.501222
v 0.944556 -0.391381 6.501222
v 0.850022 -0.391381 6.501222
v 0.850022 -2.498000 6.501222
v 3.452184 -2.498000 0.059418
v 3.452184 -1.493986 0.059418
v 0.944584 -1.493986 0.059420
v 0.944583 -2.498000 0.059420
v 3.478788 -0.995699 1.675552
v 0.944581 -0.995699 1.675552
v 3.478788 -0.995699 0.012350
v 0.944581 -0.995699 0.012350
v 3.478788 -1.120891 1.675552
v 0.944581 -1.120891 1.675552
v 0.944581 -1.120891 0.012350
v 3.478788 -1.120891 0.012350
v 3.478788 -1.120891 3.823704
v 3.478788 -0.995699 3.823704
v 0.944581 -0.995699 3.823704
v 0.944581 -1.120891 3.823704
v 0.944582 -1.120891 6.453398
v 0.944582 -0.995699 6.453398
v 3.478789 -0.995699 6.453398
v 3.478789 -1.120891 6.453398
v -1.689903 -0.995699 4.760494
v 0.844304 -0.995699 4.760494
v -1.689903 -0.995699 6.423697
v 0.844304 -0.995699 6.423697
v -1.689903 -1.120891 4.760494
v 0.844304 -1.120891 4.760494
v 0.844304 -1.120891 6.423697
v -1.689903 -1.120891 6.423697
v -1.689903 -1.120891 2.612343
v -1.689903 -0.995699 2.612343
v 0.844304 -0.995699 2.612341
v 0.844304 -1.120891 2.612341
v 0.844304 -1.120891 -0.017351
v 0.844304 -0.995699 -0.017351
v -1.689903 -0.995699 -0.017351
v -1.689903 -1.120891 -0.017351
v 10.299283 -0.995699 0.352325
v 10.080898 -0.995699 2.575426
v 11.265717 -0.995699 1.163042
v 9.114468 -0.995699 1.764708
v 10.299283 -0.876786 0.352325
v 11.265717 -0.876786 1.163042
v 10.080898 -0.876786 2.575426
v 9.114468 -0.876786 1.764708
v 10.299287 -0.704653 0.352327
v 10.978591 -0.765120 0.922180
v 9.793774 -0.765120 2.334564
v 9.114471 -0.704653 1.764711
v 10.299287 -0.416440 0.352327
v 10.846908 -0.416440 0.811712
v 9.662090 -0.416440 2.224096
v 9.114471 -0.416440 1.764711
v 10.111691 -0.416440 0.716728
v 10.516909 -0.416440 1.056656
v 9.640191 -0.416440 2.101763
v 9.234974 -0.416440 1.761835
v 10.111691 -0.396742 0.716728
v 10.516909 -0.396742 1.056656
v 9.640191 -0.396742 2.101763
v 9.234974 -0.396742 1.761835
v 10.499115 -0.241727 1.041729
v 9.622400 -0.241727 2.086838
v 10.106585 -0.374995 0.712444
v 9.229868 -0.374995 1.757551
v 10.494009 -0.219981 1.037445
v 9.617291 -0.219981 2.082552
v 9.190413 -0.129449 1.724455
v 10.067131 -0.129449 0.679348
v 9.173756 -0.136115 1.710482
v 10.050473 -0.136115 0.665373
v 10.123241 -0.368329 0.726418
v 9.246526 -0.368329 1.771524
v 10.699014 -0.845433 1.685356
v 10.237436 -0.845433 2.235586
v 10.568032 -0.794359 1.575480
v 10.106455 -0.794359 2.125711
v 10.380131 -0.826102 1.982967
v 10.243327 -0.826102 2.146048
v 10.333096 -0.809494 1.943510
v 10.196289 -0.809494 2.106590
v 10.678475 -0.642362 1.192190
v 9.801758 -0.642362 2.237297
v 10.643363 -0.549390 1.162735
v 9.766645 -0.549390 2.207844
v 10.498405 -0.840937 3.431046
v 10.438921 0.108669 3.431347
v 10.503591 -0.840937 4.457195
v 10.444107 0.108669 4.457497
v 10.416682 -0.161064 3.578770
v 10.444683 -0.569715 3.578629
v 10.448341 -0.569715 4.302826
v 10.420341 -0.161064 4.302967
v 10.330132 0.028877 3.494400
v 10.380247 -0.772433 3.494146
v 10.384802 -0.772433 4.395292
v 10.334685 0.028877 4.395546
v 9.277603 -1.003049 3.470633
v 9.249043 -0.956143 3.472591
v 9.274776 -0.952906 3.449623
v 9.196474 -0.022784 3.472857
v 9.219382 0.032769 3.470921
v 9.222073 -0.017140 3.449890
v 9.282452 -1.003049 4.429951
v 9.279838 -0.952906 4.450989
v 9.253878 -0.956143 4.429306
v 9.224230 0.032769 4.430252
v 9.201310 -0.022784 4.429571
v 9.227135 -0.017141 4.451254
v 10.429188 0.168778 3.399420
v 10.436975 0.140644 3.402288
v 10.431906 0.118871 3.378387
v 10.495265 -1.002311 3.399078
v 10.492229 -0.952168 3.378082
v 10.500004 -0.978464 3.401972
v 10.505483 -0.978464 4.486254
v 10.497951 -0.952168 4.510221
v 10.500772 -1.002311 4.489195
v 10.434697 0.168778 4.489521
v 10.437628 0.118871 4.510527
v 10.442453 0.140644 4.486574
v 10.500547 -0.941231 3.452112
v 10.499612 -0.866633 3.452118
v 10.500906 -0.866633 3.708271
v 10.501852 -0.941231 3.708265
v 10.823847 -0.995699 4.888699
v 11.330680 -0.995699 4.886137
v 10.816031 -0.995699 3.342047
v 11.322865 -0.995699 3.339487
v 10.823847 -0.901307 4.888699
v 11.330680 -0.939064 4.886137
v 10.816031 -0.901307 3.342047
v 11.322865 -0.939064 3.339487
v 11.242857 -0.998199 3.109011
v 11.272864 -0.998199 3.092283
v 11.272063 -0.998199 2.933849
v 11.241890 -0.998199 2.917425
v 10.963534 -0.998199 3.093845
v 10.993688 -0.998199 3.110270
v 10.992719 -0.998199 2.918686
v 10.962734 -0.998199 2.935413
v 11.241890 -0.938828 2.917425
v 11.272063 -0.948828 2.933849
v 11.241980 -0.918199 2.934002
v 10.992719 -0.903828 2.918686
v 10.992811 -0.893199 2.935261
v 10.962734 -0.903828 2.935413
v 10.993688 -0.903828 3.110270
v 10.963534 -0.903828 3.093845
v 10.993611 -0.893199 3.093695
v 11.242857 -0.938828 3.109011
v 11.242781 -0.918199 3.092434
v 11.272864 -0.948828 3.092283
v 11.080021 -0.908199 2.934820
v 11.079928 -0.918828 2.918245
v 11.080820 -0.908199 3.093252
v 11.080896 -0.918828 3.109829
v 11.080896 -0.998199 3.109829
v 11.079928 -0.998199 2.918245
v 11.053858 -0.893199 2.934954
v 11.054734 -0.903828 3.109961
v 11.054734 -0.998199 3.109961
v 11.053766 -0.998199 2.918377
v 11.053766 -0.903828 2.918377
v 11.054659 -0.893199 3.093384
v 10.963182 -0.975898 3.024149
v 10.963086 -0.975898 3.005110
v 10.963086 -0.956923 3.005110
v 10.963182 -0.956923 3.024149
v 10.963065 -0.966410 3.001017
v 10.963203 -0.966410 3.028242
v 10.963134 -0.979979 3.014629
v 10.963134 -0.952841 3.014629
v 10.946630 -0.973258 3.021582
v 10.946561 -0.973258 3.007843
v 10.946561 -0.959563 3.007843
v 10.946630 -0.959563 3.021582
v 10.946545 -0.966410 3.004887
v 10.946644 -0.966410 3.024538
v 10.946595 -0.976204 3.014713
v 10.946595 -0.956616 3.014713
v 10.745776 -0.951700 3.368143
v 10.734329 -0.951995 3.359871
v 10.734329 -0.938300 3.359871
v 10.745776 -0.938005 3.368143
v 10.731634 -0.945283 3.358236
v 10.748322 -0.944763 3.369873
v 10.740393 -0.954689 3.363794
v 10.740393 -0.935101 3.363794
v 10.749469 -0.963282 3.137764
v 10.751643 -0.956382 3.139864
v 10.761338 -0.956258 3.149813
v 10.763375 -0.963093 3.151978
v 10.756501 -0.953371 3.144833
v 10.761338 -0.969953 3.149813
v 10.756501 -0.972958 3.144833
v 10.751643 -0.970078 3.139864
v 10.817693 -0.966381 3.035652
v 10.824838 -0.959449 3.050558
v 10.818960 -0.973212 3.038288
v 10.818960 -0.959517 3.038288
v 10.826108 -0.966278 3.053186
v 10.821894 -0.956539 3.044432
v 10.824838 -0.973144 3.050558
v 10.821894 -0.976127 3.044432
v 10.822061 -0.943410 3.677151
v 10.821947 -0.944086 3.655029
v 10.821947 -0.925111 3.655029
v 10.822061 -0.924435 3.677151
v 10.821917 -0.935052 3.648865
v 10.822084 -0.933763 3.681973
v 10.822006 -0.947736 3.666519
v 10.822006 -0.920597 3.666519
v 10.805546 -0.939094 3.682236
v 10.805455 -0.939986 3.664425
v 10.805455 -0.926291 3.664425
v 10.805546 -0.925398 3.682236
v 10.805433 -0.933441 3.660086
v 10.805565 -0.932060 3.686041
v 10.805500 -0.942477 3.673372
v 10.805500 -0.922889 3.673372
v 10.213759 -0.906317 3.690321
v 10.216322 -0.906317 3.676821
v 10.216322 -0.892621 3.676821
v 10.213759 -0.892621 3.690321
v 10.216873 -0.899469 3.673918
v 10.213209 -0.899469 3.693226
v 10.215040 -0.909263 3.683573
v 10.215040 -0.889675 3.683573
v 10.521966 -0.899469 3.656424
v 10.523558 -0.892621 3.658915
v 10.530957 -0.892621 3.670490
v 10.532550 -0.899469 3.672981
v 10.527257 -0.889675 3.664703
v 10.530957 -0.906317 3.670490
v 10.527257 -0.909263 3.664703
v 10.523558 -0.906317 3.658915
v 10.653171 -0.918873 3.664551
v 10.654999 -0.925578 3.667524
v 10.655279 -0.911752 3.667923
v 10.659247 -0.908674 3.674124
v 10.659247 -0.928262 3.674124
v 10.601163 -0.901645 3.663130
v 10.600231 -0.900356 3.679119
v 10.601280 -0.896060 3.666801
v 10.598943 -0.907218 3.680496
v 10.598514 -0.912624 3.676882
v 10.600382 -0.908801 3.664412
v 10.600877 -0.895636 3.673447
v 10.599228 -0.913227 3.670177
v 10.740828 -0.927943 3.556200
v 10.729110 -0.927660 3.550709
v 10.729110 -0.913965 3.550709
v 10.740828 -0.914248 3.556200
v 10.726433 -0.920795 3.549580
v 10.742929 -0.921272 3.557526
v 10.735142 -0.930700 3.553396
v 10.735142 -0.911112 3.553396
v 10.662928 -0.925316 3.679924
v 10.655560 -0.925316 3.668325
v 10.662928 -0.911621 3.679924
v 10.653976 -0.918468 3.665829
v 10.664512 -0.918468 3.682419
v 7.529508 -0.840937 2.949799
v 7.588991 0.108669 2.949799
v 7.529508 -0.840937 1.923634
v 7.588991 0.108669 1.923634
v 7.611975 -0.161064 2.802490
v 7.583975 -0.569715 2.802490
v 7.583975 -0.569715 2.078283
v 7.611975 -0.161064 2.078283
v 7.698099 0.028877 2.887293
v 7.647983 -0.772433 2.887293
v 7.647983 -0.772433 1.986139
v 7.698099 0.028877 1.986139
v 8.750494 -1.003049 2.916382
v 8.779062 -0.956143 2.914566
v 8.753212 -0.952906 2.937405
v 8.831631 -0.022784 2.914566
v 8.808714 0.032769 2.916388
v 8.805918 -0.017140 2.937407
v 8.750493 -1.003049 1.957048
v 8.753212 -0.952906 1.936028
v 8.779062 -0.956143 1.957840
v 8.808714 0.032769 1.957043
v 8.831631 -0.022784 1.957840
v 8.805918 -0.017141 1.936028
v 7.598563 0.168778 2.981773
v 7.590793 0.140644 2.978865
v 7.595739 0.118871 3.002792
v 7.532486 -1.002311 2.981781
v 7.535415 -0.952168 3.002792
v 7.527762 -0.978464 2.978865
v 7.527762 -0.978464 1.894567
v 7.535415 -0.952168 1.870638
v 7.532486 -1.002311 1.891651
v 7.598563 0.168778 1.891657
v 7.595739 0.118871 1.870638
v 7.590793 0.140644 1.894567
v 7.527472 -0.941231 2.928720
v 7.528407 -0.866633 2.928720
v 7.528407 -0.866633 2.672564
v 7.527461 -0.941231 2.672564
v 7.211436 -0.995699 1.490520
v 6.704595 -0.995699 1.490520
v 7.211436 -0.995699 3.037189
v 6.704595 -0.995699 3.037189
v 7.211436 -0.901307 1.490520
v 6.704595 -0.939064 1.490520
v 7.211436 -0.901307 3.037189
v 6.704595 -0.939064 3.037189
v 6.783437 -0.998199 3.268068
v 6.753345 -0.998199 3.284643
v 6.753345 -0.998199 3.443079
v 6.783437 -0.998199 3.459656
v 7.062679 -0.998199 3.284643
v 7.032609 -0.998199 3.268068
v 7.032609 -0.998199 3.459656
v 7.062679 -0.998199 3.443079
v 6.783437 -0.938828 3.459656
v 6.753345 -0.948828 3.443079
v 6.783429 -0.918199 3.443079
v 7.032609 -0.903828 3.459656
v 7.032602 -0.893199 3.443079
v 7.062679 -0.903828 3.443079
v 7.032609 -0.903828 3.268068
v 7.062679 -0.903828 3.284643
v 7.032602 -0.893199 3.284643
v 6.783437 -0.938828 3.268068
v 6.783429 -0.918199 3.284643
v 6.753345 -0.948828 3.284643
v 6.945391 -0.908199 3.443079
v 6.945399 -0.918828 3.459656
v 6.945391 -0.908199 3.284643
v 6.945399 -0.918828 3.268068
v 6.945399 -0.998199 3.268068
v 6.945399 -0.998199 3.459656
v 6.971554 -0.893199 3.443079
v 6.971561 -0.903828 3.268068
v 6.971561 -0.998199 3.268068
v 6.971561 -0.998199 3.459656
v 6.971561 -0.903828 3.459656
v 6.971554 -0.893199 3.284643
v 7.062679 -0.975898 3.354343
v 7.062679 -0.975898 3.373381
v 7.062679 -0.956923 3.373381
v 7.062679 -0.956923 3.354343
v 7.062679 -0.966410 3.377476
v 7.062679 -0.966410 3.350248
v 7.062679 -0.979979 3.363861
v 7.062679 -0.952841 3.363861
v 7.079219 -0.973258 3.356991
v 7.079219 -0.973258 3.370731
v 7.079219 -0.959563 3.370731
v 7.079219 -0.959563 3.356991
v 7.079219 -0.966410 3.373688
v 7.079219 -0.966410 3.354034
v 7.079219 -0.976204 3.363861
v 7.079219 -0.956616 3.363861
v 7.281820 -0.951700 3.011450
v 7.293227 -0.951995 3.019781
v 7.293227 -0.938300 3.019781
v 7.281820 -0.938005 3.011450
v 7.295912 -0.945283 3.021431
v 7.279284 -0.944763 3.009708
v 7.287182 -0.954689 3.015825
v 7.287182 -0.935101 3.015825
v 7.276964 -0.963282 3.241808
v 7.274801 -0.956382 3.239697
v 7.265154 -0.956258 3.229698
v 7.263131 -0.963093 3.227526
v 7.269968 -0.953371 3.234703
v 7.265154 -0.969953 3.229698
v 7.269968 -0.972958 3.234703
v 7.274801 -0.970078 3.239697
v 7.208225 -0.966381 3.343573
v 7.201157 -0.959449 3.328632
v 7.206972 -0.973212 3.340931
v 7.206972 -0.959517 3.340931
v 7.199899 -0.966278 3.325996
v 7.204068 -0.956539 3.334774
v 7.201157 -0.973144 3.328632
v 7.204068 -0.976127 3.334774
v 7.207100 -0.943410 2.702061
v 7.207100 -0.944086 2.724184
v 7.207100 -0.925111 2.724184
v 7.207100 -0.924435 2.702061
v 7.207100 -0.935052 2.730349
v 7.207100 -0.933763 2.697239
v 7.207100 -0.947736 2.712692
v 7.207100 -0.920597 2.712692
v 7.223640 -0.939094 2.697060
v 7.223640 -0.939986 2.714870
v 7.223640 -0.926291 2.714870
v 7.223640 -0.925398 2.697060
v 7.223640 -0.933441 2.719210
v 7.223640 -0.932060 2.693253
v 7.223640 -0.942477 2.705923
v 7.223640 -0.922889 2.705923
v 7.815459 -0.906317 2.691963
v 7.812828 -0.906317 2.705450
v 7.812828 -0.892621 2.705450
v 7.815459 -0.892621 2.691963
v 7.812263 -0.899469 2.708353
v 7.816025 -0.899469 2.689064
v 7.814144 -0.909263 2.698709
v 7.814144 -0.889675 2.698709
v 7.507084 -0.899469 2.724306
v 7.505506 -0.892621 2.721806
v 7.498165 -0.892621 2.710192
v 7.496586 -0.899469 2.707693
v 7.501835 -0.889675 2.716000
v 7.498165 -0.906317 2.710192
v 7.501835 -0.909263 2.716000
v 7.505506 -0.906317 2.721806
v 7.375924 -0.918873 2.715515
v 7.374110 -0.925578 2.712532
v 7.373833 -0.911752 2.712130
v 7.369896 -0.908674 2.705910
v 7.369896 -0.928262 2.705910
v 7.427924 -0.901645 2.717197
v 7.428935 -0.900356 2.701214
v 7.427824 -0.896060 2.713528
v 7.430231 -0.907218 2.699844
v 7.430642 -0.912624 2.703461
v 7.428710 -0.908801 2.715921
v 7.428261 -0.895636 2.706882
v 7.429893 -0.913227 2.710159
v 7.287720 -0.927943 2.823421
v 7.299409 -0.927660 2.828972
v 7.299409 -0.913965 2.828972
v 7.287720 -0.914248 2.823421
v 7.302081 -0.920795 2.830112
v 7.285625 -0.921272 2.822086
v 7.293390 -0.930700 2.826254
v 7.293390 -0.911112 2.826254
v 7.366244 -0.925316 2.700092
v 7.373553 -0.925316 2.711729
v 7.366244 -0.911621 2.700092
v 7.375124 -0.918468 2.714231
v 7.364672 -0.918468 2.697590
v 7.501800 -0.947456 4.120394
v 7.561269 0.108669 4.121746
v 7.525116 -0.947456 3.094496
v 7.584584 0.108669 3.095848
v 7.586587 -0.161064 4.019297
v 7.558594 -0.658208 4.018660
v 7.577062 -0.658208 3.206045
v 7.605056 -0.161064 3.206682
v 7.670902 0.028877 4.099810
v 7.620799 -0.860926 4.098671
v 7.643005 -0.860926 3.121605
v 7.693108 0.028877 3.122744
v 8.723230 -1.003049 4.114729
v 8.751834 -0.956143 4.113565
v 8.725471 -0.952906 4.135809
v 8.804388 -0.022784 4.114759
v 8.781437 0.032769 4.116060
v 8.778162 -0.017140 4.137007
v 8.745028 -1.003049 3.155645
v 8.748224 -0.952906 3.134689
v 8.773573 -0.956143 3.157085
v 8.803234 0.032769 3.156963
v 8.826126 -0.022784 3.158279
v 8.800915 -0.017141 3.135889
v 7.570110 0.168778 4.153931
v 7.562407 0.140644 4.150846
v 7.566810 0.118871 4.174881
v 7.504052 -1.002311 4.152437
v 7.506502 -0.952168 4.173510
v 7.499394 -0.978464 4.149414
v 7.524030 -0.978464 3.065397
v 7.532228 -0.952168 3.041649
v 7.528821 -1.002311 3.062590
v 7.594879 0.168778 3.064096
v 7.592534 0.118871 3.043020
v 7.587045 0.140644 3.066828
v 8.977697 -2.498000 1.463760
v 6.470097 -2.498000 1.463760
v 8.977696 -2.498000 -0.048241
v 6.470097 -2.498000 -0.048241
v 6.470097 -1.120891 1.463760
v 6.470097 -1.120891 -0.048241
v 8.977696 -1.120891 -0.048241
v 8.977697 -1.120891 1.463760
v 6.470097 -2.498000 0.001154
v 6.470097 -2.498000 1.414368
v 8.977697 -2.498000 1.414368
v 8.977696 -2.498000 0.001154
v 6.470097 -1.120891 1.414368
v 6.470097 -1.120891 0.001154
v 8.977696 -1.120891 0.001154
v 8.977697 -1.120891 1.414368
v 6.470097 -1.493986 1.463760
v 6.470097 -1.493986 -0.048241
v 8.977696 -1.493986 -0.048241
v 8.977697 -1.493986 1.463760
v 8.977696 -1.493986 0.001154
v 8.977697 -1.493986 1.414368
v 6.470097 -1.493986 1.414368
v 6.470097 -1.493986 0.001154
v 8.977697 -2.498000 4.852766
v 6.470097 -2.498000 4.852766
v 8.977697 -2.498000 3.340765
v 6.470097 -2.498000 3.340765
v 6.470097 -1.120891 4.852766
v 6.470097 -1.120891 3.340765
v 8.977697 -1.120891 3.340765
v 8.977697 -1.120891 4.852766
v 6.470097 -2.498000 3.390160
v 6.470097 -2.498000 4.803373
v 8.977697 -2.498000 4.803373
v 8.977697 -2.498000 3.390160
v 6.470097 -1.120891 4.803373
v 6.470097 -1.120891 3.390160
v 8.977697 -1.120891 3.390160
v 8.977697 -1.120891 4.803373
v 6.470097 -1.493986 4.852766
v 6.470097 -1.493986 3.340765
v 8.977697 -1.493986 3.340765
v 8.977697 -1.493986 4.852766
v 8.977697 -1.493986 3.390160
v 8.977697 -1.493986 4.803373
v 6.470097 -1.493986 4.803373
v 6.470097 -1.493986 3.390160
v 8.977697 -2.498000 6.315373
v 6.470098 -2.498000 6.315373
v 6.470098 -1.120891 6.315373
v 8.977697 -1.120891 6.315373
v 6.470098 -2.498000 6.265980
v 8.977697 -2.498000 6.265980
v 6.470098 -1.120891 6.265980
v 8.977697 -1.120891 6.265980
v 6.470098 -1.493986 6.315373
v 8.977697 -1.493986 6.315373
v 8.977697 -1.493986 6.265980
v 6.470098 -1.493986 6.265980
v 6.470097 -1.439268 1.414368
v 8.977697 -1.439268 1.414368
v 6.470097 -1.439268 0.001154
v 8.977696 -1.439268 0.001154
v 6.470097 -1.439268 4.803373
v 8.977697 -1.439268 4.803373
v 6.470097 -1.439268 3.390160
v 8.977697 -1.439268 3.390160
v 9.082232 -2.498000 4.803370
v 11.589830 -2.498000 4.803370
v 9.082232 -2.498000 6.315373
v 11.589830 -2.498000 6.315372
v 11.589830 -1.120891 4.803370
v 11.589830 -1.120891 6.315372
v 9.082232 -1.120891 6.315373
v 9.082232 -1.120891 4.803370
v 11.589830 -2.498000 6.265978
v 11.589830 -2.498000 4.852764
v 9.082232 -2.498000 4.852764
v 9.082232 -2.498000 6.265978
v 11.589830 -1.120891 4.852764
v 11.589830 -1.120891 6.265978
v 9.082232 -1.120891 6.265978
v 9.082232 -1.120891 4.852764
v 11.589830 -1.493986 4.803370
v 11.589830 -1.493986 6.315372
v 9.082232 -1.493986 6.315373
v 9.082232 -1.493986 4.803370
v 9.082232 -1.493986 6.265978
v 9.082232 -1.493986 4.852762
v 11.589830 -1.493986 4.852764
v 11.589830 -1.493986 6.265978
v 9.082232 -2.498000 1.414366
v 11.589830 -2.498000 1.414366
v 9.082232 -2.498000 2.926367
v 11.589830 -2.498000 2.926365
v 11.589830 -1.120891 1.414366
v 11.589830 -1.120891 2.926365
v 9.082232 -1.120891 2.926367
v 9.082232 -1.120891 1.414366
v 11.589830 -2.498000 2.876972
v 11.589830 -2.498000 1.463758
v 9.082232 -2.498000 1.463758
v 9.082232 -2.498000 2.876972
v 11.589830 -1.120891 1.463758
v 11.589830 -1.120891 2.876972
v 9.082232 -1.120891 2.876972
v 9.082232 -1.120891 1.463758
v 11.589830 -1.493986 1.414366
v 11.589830 -1.493986 2.926365
v 9.082232 -1.493986 2.926367
v 9.082232 -1.493986 1.414366
v 9.082232 -1.493986 2.876972
v 9.082232 -1.493986 1.463758
v 11.589830 -1.493986 1.463758
v 11.589830 -1.493986 2.876972
v 11.589830 -2.498000 -0.048243
v 11.589830 -1.120891 -0.048243
v 9.082232 -1.120891 -0.048241
v 11.589830 -2.498000 0.001152
v 9.082232 -2.498000 0.001152
v 11.589830 -1.120891 0.001152
v 9.082232 -1.120891 0.001152
v 9.082232 -1.493986 -0.048241
v 9.082232 -1.493986 0.001152
v 11.589830 -1.493986 0.001152
v 11.589830 -1.439268 1.463758
v 9.082232 -1.439268 1.463758
v 11.589830 -1.439268 2.876972
v 9.082232 -1.439268 2.876972
v 8.987681 -2.498000 3.172661
v 8.987696 -2.498000 -0.163139
v 8.987696 -0.391381 -0.163139
v 8.987681 -0.391381 3.172661
v 9.082229 -0.391381 -0.163139
v 9.082229 -2.498000 -0.163139
v 9.082216 -0.391381 3.172661
v 9.082216 -2.498000 3.172661
v 9.082203 -2.498000 6.393562
v 9.082203 -0.391381 6.393562
v 8.987669 -0.391381 6.393562
v 8.987669 -2.498000 6.393562
v 11.589830 -1.493986 -0.048243
v 9.082229 -2.498000 -0.048241
v 11.616435 -0.995699 1.567892
v 9.082228 -0.995699 1.567892
v 11.616435 -0.995699 -0.095312
v 9.082228 -0.995699 -0.095312
v 11.616435 -1.120891 1.567892
v 9.082228 -1.120891 1.567892
v 9.082228 -1.120891 -0.095312
v 11.616435 -1.120891 -0.095312
v 11.616435 -1.120891 3.716043
v 11.616435 -0.995699 3.716043
v 9.082228 -0.995699 3.716043
v 9.082228 -1.120891 3.716043
v 9.082228 -1.120891 6.345737
v 9.082228 -0.995699 6.345737
v 11.616435 -0.995699 6.345737
v 11.616435 -1.120891 6.345737
v 6.447743 -0.995699 4.652834
v 8.981951 -0.995699 4.652834
v 6.447743 -0.995699 6.316036
v 8.981951 -0.995699 6.316036
v 6.447743 -1.120891 4.652834
v 8.981951 -1.120891 4.652834
v 8.981951 -1.120891 6.316036
v 6.447743 -1.120891 6.316036
v 6.447743 -1.120891 2.504683
v 6.447743 -0.995699 2.504683
v 8.981950 -0.995699 2.504683
v 8.981950 -1.120891 2.504683
v 8.981950 -1.120891 -0.125011
v 8.981950 -0.995699 -0.125011
v 6.447742 -0.995699 -0.125011
v 6.447742 -1.120891 -0.125011
v 0.748180 -0.995699 5.027636
v -1.095806 -0.995699 6.288425
v 0.747729 -0.995699 6.289085
v -1.095356 -0.995699 5.026976
v 0.748180 -0.876786 5.027636
v 0.747729 -0.876786 6.289085
v -1.095806 -0.876786 6.288425
v -1.095356 -0.876786 5.026976
v 0.748179 -0.704653 5.027639
v 0.747862 -0.765120 5.914310
v -1.095672 -0.765120 5.913651
v -1.095353 -0.704653 5.026979
v 0.748179 -0.416440 5.027639
v 0.747924 -0.416440 5.742430
v -1.095611 -0.416440 5.741770
v -1.095353 -0.416440 5.026979
v 0.348405 -0.416440 5.117970
v 0.348215 -0.416440 5.646885
v -1.015926 -0.416440 5.646399
v -1.015738 -0.416440 5.117483
v 0.348405 -0.396742 5.117970
v 0.348215 -0.396742 5.646885
v -1.015926 -0.396742 5.646399
v -1.015738 -0.396742 5.117483
v 0.348223 -0.241727 5.623663
v -1.015919 -0.241727 5.623173
v 0.348408 -0.374995 5.111303
v -1.015735 -0.374995 5.110815
v 0.348226 -0.219981 5.616995
v -1.015917 -0.219981 5.616507
v -1.015717 -0.129449 5.059317
v 0.348424 -0.129449 5.059807
v -1.015710 -0.136115 5.037575
v 0.348433 -0.136115 5.038063
v 0.348398 -0.368329 5.133045
v -1.015743 -0.368329 5.132559
v -0.016608 -0.845433 6.190329
v -0.734807 -0.845433 6.190071
v -0.016547 -0.794359 6.019365
v -0.734746 -0.794359 6.019108
v -0.449539 -0.826102 6.137140
v -0.662405 -0.826102 6.137066
v -0.449517 -0.809494 6.075745
v -0.662382 -0.809494 6.075668
v 0.348139 -0.642362 5.857771
v -1.016003 -0.642362 5.857285
v 0.348154 -0.549390 5.811943
v -1.015987 -0.549390 5.811453
v 2.360754 -0.840937 3.538708
v 2.301270 0.108670 3.539007
v 2.365940 -0.840937 4.564857
v 2.306456 0.108670 4.565157
v 2.279031 -0.161064 3.686428
v 2.307032 -0.569715 3.686287
v 2.310691 -0.569715 4.410484
v 2.282691 -0.161064 4.410625
v 2.192480 0.028877 3.602060
v 2.242596 -0.772433 3.601809
v 2.247151 -0.772433 4.502953
v 2.197035 0.028877 4.503206
v 1.139952 -1.003049 3.578291
v 1.111391 -0.956143 3.580252
v 1.137126 -0.952906 3.557281
v 1.058824 -0.022784 3.580517
v 1.081731 0.032769 3.578581
v 1.084422 -0.017140 3.557549
v 1.144800 -1.003049 4.537611
v 1.142187 -0.952906 4.558649
v 1.116226 -0.956143 4.536964
v 1.086579 0.032769 4.537912
v 1.063659 -0.022784 4.537231
v 1.089483 -0.017141 4.558914
v 2.291537 0.168778 3.507080
v 2.299323 0.140644 3.509951
v 2.294255 0.118871 3.486046
v 2.357614 -1.002311 3.506739
v 2.354577 -0.952168 3.485743
v 2.362352 -0.978464 3.509630
v 2.367831 -0.978464 4.593914
v 2.360299 -0.952168 4.617882
v 2.363122 -1.002311 4.596855
v 2.297046 0.168778 4.597181
v 2.299977 0.118871 4.618185
v 2.304802 0.140644 4.594233
v 2.362896 -0.941231 3.559774
v 2.361961 -0.866633 3.559776
v 2.363255 -0.866633 3.815929
v 2.364202 -0.941231 3.815926
v 2.686195 -0.995699 4.996357
v 3.193030 -0.995699 4.993797
v 2.678380 -0.995699 3.449707
v 3.185215 -0.995699 3.447145
v 2.686195 -0.901307 4.996357
v 3.193030 -0.939064 4.993797
v 2.678380 -0.901307 3.449707
v 3.185215 -0.939064 3.447145
v 3.105206 -0.998199 3.216669
v 3.135213 -0.998199 3.199942
v 3.134412 -0.998199 3.041508
v 3.104239 -0.998199 3.025085
v 2.825884 -0.998199 3.201506
v 2.856037 -0.998199 3.217928
v 2.855068 -0.998199 3.026344
v 2.825083 -0.998199 3.043072
v 3.104239 -0.938828 3.025085
v 3.134412 -0.948828 3.041508
v 3.104329 -0.918199 3.041660
v 2.855068 -0.903828 3.026344
v 2.855160 -0.893199 3.042919
v 2.825083 -0.903828 3.043072
v 2.856037 -0.903828 3.217928
v 2.825884 -0.903828 3.201506
v 2.855961 -0.893199 3.201353
v 3.105206 -0.938828 3.216669
v 3.105130 -0.918199 3.200094
v 3.135213 -0.948828 3.199942
v 2.942370 -0.908199 3.042479
v 2.942278 -0.918828 3.025904
v 2.943169 -0.908199 3.200912
v 2.943246 -0.918828 3.217487
v 2.943246 -0.998199 3.217487
v 2.942278 -0.998199 3.025904
v 2.916207 -0.893199 3.042612
v 2.917084 -0.903828 3.217619
v 2.917084 -0.998199 3.217619
v 2.916115 -0.998199 3.026037
v 2.916115 -0.903828 3.026037
v 2.917008 -0.893199 3.201046
v 2.825532 -0.975898 3.131807
v 2.825435 -0.975898 3.112770
v 2.825435 -0.956923 3.112770
v 2.825532 -0.956923 3.131807
v 2.825414 -0.966410 3.108675
v 2.825552 -0.966410 3.135902
v 2.825483 -0.979979 3.122288
v 2.825483 -0.952841 3.122288
v 2.808979 -0.973258 3.129242
v 2.808909 -0.973258 3.115501
v 2.808909 -0.959563 3.115501
v 2.808979 -0.959563 3.129242
v 2.808893 -0.966410 3.112547
v 2.808993 -0.966410 3.132198
v 2.808944 -0.976204 3.122372
v 2.808944 -0.956616 3.122372
v 2.608126 -0.951700 3.475803
v 2.596678 -0.951995 3.467529
v 2.596678 -0.938300 3.467529
v 2.608126 -0.938005 3.475803
v 2.593983 -0.945283 3.465895
v 2.610671 -0.944763 3.477531
v 2.602742 -0.954689 3.471453
v 2.602742 -0.935101 3.471453
v 2.611818 -0.963282 3.245424
v 2.613992 -0.956382 3.247524
v 2.623688 -0.956258 3.257473
v 2.625724 -0.963093 3.259636
v 2.618851 -0.953371 3.252493
v 2.623688 -0.969953 3.257473
v 2.618851 -0.972958 3.252493
v 2.613992 -0.970078 3.247524
v 2.680042 -0.966381 3.143312
v 2.687186 -0.959449 3.158216
v 2.681309 -0.973212 3.145947
v 2.681309 -0.959517 3.145947
v 2.688457 -0.966278 3.160847
v 2.684243 -0.956539 3.152090
v 2.687186 -0.973144 3.158216
v 2.684243 -0.976127 3.152090
v 2.684410 -0.943410 3.784811
v 2.684297 -0.944086 3.762688
v 2.684297 -0.925111 3.762688
v 2.684410 -0.924435 3.784811
v 2.684265 -0.935052 3.756525
v 2.684433 -0.933763 3.789633
v 2.684355 -0.947736 3.774179
v 2.684355 -0.920597 3.774179
v 2.667895 -0.939094 3.789894
v 2.667804 -0.939986 3.772085
v 2.667804 -0.926291 3.772085
v 2.667895 -0.925398 3.789894
v 2.667782 -0.933441 3.767746
v 2.667913 -0.932060 3.793701
v 2.667849 -0.942477 3.781033
v 2.667849 -0.922889 3.781033
v 2.076108 -0.906317 3.797981
v 2.078671 -0.906317 3.784481
v 2.078671 -0.892621 3.784481
v 2.076108 -0.892621 3.797981
v 2.079223 -0.899469 3.781578
v 2.075558 -0.899469 3.800884
v 2.077390 -0.909263 3.791231
v 2.077390 -0.889675 3.791231
v 2.384315 -0.899469 3.764082
v 2.385907 -0.892621 3.766573
v 2.393306 -0.892621 3.778151
v 2.394898 -0.899469 3.780642
v 2.389606 -0.889675 3.772362
v 2.393306 -0.906317 3.778151
v 2.389606 -0.909263 3.772362
v 2.385907 -0.906317 3.766573
v 2.515519 -0.918873 3.772209
v 2.517348 -0.925578 3.775183
v 2.517628 -0.911752 3.775583
v 2.521596 -0.908674 3.781784
v 2.521596 -0.928262 3.781784
v 2.463511 -0.901645 3.770788
v 2.462581 -0.900356 3.786779
v 2.463629 -0.896060 3.774460
v 2.461291 -0.907218 3.788155
v 2.460863 -0.912624 3.784542
v 2.462731 -0.908801 3.772070
v 2.463226 -0.895636 3.781107
v 2.461577 -0.913227 3.777838
v 2.603176 -0.927943 3.663860
v 2.591459 -0.927660 3.658369
v 2.591459 -0.913965 3.658369
v 2.603176 -0.914248 3.663860
v 2.588782 -0.920795 3.657240
v 2.605278 -0.921272 3.665184
v 2.597491 -0.930700 3.661055
v 2.597491 -0.911112 3.661055
v 2.525277 -0.925316 3.787582
v 2.517909 -0.925316 3.775984
v 2.525277 -0.911621 3.787582
v 2.516325 -0.918468 3.773489
v 2.526861 -0.918468 3.790077
v -0.323366 -0.840937 1.779491
v -0.269456 0.108670 1.754353
v -0.757041 -0.840937 0.849470
v -0.703130 0.108670 0.824331
v -0.310881 -0.161064 1.611134
v -0.336257 -0.569715 1.622967
v -0.642320 -0.569715 0.966612
v -0.616944 -0.161064 0.954779
v -0.196987 0.028877 1.651594
v -0.242408 -0.772433 1.672773
v -0.623252 -0.772433 0.856049
v -0.577832 0.028877 0.834867
v 0.769100 -1.003049 1.233194
v 0.794226 -0.956143 1.219475
v 0.780450 -0.952906 1.251099
v 0.841869 -0.022784 1.197260
v 0.821870 0.032769 1.208595
v 0.828217 -0.017140 1.228825
v 0.363670 -1.003049 0.363745
v 0.357249 -0.952906 0.343542
v 0.389896 -0.956143 0.352386
v 0.416433 0.032769 0.339134
v 0.437541 -0.022784 0.330172
v 0.405016 -0.017141 0.321268
v -0.247268 0.168778 1.779287
v -0.255540 0.140644 1.779934
v -0.240944 0.118871 1.799530
v -0.307151 -1.002311 1.807219
v -0.295616 -0.952168 1.825024
v -0.312665 -0.978464 1.806572
v -0.770909 -0.978464 0.823866
v -0.774084 -0.952168 0.798944
v -0.767860 -1.002311 0.819225
v -0.707970 0.168778 0.791306
v -0.719413 0.118871 0.773449
v -0.713784 0.140644 0.797226
v -0.334120 -0.941231 1.761250
v -0.333271 -0.866633 1.760855
v -0.441527 -0.866633 1.528698
v -0.442387 -0.941231 1.529099
v -1.228355 -0.995699 0.591358
v -1.687710 -0.995699 0.805559
v -0.574704 -0.995699 1.993118
v -1.034058 -0.995699 2.207319
v -1.228355 -0.901307 0.591358
v -1.687710 -0.939064 0.805559
v -0.574704 -0.901307 1.993118
v -1.034058 -0.939064 2.207319
v -0.865029 -0.998199 2.383245
v -0.885296 -0.998199 2.410984
v -0.818339 -0.998199 2.554577
v -0.784062 -0.998199 2.556881
v -0.604945 -0.998199 2.280254
v -0.639202 -0.998199 2.277941
v -0.558234 -0.998199 2.451576
v -0.537986 -0.998199 2.423845
v -0.784062 -0.938828 2.556881
v -0.818339 -0.948828 2.554577
v -0.791073 -0.918199 2.541861
v -0.558234 -0.903828 2.451576
v -0.565246 -0.893199 2.436556
v -0.537986 -0.903828 2.423845
v -0.639202 -0.903828 2.277941
v -0.604945 -0.903828 2.280254
v -0.632204 -0.893199 2.292965
v -0.865029 -0.938828 2.383245
v -0.858032 -0.918199 2.398272
v -0.885296 -0.948828 2.410984
v -0.644286 -0.908199 2.473413
v -0.637274 -0.918828 2.488432
v -0.711244 -0.908199 2.329823
v -0.718242 -0.918828 2.314796
v -0.718242 -0.998199 2.314796
v -0.637274 -0.998199 2.488432
v -0.620575 -0.893199 2.462357
v -0.694530 -0.903828 2.303740
v -0.694530 -0.998199 2.303740
v -0.613562 -0.998199 2.477377
v -0.613562 -0.903828 2.477377
v -0.687532 -0.893199 2.318766
v -0.575489 -0.975898 2.343424
v -0.567443 -0.975898 2.360678
v -0.567443 -0.956923 2.360678
v -0.575489 -0.956923 2.343424
v -0.565713 -0.966410 2.364388
v -0.577219 -0.966410 2.339710
v -0.571466 -0.979979 2.352051
v -0.571466 -0.952841 2.352051
v -0.559379 -0.973258 2.338833
v -0.553571 -0.973258 2.351286
v -0.553571 -0.959563 2.351286
v -0.559379 -0.959563 2.338833
v -0.552324 -0.966410 2.353964
v -0.560628 -0.966410 2.336153
v -0.556475 -0.976204 2.345060
v -0.556475 -0.956616 2.345060
v -0.521793 -0.951700 1.940042
v -0.507934 -0.951995 1.942774
v -0.507934 -0.938300 1.942774
v -0.521793 -0.938005 1.940042
v -0.504802 -0.945283 1.943134
v -0.524827 -0.944763 1.939537
v -0.515083 -0.954689 1.941744
v -0.515083 -0.935101 1.941744
v -0.428840 -0.963282 2.150871
v -0.431692 -0.956382 2.149872
v -0.444659 -0.956258 2.144888
v -0.447414 -0.963093 2.143772
v -0.438184 -0.953371 2.147390
v -0.444659 -0.969953 2.144888
v -0.438184 -0.972958 2.147390
v -0.431692 -0.970078 2.149872
v -0.448130 -0.966381 2.272152
v -0.460852 -0.959449 2.261599
v -0.450384 -0.973212 2.270288
v -0.450384 -0.959517 2.270288
v -0.463106 -0.966278 2.259743
v -0.455616 -0.956539 2.265934
v -0.460852 -0.973144 2.261599
v -0.455616 -0.976127 2.265934
v -0.720265 -0.943410 1.691219
v -0.710915 -0.944086 1.711269
v -0.710915 -0.925111 1.711269
v -0.720265 -0.924435 1.691219
v -0.708311 -0.935052 1.716856
v -0.722303 -0.933763 1.686852
v -0.715773 -0.947736 1.700855
v -0.715773 -0.920597 1.700855
v -0.707388 -0.939094 1.679697
v -0.699860 -0.939986 1.695839
v -0.699860 -0.926291 1.695839
v -0.707388 -0.925398 1.679697
v -0.698027 -0.933441 1.699772
v -0.708996 -0.932060 1.676249
v -0.703642 -0.942477 1.687731
v -0.703642 -0.922889 1.687731
v -0.173172 -0.906317 1.424967
v -0.169857 -0.906317 1.438301
v -0.169857 -0.892621 1.438301
v -0.173172 -0.892621 1.424967
v -0.169143 -0.899469 1.441170
v -0.173885 -0.899469 1.422098
v -0.171514 -0.909263 1.431633
v -0.171514 -0.889675 1.431633
v -0.438985 -0.899469 1.584602
v -0.441473 -0.892621 1.583006
v -0.453034 -0.892621 1.575581
v -0.455522 -0.899469 1.573984
v -0.447253 -0.889675 1.579292
v -0.453034 -0.906317 1.575581
v -0.447253 -0.909263 1.579292
v -0.441473 -0.906317 1.583006
v -0.561572 -0.918873 1.632067
v -0.564477 -0.925578 1.630131
v -0.564899 -0.911752 1.629883
v -0.571095 -0.908674 1.625908
v -0.571095 -0.928262 1.625908
v -0.513734 -0.901645 1.611616
v -0.519573 -0.900356 1.596701
v -0.515375 -0.896060 1.608330
v -0.518976 -0.907218 1.594912
v -0.517076 -0.912624 1.598015
v -0.513559 -0.908801 1.610126
v -0.517787 -0.895636 1.602123
v -0.514923 -0.913227 1.604404
v -0.595910 -0.927943 1.767139
v -0.582970 -0.927660 1.767229
v -0.582970 -0.913965 1.767229
v -0.595910 -0.914248 1.767139
v -0.580066 -0.920795 1.767134
v -0.598373 -0.921272 1.766813
v -0.589573 -0.930700 1.767309
v -0.589573 -0.911112 1.767309
v -0.576862 -0.925316 1.622181
v -0.565321 -0.925316 1.629637
v -0.576862 -0.911621 1.622181
v -0.562839 -0.918468 1.631241
v -0.579346 -0.918468 1.620575
v 2.338736 -0.947456 4.750584
v 2.282393 0.108670 4.769655
v 2.667747 -0.947456 5.722572
v 2.611404 0.108670 5.741644
v 2.293646 -0.161064 4.874586
v 2.320169 -0.658208 4.865608
v 2.580778 -0.658208 5.635519
v 2.554256 -0.161064 5.644497
v 2.186876 0.028877 4.827770
v 2.234347 -0.860926 4.811703
v 2.547698 -0.860926 5.737425
v 2.500227 0.028877 5.753492
v 1.192924 -1.003049 5.173712
v 1.166445 -0.956143 5.184591
v 1.183607 -0.952906 5.154671
v 1.116650 -0.022784 5.201447
v 1.137773 0.032769 5.192371
v 1.133685 -0.017140 5.171568
v 1.500507 -1.003049 6.082396
v 1.504673 -0.952906 6.103182
v 1.473193 -0.956143 6.090809
v 1.445361 0.032769 6.101070
v 1.423399 -0.022784 6.107664
v 1.454751 -0.017141 6.120081
v 2.263074 0.168778 4.742435
v 2.271368 0.140644 4.742701
v 2.259010 0.118871 4.721622
v 2.325661 -1.002311 4.721245
v 2.316149 -0.952168 4.702282
v 2.331070 -0.978464 4.722492
v 2.678721 -0.978464 5.749544
v 2.679143 -0.952168 5.774664
v 2.675182 -1.002311 5.753822
v 2.612590 0.168778 5.775002
v 2.622005 0.118871 5.794004
v 2.619018 0.140644 5.769754
v -0.754825 -0.840937 4.118864
v -0.696304 0.108670 4.129524
v -0.570920 -0.840937 3.109314
v -0.512400 0.108670 3.119972
v -0.647294 -0.161064 3.988722
v -0.674841 -0.569715 3.983702
v -0.545051 -0.569715 3.271221
v -0.517504 -0.161064 3.276237
v -0.577763 0.028877 4.087585
v -0.627067 -0.772433 4.078604
v -0.465566 -0.772433 3.192036
v -0.416261 0.028877 3.201019
v 0.452382 -1.003049 4.304806
v 0.480814 -0.956143 4.308142
v 0.451290 -0.952906 4.325975
v 0.532532 -0.022784 4.317562
v 0.509661 0.032769 4.315248
v 0.503142 -0.017140 4.335424
v 0.624309 -1.003049 3.361008
v 0.630751 -0.952906 3.340813
v 0.652273 -0.956143 3.366903
v 0.681588 0.032769 3.371435
v 0.703992 -0.022784 3.376328
v 0.682603 -0.017141 3.350258
v -0.692619 0.168778 4.162697
v -0.699742 0.140644 4.158443
v -0.699163 0.118871 4.182869
v -0.757627 -1.002311 4.150862
v -0.758510 -0.952168 4.172058
v -0.761752 -0.978464 4.147146
v -0.567430 -0.978464 3.080404
v -0.555611 -0.952168 3.058235
v -0.562259 -1.002311 3.078382
v -0.497253 0.168778 3.090233
v -0.496264 0.118871 3.069046
v -0.505420 0.140644 3.091700
v -0.753051 -0.941231 4.097761
v -0.752130 -0.866633 4.097931
v -0.706223 -0.866633 3.845921
v -0.707156 -0.941231 3.845751
v -0.806223 -0.995699 2.626209
v -1.304859 -0.995699 2.535376
v -1.083409 -0.995699 4.147839
v -1.582044 -0.995699 4.057005
v -0.806223 -0.901307 2.626209
v -1.304859 -0.939064 2.535376
v -1.083409 -0.901307 4.147839
v -1.582044 -0.939064 4.057005
v -1.545855 -0.998199 4.298275
v -1.578430 -0.998199 4.309189
v -1.606824 -0.998199 4.465059
v -1.580190 -0.998199 4.486757
v -1.274105 -0.998199 4.364626
v -1.300717 -0.998199 4.342932
v -1.335052 -0.998199 4.531414
v -1.302498 -0.998199 4.520496
v -1.580190 -0.938828 4.486757
v -1.606824 -0.948828 4.465059
v -1.577227 -0.918199 4.470449
v -1.335052 -0.903828 4.531414
v -1.332088 -0.893199 4.515106
v -1.302498 -0.903828 4.520496
v -1.300717 -0.903828 4.342932
v -1.274105 -0.903828 4.364626
v -1.303694 -0.893199 4.359236
v -1.545855 -0.938828 4.298275
v -1.548834 -0.918199 4.314579
v -1.578430 -0.948828 4.309189
v -1.417887 -0.908199 4.499474
v -1.420850 -0.918828 4.515785
v -1.389493 -0.908199 4.343605
v -1.386516 -0.918828 4.327301
v -1.386516 -0.998199 4.327301
v -1.420850 -0.998199 4.515785
v -1.392148 -0.893199 4.504166
v -1.360776 -0.903828 4.331989
v -1.360776 -0.998199 4.331989
v -1.395111 -0.998199 4.520472
v -1.395111 -0.903828 4.520472
v -1.363754 -0.893199 4.348295
v -1.286596 -0.975898 4.433195
v -1.290008 -0.975898 4.451925
v -1.290008 -0.956923 4.451925
v -1.286596 -0.956923 4.433195
v -1.290741 -0.966410 4.455954
v -1.285861 -0.966410 4.429167
v -1.288301 -0.979979 4.442562
v -1.288301 -0.952841 4.442562
v -1.270797 -0.973258 4.438765
v -1.273260 -0.973258 4.452284
v -1.273260 -0.959563 4.452284
v -1.270797 -0.959563 4.438765
v -1.273790 -0.966410 4.455191
v -1.270268 -0.966410 4.435856
v -1.272029 -0.976204 4.445526
v -1.272029 -0.956616 4.445526
v -1.009551 -0.951700 4.135128
v -0.999823 -0.951995 4.145367
v -0.999823 -0.938300 4.145367
v -1.009551 -0.938005 4.135128
v -0.997476 -0.945283 4.147472
v -1.011734 -0.944763 4.132959
v -1.005061 -0.954689 4.140394
v -1.005061 -0.935101 4.140394
v -1.055613 -0.963282 4.360884
v -1.057361 -0.956382 4.358421
v -1.065059 -0.956258 4.346857
v -1.066662 -0.963093 4.344355
v -1.061223 -0.953371 4.352642
v -1.065059 -0.969953 4.346857
v -1.061223 -0.972958 4.352642
v -1.057361 -0.970078 4.358421
v -1.141476 -0.966381 4.448685
v -1.145754 -0.959449 4.432718
v -1.142236 -0.973212 4.445862
v -1.142236 -0.959517 4.445862
v -1.146518 -0.966278 4.429901
v -1.143988 -0.956539 4.439283
v -1.145754 -0.973144 4.432718
v -1.143988 -0.976127 4.439283
v -1.027615 -0.943410 3.817356
v -1.031579 -0.944086 3.839121
v -1.031579 -0.925111 3.839121
v -1.027615 -0.924435 3.817356
v -1.032684 -0.935052 3.845186
v -1.026751 -0.933763 3.812614
v -1.029520 -0.947736 3.827816
v -1.029520 -0.920597 3.827816
v -1.010446 -0.939094 3.815399
v -1.013638 -0.939986 3.832924
v -1.013638 -0.926291 3.832924
v -1.010446 -0.925398 3.815399
v -1.014415 -0.933441 3.837193
v -1.009763 -0.932060 3.811657
v -1.012035 -0.942477 3.824121
v -1.012035 -0.922889 3.824121
v -0.427296 -0.906317 3.916451
v -0.432301 -0.906317 3.929245
v -0.432301 -0.892621 3.929245
v -0.427296 -0.892621 3.916451
v -0.433377 -0.899469 3.932001
v -0.426219 -0.899469 3.913698
v -0.429798 -0.909263 3.922848
v -0.429798 -0.889675 3.922848
v -0.736473 -0.899469 3.893003
v -0.737580 -0.892621 3.890261
v -0.742719 -0.892621 3.877520
v -0.743825 -0.899469 3.874779
v -0.740149 -0.889675 3.883890
v -0.742719 -0.906317 3.877520
v -0.740149 -0.909263 3.883890
v -0.737580 -0.906317 3.890261
v -0.863935 -0.918873 3.860849
v -0.865186 -0.925578 3.857592
v -0.865387 -0.911752 3.857143
v -0.868144 -0.908674 3.850319
v -0.868144 -0.928262 3.850319
v -0.813079 -0.901645 3.871824
v -0.809219 -0.900356 3.856279
v -0.812518 -0.896060 3.868195
v -0.807698 -0.907218 3.855165
v -0.807943 -0.912624 3.858795
v -0.812076 -0.908801 3.870710
v -0.810897 -0.895636 3.861734
v -0.809880 -0.913227 3.865253
v -0.970050 -0.927943 3.951200
v -0.959544 -0.927660 3.958757
v -0.959544 -0.913965 3.958757
v -0.970050 -0.914248 3.951200
v -0.957120 -0.920795 3.960358
v -0.971871 -0.921272 3.949511
v -0.964978 -0.930700 3.955006
v -0.964978 -0.911112 3.955006
v -0.870694 -0.925316 3.843945
v -0.865589 -0.925316 3.856701
v -0.870694 -0.911621 3.843945
v -0.864491 -0.918468 3.859444
v -0.871793 -0.918468 3.841196
vn -0.0000 -0.0000 1.0000
vn -1.0000 -0.0000 -0.0000
vn -0.0000 -0.0000 -1.0000
vn 1.0000 -0.0000 -0.0000
vn -0.0000 1.0000 -0.0000
vn -0.0000 -1.0000 -0.0000
vn -0.6427 -0.0000 0.7661
vn -0.7661 -0.0000 -0.6427
vn 0.7661 -0.0000 0.6427
vn 0.6427 -0.0000 -0.7661
vn 0.2188 0.9584 0.1835
vn 0.6872 0.4421 0.5765
vn 0.7325 0.2931 0.6145
vn -0.2245 0.9561 -0.1884
vn 0.6427 -0.0001 -0.7661
vn -0.7325 -0.2930 -0.6145
vn 0.2245 -0.9561 0.1884
vn -0.2246 0.9561 -0.1884
vn -0.7325 -0.2931 -0.6145
vn 0.2193 0.9582 0.1840
vn 0.2001 0.9653 0.1678
vn 0.6872 0.4422 0.5765
vn -0.8387 -0.2809 0.4665
vn -0.8775 0.1330 0.4608
vn -0.8902 0.1322 -0.4359
vn -0.8528 -0.2791 -0.4415
vn 0.5006 0.8657 -0.0025
vn 0.9962 0.0577 -0.0647
vn 0.9964 0.0422 -0.0739
vn 0.9729 -0.0961 -0.2104
vn 0.9652 0.1759 -0.1938
vn 0.1927 0.8945 0.4033
vn 0.1903 0.8933 -0.4073
vn -0.3391 0.8318 -0.4395
vn -0.3351 0.8303 0.4453
vn -0.3048 -0.1978 -0.9316
vn -0.3283 0.1585 -0.9312
vn 0.3426 0.2212 -0.9131
vn 0.3623 -0.1528 -0.9195
vn 0.3702 -0.1532 0.9162
vn 0.3502 0.2215 0.9101
vn -0.3139 0.1599 0.9359
vn -0.2900 -0.1972 0.9365
vn 0.9968 0.0577 0.0547
vn 0.9671 0.1758 0.1837
vn 0.9971 0.0422 0.0638
vn 0.9751 -0.0961 0.2001
vn 0.9310 -0.0474 -0.3620
vn 0.9188 0.1703 -0.3562
vn 0.9312 0.1729 0.3210
vn 0.9439 -0.0487 0.3266
vn 0.5903 -0.8072 -0.0030
vn 0.4845 0.0300 0.8743
vn 0.4756 0.0301 -0.8791
vn 0.9588 -0.2407 -0.1507
vn 0.9227 0.3539 -0.1531
vn 0.9616 -0.2358 0.1406
vn 0.9260 0.3492 0.1435
vn -0.2497 -0.8848 -0.3934
vn -0.2466 -0.8837 0.3979
vn 0.2549 -0.8562 -0.4494
vn 0.2582 -0.8578 0.4444
vn 0.9999 0.0126 -0.0051
vn -0.2843 -0.8005 0.5276
vn -0.2880 -0.8029 -0.5219
vn 0.2843 -0.8005 -0.5276
vn 0.2880 -0.8029 0.5219
vn 0.0743 0.9972 -0.0004
vn 0.4298 -0.0000 -0.9029
vn 0.4389 -0.0000 0.8986
vn -0.5272 -0.0000 0.8497
vn -0.5358 -0.0000 -0.8443
vn 0.3614 -0.8906 -0.2759
vn 0.7827 0.3115 -0.5389
vn 0.7890 0.3127 0.5289
vn 0.3627 -0.8919 0.2702
vn -0.0028 -0.8367 -0.5477
vn 0.0810 0.3615 -0.9289
vn 0.2429 0.3645 -0.8990
vn 0.1322 -0.7938 -0.5937
vn -0.3614 -0.8907 0.2758
vn -0.6047 0.6670 0.4353
vn -0.6091 0.6686 -0.4267
vn -0.3627 -0.8919 -0.2700
vn 0.2659 0.9125 -0.3107
vn 0.2692 0.9123 0.3086
vn 0.2526 0.9141 0.3172
vn 0.2500 0.9133 -0.3214
vn 0.1372 -0.7954 0.5903
vn 0.0028 -0.8367 0.5477
vn -0.1841 0.5092 -0.8407
vn -0.1340 0.9612 -0.2410
vn -0.1767 0.5082 0.8429
vn -0.1319 0.9610 0.2431
vn 0.2509 0.3646 0.8967
vn 0.1743 0.9544 -0.2425
vn 0.1631 0.6050 -0.7793
vn 0.0905 0.3607 0.9283
vn -0.1372 -0.7954 -0.5903
vn -0.1322 -0.7938 0.5937
vn 0.1699 0.6051 0.7778
vn 0.1763 0.9547 0.2398
vn -0.2228 -0.7486 -0.6244
vn -0.1969 -0.7004 -0.6861
vn -0.2300 -0.0003 -0.9732
vn -0.2282 -0.0000 -0.9736
vn -0.2226 -0.9749 0.0001
vn -0.1281 -0.9909 -0.0418
vn -0.1969 0.6994 -0.6871
vn -0.2228 0.7486 -0.6244
vn -0.2165 0.7496 0.6255
vn -0.0311 0.7514 0.6591
vn 0.0063 -0.0001 1.0000
vn -0.2183 -0.0000 0.9759
vn -0.1279 0.9908 -0.0435
vn -0.2226 0.9749 0.0002
vn -0.0315 -0.7504 0.6603
vn -0.2165 -0.7496 0.6255
vn -0.9303 -0.0064 -0.3668
vn -0.9985 -0.0049 -0.0546
vn -0.6474 0.7542 -0.1096
vn -0.6001 0.7538 -0.2677
vn 0.6668 0.7285 0.1571
vn 0.7310 0.6811 -0.0420
vn 0.9987 -0.0152 0.0490
vn 0.9537 -0.0119 0.3004
vn 0.0272 0.9945 -0.1014
vn -0.0229 0.9996 -0.0150
vn 0.6318 -0.7663 0.1165
vn 0.5970 -0.7666 0.2365
vn -0.0153 -0.9943 0.1059
vn -0.0497 -0.9948 0.0891
vn -0.6203 -0.7556 -0.2104
vn -0.6845 -0.7282 0.0339
vn -0.0823 -0.9963 -0.0232
vn -0.3334 -0.7489 -0.5727
vn -0.4793 -0.0046 -0.8777
vn 0.3251 -0.7938 0.5140
vn 0.5357 -0.0052 0.8444
vn -0.0712 0.9964 -0.0464
vn 0.3439 0.7922 0.5041
vn -0.3308 0.7406 -0.5849
vn -0.4739 -0.7224 -0.5036
vn -0.2765 -0.8112 -0.5153
vn -0.3004 -0.0263 -0.9535
vn -0.5635 -0.0593 -0.8240
vn -0.3110 -0.9494 -0.0440
vn -0.1662 -0.9786 0.1211
vn -0.1476 0.7796 -0.6086
vn -0.3950 0.6951 -0.6006
vn 0.0917 0.8598 0.5023
vn 0.1051 0.7422 0.6618
vn 0.0957 0.0043 0.9954
vn 0.2203 -0.0799 0.9722
vn 0.0085 0.9993 0.0370
vn -0.1762 0.9766 -0.1231
vn -0.0107 -0.7132 0.7008
vn -0.0709 -0.8579 0.5089
vn 0.0031 -0.1055 -0.9944
vn -0.0577 -0.0000 -0.9983
vn -0.0390 0.7440 -0.6670
vn 0.0222 0.6322 -0.7745
vn 0.0352 0.8266 0.5617
vn 0.0443 0.7040 0.7088
vn 0.0628 -0.0000 0.9980
vn -0.0132 0.1628 0.9866
vn 0.0037 0.9986 0.0524
vn 0.0448 0.9912 -0.1249
vn 0.0443 -0.7040 0.7088
vn -0.0487 -0.6029 0.7963
vn 0.0037 -0.9986 0.0524
vn -0.0364 -0.9968 0.0706
vn -0.0168 -0.7719 -0.6356
vn -0.0390 -0.7440 -0.6670
vn -0.1604 -0.9274 0.3378
vn -0.1152 -0.8904 -0.4404
vn 0.0207 -0.2761 -0.9609
vn -0.1126 -0.3657 0.9239
vn -0.0114 0.3488 0.9371
vn 0.1521 0.9591 -0.2386
vn 0.0922 0.8830 0.4602
vn 0.1364 0.4577 -0.8786
vn -0.0517 -0.1792 -0.9824
vn 0.1077 0.6051 -0.7888
vn 0.0731 0.8344 0.5462
vn -0.0129 0.0820 0.9965
vn 0.0915 0.9896 -0.1108
vn -0.0811 -0.7307 0.6778
vn -0.1479 -0.9793 0.1379
vn -0.1594 -0.8568 -0.4904
vn 0.1399 0.7477 0.6492
vn -0.0011 0.1293 0.9916
vn 0.2360 0.9574 -0.1665
vn -0.1348 -0.5177 0.8449
vn 0.0566 0.9951 -0.0808
vn 0.6510 0.7386 0.1751
vn 0.9475 0.0073 0.3197
vn 0.6117 -0.7512 0.2479
vn 0.0159 -0.9984 0.0534
vn -0.6437 -0.7543 -0.1293
vn -0.9560 0.0165 -0.2927
vn -0.5636 0.7919 -0.2353
vn 0.8466 0.0024 0.5322
vn 0.6320 -0.6568 0.4113
vn 0.1549 -0.9809 0.1178
vn -0.5125 -0.8029 -0.3046
vn -0.8479 -0.0090 -0.5301
vn -0.4816 0.8165 -0.3184
vn 0.6496 0.6497 0.3948
vn 0.1886 0.9771 0.0988
vn 0.8414 -0.2810 -0.4616
vn 0.8801 0.1332 -0.4557
vn 0.8877 0.1320 0.4411
vn 0.8502 -0.2789 0.4466
vn -0.5006 0.8657 -0.0000
vn -0.9965 0.0577 0.0597
vn -0.9967 0.0422 0.0689
vn -0.9740 -0.0961 0.2052
vn -0.9662 0.1758 0.1887
vn -0.1915 0.8939 -0.4053
vn -0.1915 0.8939 0.4053
vn 0.3372 0.8309 0.4425
vn 0.3370 0.8312 -0.4423
vn 0.3005 -0.1977 0.9331
vn 0.3240 0.1585 0.9327
vn -0.3464 0.2213 0.9116
vn -0.3663 -0.1530 0.9178
vn -0.3663 -0.1530 -0.9178
vn -0.3464 0.2214 -0.9116
vn 0.3182 0.1599 -0.9344
vn 0.2943 -0.1973 -0.9351
vn -0.9965 0.0577 -0.0597
vn -0.9662 0.1758 -0.1887
vn -0.9967 0.0422 -0.0689
vn -0.9740 -0.0961 -0.2052
vn -0.9330 -0.0476 0.3568
vn -0.9207 0.1705 0.3510
vn -0.9294 0.1727 -0.3262
vn -0.9421 -0.0486 -0.3318
vn -0.5903 -0.8072 -0.0000
vn -0.4801 0.0301 -0.8767
vn -0.4801 0.0301 0.8767
vn -0.9596 -0.2406 0.1459
vn -0.9234 0.3538 0.1485
vn -0.9608 -0.2359 -0.1454
vn -0.9253 0.3492 -0.1481
vn 0.2483 -0.8841 0.3959
vn 0.2481 -0.8843 -0.3955
vn -0.2565 -0.8570 0.4469
vn -0.2565 -0.8570 -0.4469
vn -0.9999 0.0126 -0.0000
vn 0.2862 -0.8017 -0.5248
vn 0.2862 -0.8017 0.5248
vn -0.2862 -0.8017 0.5248
vn -0.2862 -0.8017 -0.5248
vn -0.0743 0.9972 -0.0000
vn -0.4343 -0.0000 0.9008
vn -0.4343 -0.0000 -0.9008
vn 0.5315 -0.0000 -0.8471
vn 0.5315 -0.0000 0.8471
vn -0.3620 -0.8913 0.2731
vn -0.7858 0.3121 0.5339
vn -0.7858 0.3121 -0.5339
vn -0.3620 -0.8913 -0.2731
vn -0.0000 -0.8367 0.5477
vn -0.0858 0.3611 0.9286
vn -0.2469 0.3645 0.8979
vn -0.1347 -0.7946 0.5920
vn 0.3621 -0.8913 -0.2729
vn 0.6069 0.6678 -0.4310
vn 0.6069 0.6678 0.4310
vn 0.3621 -0.8913 0.2729
vn -0.2676 0.9124 0.3097
vn -0.2676 0.9124 -0.3097
vn -0.2513 0.9137 -0.3193
vn -0.2513 0.9137 0.3193
vn -0.1347 -0.7946 -0.5920
vn -0.0000 -0.8367 -0.5477
vn 0.1804 0.5087 0.8419
vn 0.1329 0.9611 0.2421
vn 0.1804 0.5087 -0.8419
vn 0.1329 0.9611 -0.2421
vn -0.2469 0.3645 -0.8979
vn -0.1753 0.9545 0.2412
vn -0.1665 0.6050 0.7786
vn -0.0858 0.3611 -0.9286
vn 0.1347 -0.7946 0.5920
vn 0.1347 -0.7946 -0.5920
vn -0.1665 0.6050 -0.7786
vn -0.1753 0.9545 -0.2412
vn 0.2196 -0.7491 0.6249
vn 0.1934 -0.7003 0.6872
vn 0.2251 -0.0003 0.9743
vn 0.2232 -0.0000 0.9748
vn 0.2225 -0.9749 -0.0000
vn 0.1277 -0.9909 0.0427
vn 0.1933 0.6992 0.6883
vn 0.2196 0.7491 0.6249
vn 0.2196 0.7491 -0.6250
vn 0.0343 0.7514 -0.6589
vn -0.0016 -0.0001 -1.0000
vn 0.2232 -0.0000 -0.9748
vn 0.1275 0.9908 0.0445
vn 0.2225 0.9749 -0.0000
vn 0.0347 -0.7504 -0.6601
vn 0.2196 -0.7491 -0.6250
vn 0.9283 -0.0064 0.3718
vn 0.9982 -0.0048 0.0597
vn 0.6468 0.7542 0.1129
vn 0.5987 0.7538 0.2708
vn -0.6661 0.7284 -0.1606
vn -0.7313 0.6810 0.0383
vn -0.9984 -0.0152 -0.0541
vn -0.9522 -0.0119 -0.3054
vn -0.0275 0.9945 0.1012
vn 0.0229 0.9996 0.0150
vn -0.6312 -0.7663 -0.1198
vn -0.5959 -0.7665 -0.2396
vn 0.0155 -0.9943 -0.1058
vn 0.0501 -0.9948 -0.0890
vn 0.6192 -0.7556 0.2137
vn 0.6847 -0.7282 -0.0304
vn 0.0823 -0.9963 0.0242
vn 0.3308 -0.7485 0.5748
vn 0.4749 -0.0046 0.8800
vn -0.3224 -0.7939 -0.5156
vn -0.5313 -0.0052 -0.8472
vn 0.0711 0.9963 0.0474
vn -0.3413 0.7923 -0.5058
vn 0.3282 0.7401 0.5870
vn 0.4712 -0.7226 0.5057
vn 0.2739 -0.8113 0.5165
vn 0.2956 -0.0263 0.9549
vn 0.5593 -0.0595 0.8268
vn 0.3106 -0.9495 0.0450
vn 0.1670 -0.9786 -0.1204
vn 0.1447 0.7798 0.6091
vn 0.3919 0.6954 0.6024
vn -0.0895 0.8593 -0.5035
vn -0.1017 0.7420 -0.6626
vn -0.0910 0.0047 -0.9958
vn -0.2153 -0.0799 -0.9733
vn -0.0081 0.9993 -0.0374
vn 0.1753 0.9767 0.1234
vn 0.0141 -0.7129 -0.7011
vn 0.0732 -0.8575 -0.5092
vn -0.0080 -0.1054 0.9944
vn 0.0527 -0.0000 0.9986
vn 0.0357 0.7434 0.6679
vn -0.0260 0.6325 0.7741
vn -0.0325 0.8267 -0.5617
vn -0.0407 0.7046 -0.7084
vn -0.0578 -0.0000 -0.9983
vn 0.0182 0.1628 -0.9865
vn -0.0033 0.9987 -0.0508
vn -0.0455 0.9912 0.1244
vn -0.0407 -0.7046 -0.7084
vn 0.0527 -0.6027 -0.7962
vn -0.0033 -0.9987 -0.0508
vn 0.0366 -0.9968 -0.0704
vn 0.0136 -0.7718 0.6357
vn 0.0357 -0.7434 0.6679
vn 0.1622 -0.9275 -0.3368
vn 0.1129 -0.8904 0.4410
vn -0.0256 -0.2763 0.9607
vn 0.1173 -0.3655 -0.9234
vn 0.0159 0.3489 -0.9370
vn -0.1531 0.9593 0.2372
vn -0.0899 0.8829 -0.4608
vn -0.1407 0.4577 0.8779
vn 0.0468 -0.1798 0.9826
vn -0.1117 0.6049 0.7884
vn -0.0704 0.8348 -0.5460
vn 0.0180 0.0822 -0.9965
vn -0.0920 0.9895 0.1114
vn 0.0846 -0.7313 -0.6768
vn 0.1485 -0.9794 -0.1367
vn 0.1570 -0.8568 0.4913
vn -0.1364 0.7471 -0.6506
vn 0.0062 0.1295 -0.9916
vn -0.2368 0.9577 0.1637
vn 0.1390 -0.5168 -0.8447
vn -0.0570 0.9951 0.0807
vn -0.6501 0.7385 -0.1788
vn -0.9457 0.0072 -0.3249
vn -0.6105 -0.7512 -0.2512
vn -0.0158 -0.9985 -0.0533
vn 0.6431 -0.7542 0.1326
vn 0.9545 0.0166 0.2977
vn 0.5624 0.7918 0.2382
vn -0.8439 0.0024 -0.5365
vn -0.6302 -0.6565 -0.4146
vn -0.1545 -0.9808 -0.1187
vn 0.5110 -0.8028 0.3072
vn 0.8452 -0.0089 0.5343
vn 0.4801 0.8164 0.3209
vn -0.6478 0.6495 -0.3982
vn -0.1883 0.9770 -0.0998
vn 0.8533 -0.2815 -0.4390
vn 0.8917 0.1339 -0.4323
vn 0.8760 0.1313 0.4641
vn 0.8382 -0.2784 0.4689
vn -0.5897 0.8075 -0.0134
vn -0.9982 0.0562 -0.0227
vn -0.9799 -0.0863 0.1800
vn -0.9718 0.1758 0.1571
vn -0.1860 0.8910 -0.4142
vn -0.1969 0.8968 0.3962
vn 0.3285 0.8272 0.4559
vn 0.3455 0.8349 -0.4285
vn 0.2814 -0.1972 0.9391
vn 0.3046 0.1583 0.9392
vn -0.3637 0.2222 0.9046
vn -0.3843 -0.1539 0.9103
vn -0.3486 -0.1520 -0.9249
vn -0.3295 0.2205 -0.9181
vn 0.3377 0.1601 -0.9275
vn 0.3136 -0.1978 -0.9287
vn -0.9633 0.1759 -0.2026
vn -0.9702 -0.0866 -0.2263
vn -0.9328 -0.0537 0.3563
vn -0.9220 0.1635 0.3509
vn -0.9143 0.1639 -0.3704
vn -0.9250 -0.0532 -0.3761
vn -0.5902 -0.8072 -0.0134
vn -0.1879 0.0118 -0.9821
vn -0.2323 0.0118 0.9726
vn -0.9613 -0.2460 0.1241
vn -0.9255 0.3564 0.1285
vn -0.9560 -0.2415 -0.1668
vn -0.9206 0.3519 -0.1694
vn 0.2417 -0.8811 0.4066
vn 0.2544 -0.8874 -0.3845
vn -0.2638 -0.8606 0.4356
vn -0.2490 -0.8535 -0.4578
vn -1.0000 -0.0000 -0.0004
vn 0.0004 -0.0000 -1.0000
vn -0.0004 -0.0000 1.0000
vn 1.0000 -0.0000 0.0004
vn -0.0001 0.9584 0.2855
vn -0.0003 0.4421 0.8969
vn -0.0003 0.2931 0.9561
vn 0.0001 0.9561 -0.2931
vn 0.0003 -0.2931 -0.9561
vn -0.0001 -0.9561 0.2931
vn -0.0001 0.9582 0.2862
vn -0.0001 0.9653 0.2611
vn 0.0003 -0.4422 -0.8969
vn -0.8528 -0.2790 -0.4415
vn 0.9962 0.0577 -0.0648
vn 0.9729 -0.0961 -0.2103
vn 0.9652 0.1758 -0.1938
vn 0.4845 0.0301 0.8743
vn 0.4756 0.0300 -0.8791
vn 0.3614 -0.8906 -0.2760
vn 0.0810 0.3614 -0.9289
vn -0.6091 0.6685 -0.4267
vn -0.1841 0.5091 -0.8408
vn 0.1743 0.9543 -0.2426
vn -0.2226 0.9749 0.0001
vn -0.6000 0.7539 -0.2677
vn -0.0152 -0.9943 0.1059
vn -0.0497 -0.9948 0.0892
vn -0.3333 -0.7489 -0.5727
vn -0.0711 0.9964 -0.0464
vn -0.4738 -0.7224 -0.5036
vn -0.2764 -0.8112 -0.5153
vn 0.1051 0.7423 0.6618
vn 0.2202 -0.0799 0.9722
vn -0.0107 -0.7133 0.7008
vn 0.0222 0.6323 -0.7744
vn 0.0037 0.9986 0.0525
vn 0.0448 0.9912 -0.1248
vn -0.0487 -0.6028 0.7964
vn 0.0037 -0.9986 0.0525
vn -0.0364 -0.9968 0.0707
vn -0.0168 -0.7719 -0.6355
vn -0.1604 -0.9274 0.3379
vn -0.1152 -0.8904 -0.4403
vn 0.0207 -0.2762 -0.9609
vn -0.1126 -0.3656 0.9239
vn 0.1521 0.9592 -0.2385
vn 0.1363 0.4578 -0.8785
vn -0.0517 -0.1793 -0.9824
vn 0.0731 0.8345 0.5461
vn -0.0129 0.0821 0.9965
vn -0.0811 -0.7308 0.6777
vn -0.0011 0.1295 0.9916
vn 0.2360 0.9574 -0.1664
vn -0.1348 -0.5175 0.8450
vn 0.6511 0.7385 0.1751
vn 0.6118 -0.7512 0.2479
vn -0.5635 0.7919 -0.2353
vn 0.6321 -0.6567 0.4113
vn 0.1549 -0.9809 0.1179
vn -0.5125 -0.8028 -0.3046
vn 0.1887 0.9771 0.0988
vn 0.5267 -0.2726 -0.8051
vn 0.5642 0.1193 -0.8170
vn 0.9887 0.1442 -0.0418
vn 0.9569 -0.2894 -0.0252
vn -0.4537 0.8657 0.2115
vn -0.8772 0.0577 0.4767
vn -0.8737 0.0426 0.4846
vn -0.7845 -0.0985 0.6123
vn -0.7873 0.1776 0.5904
vn -0.2711 0.9400 -0.2071
vn -0.0782 0.8486 0.5232
vn 0.4339 0.8882 0.1511
vn 0.1510 0.7799 -0.6074
vn 0.6631 -0.2038 0.7202
vn 0.6879 0.1647 0.7069
vn -0.0782 0.1976 0.9771
vn -0.0868 -0.1243 0.9884
vn -0.7399 -0.1551 -0.6546
vn -0.7138 0.2241 -0.6635
vn -0.0325 0.1629 -0.9861
vn -0.0566 -0.1879 -0.9806
vn -0.9283 0.0577 0.3673
vn -0.9522 0.1757 0.2499
vn -0.9322 0.0419 0.3595
vn -0.9656 -0.0954 0.2418
vn -0.6612 -0.0339 0.7494
vn -0.6545 0.1533 0.7404
vn -0.9724 0.1880 0.1380
vn -0.9883 -0.0611 0.1398
vn -0.5350 -0.8072 0.2495
vn -0.8056 0.0301 -0.5917
vn -0.0646 0.0301 0.9975
vn -0.8139 -0.2463 0.5262
vn -0.7801 0.3600 0.5117
vn -0.9303 -0.2382 0.2788
vn -0.8992 0.3513 0.2608
vn 0.3275 -0.9293 0.1708
vn 0.1046 -0.8395 -0.5332
vn -0.1094 -0.8053 0.5827
vn -0.3554 -0.9146 -0.1926
vn -0.9062 0.0126 0.4226
vn 0.1170 -0.7271 -0.6765
vn 0.3973 -0.8881 0.2311
vn -0.1170 -0.7271 0.6765
vn -0.3973 -0.8881 -0.2311
vn -0.0673 0.9972 0.0314
vn -0.1229 -0.0000 0.9924
vn -0.8392 -0.0000 -0.5438
vn 0.2251 -0.0000 -0.9743
vn 0.8911 -0.0000 0.4538
vn -0.2548 -0.8086 0.5303
vn -0.4422 0.2713 0.8549
vn -0.9319 0.3598 -0.0464
vn -0.3895 -0.9199 -0.0465
vn 0.2034 -0.8766 0.4361
vn 0.3036 0.4040 0.8629
vn 0.0846 0.3822 0.9202
vn 0.1004 -0.7847 0.6117
vn 0.2548 -0.8087 -0.5302
vn 0.3529 0.5970 -0.7205
vn 0.6953 0.7178 0.0358
vn 0.3895 -0.9199 0.0465
vn -0.1254 0.9193 0.3730
vn -0.3918 0.9052 -0.1647
vn -0.3210 0.9392 -0.1223
vn -0.1165 0.8892 0.4425
vn -0.2919 -0.8763 -0.3832
vn -0.2034 -0.8766 -0.4361
vn 0.4874 0.5530 0.6757
vn 0.1979 0.9705 0.1379
vn -0.1392 0.4974 -0.8563
vn 0.0325 0.9556 -0.2927
vn -0.5902 0.3841 -0.7100
vn -0.0747 0.9432 0.3236
vn 0.1102 0.6267 0.7714
vn -0.4844 0.3576 -0.7984
vn 0.2920 -0.8763 0.3832
vn -0.1003 -0.7846 -0.6118
vn -0.4532 0.6210 -0.6395
vn -0.2314 0.9666 -0.1100
vn 0.4754 -0.7249 0.4985
vn 0.4584 -0.7221 0.5181
vn 0.6157 -0.0003 0.7880
vn 0.6143 -0.0000 0.7891
vn 0.2302 -0.9726 -0.0318
vn 0.1280 -0.9902 -0.0557
vn 0.4589 0.7211 0.5191
vn 0.4755 0.7249 0.4985
vn -0.0437 0.7920 -0.6090
vn -0.2418 0.7509 -0.6146
vn -0.4100 -0.0001 -0.9121
vn -0.2097 -0.0001 -0.9778
vn 0.1285 0.9902 -0.0543
vn 0.2302 0.9726 -0.0318
vn -0.2420 -0.7496 -0.6161
vn -0.0437 -0.7920 -0.6089
vn 0.9962 -0.0115 -0.0867
vn 0.9290 -0.0105 -0.3699
vn 0.6390 0.7497 -0.1720
vn 0.6611 0.7500 -0.0205
vn -0.6641 0.7342 0.1408
vn -0.6456 0.6832 0.3412
vn -0.9280 -0.0119 0.3724
vn -0.9909 -0.0123 0.1339
vn -0.0013 0.9937 0.1124
vn 0.0229 0.9995 0.0222
vn -0.6304 -0.7588 0.1637
vn -0.6372 -0.7697 0.0385
vn -0.0088 -0.9940 -0.1091
vn 0.0236 -0.9956 -0.0907
vn 0.6488 -0.7558 -0.0885
vn 0.6042 -0.7300 -0.3195
vn 0.0599 -0.9976 -0.0339
vn 0.5224 -0.7758 0.3538
vn 0.8180 -0.0049 0.5752
vn -0.5173 -0.7944 -0.3183
vn -0.8549 -0.0048 -0.5187
vn 0.0564 0.9984 -0.0080
vn -0.5305 0.7934 -0.2984
vn 0.5243 0.7677 0.3683
vn 0.6461 -0.7158 0.2650
vn 0.4744 -0.8059 0.3542
vn 0.6780 -0.0202 0.7348
vn 0.8564 -0.0515 0.5138
vn 0.3223 -0.9442 -0.0680
vn 0.0987 -0.9815 -0.1640
vn 0.3924 0.7774 0.4916
vn 0.6121 0.6922 0.3823
vn -0.2629 0.8830 -0.3888
vn -0.3565 0.7749 -0.5219
vn -0.4889 -0.0097 -0.8723
vn -0.6083 -0.0655 -0.7910
vn -0.0173 0.9998 0.0035
vn 0.2350 0.9702 0.0599
vn -0.2537 -0.7501 -0.6107
vn -0.1225 -0.8740 -0.4702
vn 0.4069 -0.1211 0.9054
vn 0.4698 -0.0000 0.8828
vn 0.2907 0.7862 0.5453
vn 0.2970 0.6312 0.7165
vn -0.2617 0.8306 -0.4915
vn -0.3512 0.6715 -0.6525
vn -0.4743 -0.0000 -0.8804
vn -0.4005 0.1590 -0.9024
vn -0.0723 0.9883 -0.1340
vn 0.0127 0.9919 0.1263
vn -0.3512 -0.6715 -0.6525
vn -0.2849 -0.6184 -0.7324
vn -0.0723 -0.9883 -0.1340
vn 0.0049 -0.9954 -0.0956
vn 0.2692 -0.7986 0.5383
vn 0.2907 -0.7862 0.5453
vn 0.0008 -0.9379 -0.3469
vn 0.2896 -0.8977 0.3321
vn 0.3893 -0.2698 0.8807
vn -0.2746 -0.3947 -0.8768
vn -0.3742 0.3374 -0.8638
vn -0.0439 0.9533 0.2989
vn -0.2609 0.8958 -0.3599
vn 0.2320 0.4770 0.8477
vn 0.4546 -0.1514 0.8777
vn 0.2228 0.6340 0.7406
vn -0.3023 0.8193 -0.4872
vn -0.4038 0.0637 -0.9126
vn -0.0614 0.9943 0.0871
vn -0.2144 -0.7213 -0.6586
vn 0.0700 -0.9757 -0.2077
vn 0.3372 -0.8714 0.3564
vn -0.3819 0.8038 -0.4561
vn -0.4153 0.1439 -0.8982
vn -0.1098 0.9372 0.3312
vn -0.2140 -0.5535 -0.8049
vn -0.0334 0.9961 0.0814
vn -0.6600 0.7367 0.1470
vn -0.9902 0.0134 0.1389
vn -0.6634 -0.7470 0.0445
vn -0.0289 -0.9971 -0.0707
vn 0.6348 -0.7575 -0.1527
vn 0.9898 0.0172 -0.1416
vn 0.6083 0.7933 -0.0247
vn -0.9916 0.0020 -0.1296
vn -0.7167 -0.6892 -0.1062
vn -0.1520 -0.9877 -0.0374
vn 0.5994 -0.7980 0.0634
vn 0.9918 -0.0095 0.1271
vn 0.5779 0.8112 0.0888
vn -0.7280 0.6805 -0.0831
vn -0.1750 0.9846 -0.0058
vn -0.6174 -0.2744 0.7373
vn -0.6567 0.1224 0.7442
vn -0.9864 0.1415 -0.0836
vn -0.9530 -0.2868 -0.0977
vn 0.5587 0.8075 -0.1891
vn 0.9457 0.0562 -0.3201
vn 0.8512 -0.0886 -0.5173
vn 0.8533 0.1773 -0.4904
vn 0.2562 0.9313 0.2588
vn 0.1069 0.8573 -0.5036
vn -0.4225 0.8780 -0.2248
vn -0.1972 0.7876 0.5838
vn -0.5766 -0.2030 -0.7914
vn -0.6018 0.1632 -0.7818
vn 0.1364 0.2046 -0.9693
vn 0.1471 -0.1333 -0.9801
vn 0.6461 -0.1576 0.7468
vn 0.6198 0.2261 0.7515
vn -0.0525 0.1611 0.9855
vn -0.0295 -0.1899 0.9814
vn 0.9730 0.1754 -0.1499
vn 0.9874 -0.0852 -0.1331
vn 0.7271 -0.0423 -0.6853
vn 0.7203 0.1487 -0.6776
vn 0.9841 0.1774 -0.0025
vn 0.9980 -0.0640 -0.0012
vn 0.5591 -0.8072 -0.1893
vn 0.5125 0.0118 0.8586
vn -0.1144 0.0118 -0.9934
vn 0.8639 -0.2494 -0.4376
vn 0.8288 0.3604 -0.4280
vn 0.9548 -0.2423 -0.1720
vn 0.9227 0.3523 -0.1565
vn -0.3156 -0.9213 -0.2269
vn -0.1415 -0.8469 0.5126
vn 0.1451 -0.8144 -0.5618
vn 0.3397 -0.9040 0.2595
vn 0.9184 -0.2852 -0.2741
vn 0.9548 0.1388 -0.2629
vn 0.7795 0.1261 0.6135
vn 0.7408 -0.2750 0.6128
vn -0.4925 0.8657 -0.0897
vn -0.9911 0.0577 -0.1201
vn -0.9929 0.0421 -0.1112
vn -0.9952 -0.0956 0.0201
vn -0.9844 0.1756 0.0070
vn -0.1455 0.8720 -0.4674
vn -0.2311 0.9162 0.3274
vn 0.2619 0.8035 0.5347
vn 0.3941 0.8597 -0.3251
vn 0.1524 -0.1935 0.9692
vn 0.1744 0.1579 0.9719
vn -0.4924 0.2259 0.8405
vn -0.5170 -0.1577 0.8414
vn -0.2366 -0.1436 -0.9610
vn -0.2221 0.2130 -0.9515
vn 0.4737 0.1621 -0.8657
vn 0.4484 -0.2008 -0.8710
vn -0.9696 0.0577 -0.2378
vn -0.9145 0.1764 -0.3642
vn -0.9682 0.0424 -0.2467
vn -0.9185 -0.0969 -0.3834
vn -0.9851 -0.0533 0.1635
vn -0.9709 0.1777 0.1603
vn -0.8477 0.1656 -0.5039
vn -0.8582 -0.0428 -0.5115
vn -0.5808 -0.8072 -0.1058
vn -0.3152 0.0301 -0.9486
vn -0.6294 0.0300 0.7765
vn -0.9702 -0.2405 -0.0282
vn -0.9352 0.3536 -0.0188
vn -0.9199 -0.2374 -0.3120
vn -0.8843 0.3510 -0.3078
vn 0.1915 -0.8611 0.4711
vn 0.2916 -0.9070 -0.3037
vn -0.3090 -0.8850 0.3483
vn -0.1950 -0.8308 -0.5212
vn -0.9837 0.0126 -0.1792
vn 0.3459 -0.8436 -0.4108
vn 0.2153 -0.7628 0.6097
vn -0.3459 -0.8436 0.4108
vn -0.2153 -0.7628 -0.6097
vn -0.0731 0.9972 -0.0133
vn -0.6053 -0.0000 0.7960
vn -0.2857 -0.0000 -0.9583
vn 0.6889 -0.0000 -0.7248
vn 0.3891 -0.0000 0.9212
vn -0.3793 -0.9087 0.1742
vn -0.8783 0.3334 0.3427
vn -0.6568 0.2912 -0.6956
vn -0.3311 -0.8636 -0.3802
vn -0.0956 -0.8457 0.5251
vn -0.2556 0.3524 0.9003
vn -0.3923 0.3702 0.8421
vn -0.2149 -0.8289 0.5165
vn 0.3793 -0.9087 -0.1741
vn 0.6683 0.6929 -0.2707
vn 0.5144 0.6385 0.5724
vn 0.3312 -0.8637 0.3801
vn -0.3250 0.9083 0.2635
vn -0.2092 0.9164 -0.3412
vn -0.1987 0.9011 -0.3853
vn -0.2909 0.9264 0.2393
vn -0.0395 -0.7741 -0.6318
vn 0.0956 -0.8457 -0.5251
vn 0.0486 0.4959 0.8670
vn 0.0932 0.9576 0.2726
vn 0.3113 0.5279 -0.7902
vn 0.1657 0.9654 -0.2015
vn -0.1063 0.3671 -0.9241
vn -0.2053 0.9605 0.1880
vn -0.2874 0.6095 0.7389
vn 0.0812 0.3781 -0.9222
vn 0.0396 -0.7741 0.6319
vn 0.2149 -0.8289 -0.5165
vn -0.0487 0.6090 -0.7916
vn -0.1365 0.9487 -0.2852
vn -0.0956 -0.8457 0.5250
vn 0.1075 -0.7675 0.6320
vn 0.0635 -0.6985 0.7128
vn 0.0469 -0.0003 0.9989
vn 0.0450 -0.0000 0.9990
vn 0.2247 -0.9744 0.0074
vn 0.1105 -0.9913 0.0712
vn 0.0632 0.6974 0.7139
vn 0.1075 0.7675 0.6320
vn 0.3314 0.7347 -0.5919
vn 0.1467 0.7519 -0.6427
vn 0.1676 -0.0001 -0.9858
vn 0.3943 -0.0000 -0.9190
vn 0.1100 0.9913 0.0728
vn 0.2247 0.9744 0.0074
vn 0.1474 -0.7510 -0.6437
vn 0.3314 -0.7347 -0.5919
vn 0.8408 -0.0047 0.5413
vn 0.9712 -0.0029 0.2384
vn 0.6162 0.7543 0.2265
vn 0.5408 0.7517 0.3776
vn -0.6272 0.7256 -0.2832
vn -0.7285 0.6786 -0.0937
vn -0.9726 -0.0168 -0.2320
vn -0.8796 -0.0119 -0.4755
vn -0.0379 0.9946 0.0962
vn 0.0252 0.9995 0.0182
vn -0.5979 -0.7676 -0.2311
vn -0.5438 -0.7644 -0.3463
vn 0.0258 -0.9943 -0.1037
vn 0.0639 -0.9947 -0.0810
vn 0.5710 -0.7526 0.3281
vn 0.6808 -0.7264 0.0944
vn 0.0784 -0.9948 0.0654
vn 0.2354 -0.7313 0.6401
vn 0.3202 -0.0050 0.9473
vn -0.2227 -0.7988 -0.5589
vn -0.3708 -0.0057 -0.9287
vn 0.0635 0.9943 0.0862
vn -0.2427 0.7969 -0.5533
vn 0.2311 0.7223 0.6518
vn 0.3712 -0.7338 0.5690
vn 0.1812 -0.8141 0.5517
vn 0.1277 -0.0235 0.9915
vn 0.4024 -0.0660 0.9131
vn 0.2938 -0.9527 0.0774
vn 0.1936 -0.9773 -0.0857
vn 0.0411 0.7835 0.6201
vn 0.2748 0.7058 0.6529
vn -0.0033 0.8419 -0.5397
vn 0.0205 0.7403 -0.6719
vn 0.0755 0.0188 -0.9970
vn -0.0375 -0.0791 -0.9962
vn 0.0086 0.9989 -0.0452
vn 0.1440 0.9819 0.1231
vn 0.1387 -0.7055 -0.6950
vn 0.1573 -0.8460 -0.5095
vn -0.1825 -0.1021 0.9779
vn -0.1271 -0.0000 0.9919
vn -0.0872 0.7250 0.6832
vn -0.1578 0.6457 0.7471
vn 0.0645 0.8331 -0.5493
vn 0.0841 0.7278 -0.6806
vn 0.1221 -0.0000 -0.9925
vn 0.1948 0.1667 -0.9666
vn -0.0010 1.0000 0.0038
vn -0.0667 0.9927 0.1009
vn 0.0841 -0.7278 -0.6806
vn 0.1954 -0.5974 -0.7778
vn -0.0010 -1.0000 0.0038
vn 0.0443 -0.9970 -0.0633
vn -0.1005 -0.7735 0.6258
vn -0.0872 -0.7250 0.6832
vn 0.2232 -0.9320 -0.2855
vn 0.0303 -0.8905 0.4539
vn -0.1979 -0.2836 0.9383
vn 0.2810 -0.3655 -0.8874
vn 0.1778 0.3560 -0.9174
vn -0.1832 0.9663 0.1808
vn -0.0122 0.8843 -0.4668
vn -0.2934 0.4568 0.8398
vn -0.1257 -0.2020 0.9713
vn -0.2532 0.5994 0.7594
vn 0.0225 0.8489 -0.5280
vn 0.1961 0.0839 -0.9770
vn -0.1166 0.9847 0.1295
vn 0.2018 -0.7495 -0.6305
vn 0.1653 -0.9823 -0.0878
vn 0.0723 -0.8591 0.5067
vn -0.0092 0.7302 -0.6831
vn 0.1816 0.1393 -0.9735
vn -0.2500 0.9661 0.0652
vn 0.2859 -0.4903 -0.8233
vn -0.0703 0.9948 0.0738
vn -0.6045 0.7366 -0.3033
vn -0.8661 0.0054 -0.4999
vn -0.5557 -0.7490 -0.3609
vn -0.0144 -0.9986 -0.0511
vn 0.6107 -0.7512 0.2505
vn 0.8836 0.0170 0.4679
vn 0.5113 0.7902 0.3380
vn -0.7341 0.0029 -0.6791
vn -0.5503 -0.6492 -0.5250
vn -0.1318 -0.9805 -0.1455
vn 0.4501 -0.8003 0.3962
vn 0.7358 -0.0082 0.6772
vn 0.4172 0.8142 0.4039
vn -0.5697 0.6433 -0.5115
vn -0.1684 0.9767 -0.1330
vt 0.594854 0.738004
vt 0.594854 0.748016
vt 0.547260 0.748016
vt 0.547260 0.738004
vt 0.545326 0.747456
vt 0.545326 0.733871
vt 0.543528 0.733871
vt 0.543528 0.747456
vt 0.596782 0.747456
vt 0.596782 0.733871
vt 0.598581 0.733871
vt 0.598581 0.747456
vt 0.543528 0.733871
vt 0.545326 0.733871
vt 0.598581 0.733871
vt 0.596782 0.733871
vt 0.539834 0.270889
vt 0.539834 0.979111
vt 0.541745 0.710324
vt 0.541744 0.748386
vt 0.524662 0.748386
vt 0.524662 0.710324
vt 0.598581 0.710899
vt 0.596782 0.710899
vt 0.545326 0.710899
vt 0.543528 0.710899
vt 0.547260 0.711062
vt 0.594854 0.711062
vt 0.539834 0.000000
vt 0.601086 0.000000
vt 0.601086 0.250000
vt 0.539834 0.250000
vt 0.541745 0.748386
vt 0.524662 0.748386
vt 0.524662 0.710324
vt 0.545326 0.747456
vt 0.545326 0.733871
vt 0.543528 0.733871
vt 0.543528 0.747456
vt 0.596782 0.747456
vt 0.596782 0.733871
vt 0.543528 0.710899
vt 0.543528 0.747456
vt 0.545326 0.747456
vt 0.545326 0.710899
vt 0.596782 0.710899
vt 0.596782 0.747456
vt 0.547669 0.747855
vt 0.547669 0.710895
vt 0.594055 0.710895
vt 0.594055 0.747855
vt 0.539834 0.770889
vt 0.539834 0.479111
vt 0.585656 0.758198
vt 0.585656 0.778464
vt 0.568477 0.778464
vt 0.568477 0.758198
vt 0.542587 0.716592
vt 0.599484 0.716592
vt 0.599484 0.740846
vt 0.542587 0.740846
vt 0.598096 0.712921
vt 0.543008 0.747267
vt 0.542282 0.746102
vt 0.597369 0.711755
vt 0.599710 0.716379
vt 0.599710 0.740933
vt 0.542108 0.740933
vt 0.542108 0.716379
vt 0.552201 0.758301
vt 0.552201 0.761062
vt 0.589764 0.761062
vt 0.589764 0.758301
vt 0.535386 0.767390
vt 0.535386 0.771140
vt 0.589315 0.771140
vt 0.589315 0.767390
vt 0.598957 0.778464
vt 0.598957 0.758198
vt 0.599570 0.761062
vt 0.599570 0.758301
vt 0.541328 0.749682
vt 0.575672 0.749682
vt 0.575672 0.786673
vt 0.541328 0.786673
vt 0.525220 0.761062
vt 0.525220 0.758301
vt 0.531531 0.749682
vt 0.531531 0.786673
vt 0.547447 0.778464
vt 0.547447 0.758198
vt 0.591507 0.749682
vt 0.591507 0.786673
vt 0.526108 0.769314
vt 0.597991 0.769314
vt 0.597991 0.774739
vt 0.526108 0.774739
vt 0.597993 0.769803
vt 0.526828 0.769803
vt 0.526828 0.764432
vt 0.597993 0.764432
vt 0.000000 0.000000
vt 0.442715 0.757329
vt 0.464183 0.763725
vt 0.514975 0.767189
vt 0.514975 0.757329
vt 0.522865 0.757969
vt 0.522865 0.763088
vt 0.443510 0.763088
vt 0.443510 0.757969
vt 0.442715 0.750517
vt 0.514975 0.750517
vt 0.514975 0.783699
vt 0.474030 0.783699
vt 0.522865 0.770497
vt 0.443510 0.770497
vt 0.509249 0.749893
vt 0.509249 0.761114
vt 0.458875 0.761114
vt 0.458875 0.749893
vt 0.458875 0.786034
vt 0.458875 0.769119
vt 0.509249 0.769119
vt 0.509249 0.786034
vt 0.522865 0.782903
vt 0.443510 0.782903
vt 0.485791 0.624432
vt 0.473279 0.624432
vt 0.473279 0.629284
vt 0.485791 0.629284
vt 0.853273 0.705522
vt 0.853273 0.650240
vt 0.995851 0.650240
vt 0.995851 0.705522
vt 0.855033 0.642425
vt 0.853230 0.642425
vt 0.853230 0.721135
vt 0.855033 0.721135
vt 0.473279 0.629071
vt 0.473279 0.629010
vt 0.485791 0.629010
vt 0.485791 0.629071
vt 0.473279 0.624371
vt 0.485791 0.624371
vt 0.853273 0.657395
vt 0.995851 0.657395
vt 0.473279 0.623699
vt 0.485791 0.623699
vt 0.485791 0.623899
vt 0.473279 0.623899
vt 0.879799 0.721135
vt 0.879799 0.642425
vt 0.473279 0.624570
vt 0.485791 0.624570
vt 0.497539 0.635008
vt 0.497539 0.646766
vt 0.452922 0.646766
vt 0.452922 0.635008
vt 0.475669 0.671460
vt 0.475669 0.664375
vt 0.494009 0.664375
vt 0.494009 0.671460
vt 0.346161 0.682438
vt 0.346161 0.688471
vt 0.308196 0.688471
vt 0.308196 0.682438
vt 0.508515 0.752620
vt 0.508515 0.784686
vt 0.469222 0.784686
vt 0.469222 0.752620
vt 0.459522 0.751376
vt 0.498628 0.751376
vt 0.497697 0.753890
vt 0.460452 0.753890
vt 0.498628 0.785044
vt 0.499735 0.750387
vt 0.499735 0.786063
vt 0.505764 0.749955
vt 0.505763 0.786107
vt 0.471980 0.783938
vt 0.472059 0.752123
vt 0.517799 0.759210
vt 0.519017 0.780957
vt 0.462831 0.780957
vt 0.461437 0.756067
vt 0.461437 0.756066
vt 0.519017 0.780957
vt 0.459522 0.785044
vt 0.458414 0.786063
vt 0.458414 0.750387
vt 0.894886 0.671583
vt 0.903705 0.671583
vt 0.903705 0.688819
vt 0.894886 0.688819
vt 0.460452 0.782256
vt 0.497697 0.782256
vt 0.891290 0.669917
vt 0.907074 0.669917
vt 0.891290 0.690641
vt 0.907074 0.690641
vt 0.472055 0.752123
vt 0.471361 0.752166
vt 0.471982 0.751431
vt 0.469168 0.786302
vt 0.468361 0.784588
vt 0.471977 0.783938
vt 0.471901 0.784630
vt 0.471282 0.783895
vt 0.519156 0.782112
vt 0.520178 0.780958
vt 0.499846 0.786860
vt 0.500647 0.785269
vt 0.499847 0.749527
vt 0.500647 0.751126
vt 0.457502 0.751126
vt 0.458303 0.749527
vt 0.458303 0.786860
vt 0.457502 0.785269
vt 0.505767 0.749954
vt 0.505687 0.749263
vt 0.468361 0.752439
vt 0.505802 0.786806
vt 0.472018 0.784638
vt 0.505766 0.786107
vt 0.505685 0.786799
vt 0.462971 0.782116
vt 0.519156 0.782116
vt 0.518964 0.759268
vt 0.508568 0.786398
vt 0.469168 0.786398
vt 0.919699 0.871055
vt 0.902141 0.871055
vt 0.902141 0.863653
vt 0.919699 0.863653
vt 0.505360 0.750170
vt 0.461219 0.750170
vt 0.461219 0.787162
vt 0.505360 0.787162
vt 0.442237 0.744225
vt 0.442237 0.720248
vt 0.523954 0.720248
vt 0.523954 0.744225
vt 0.500466 0.746365
vt 0.443050 0.746340
vt 0.443050 0.742371
vt 0.500466 0.742371
vt 0.464493 0.748494
vt 0.500466 0.742371
vt 0.464456 0.742389
vt 0.464493 0.748494
vt 0.523421 0.748494
vt 0.523384 0.742389
vt 0.464456 0.742389
vt 0.500466 0.746365
vt 0.464420 0.748494
vt 0.446130 0.709988
vt 0.443901 0.709988
vt 0.443901 0.718329
vt 0.446130 0.718329
vt 0.455665 0.712584
vt 0.455613 0.709249
vt 0.445450 0.709510
vt 0.445193 0.711517
vt 0.454062 0.718505
vt 0.449104 0.718505
vt 0.449104 0.710164
vt 0.454062 0.710164
vt 0.455750 0.709988
vt 0.455750 0.718329
vt 0.445450 0.718329
vt 0.445450 0.709988
vt 0.489215 0.750170
vt 0.463536 0.750170
vt 0.461219 0.755920
vt 0.461219 0.781412
vt 0.463536 0.787162
vt 0.489215 0.787162
vt 0.443537 0.709988
vt 0.461297 0.709521
vt 0.463209 0.709988
vt 0.461296 0.709988
vt 0.461297 0.718797
vt 0.461296 0.718329
vt 0.463209 0.718329
vt 0.445450 0.718807
vt 0.443537 0.718329
vt 0.456945 0.709988
vt 0.456931 0.709238
vt 0.455765 0.719080
vt 0.444049 0.711309
vt 0.448412 0.709988
vt 0.450324 0.709521
vt 0.450324 0.713107
vt 0.448412 0.713107
vt 0.455325 0.709656
vt 0.456469 0.709865
vt 0.455814 0.713454
vt 0.454670 0.713246
vt 0.452349 0.712822
vt 0.453003 0.709233
vt 0.450808 0.709388
vt 0.451353 0.712641
vt 0.456945 0.718329
vt 0.456931 0.719080
vt 0.455765 0.709238
vt 0.493364 0.750170
vt 0.493364 0.787162
vt 0.454664 0.712892
vt 0.454682 0.709244
vt 0.450342 0.709517
vt 0.503043 0.750170
vt 0.503043 0.787162
vt 0.505360 0.781412
vt 0.505360 0.755920
vt 0.464317 0.716492
vt 0.464413 0.716588
vt 0.464306 0.716838
vt 0.464168 0.716838
vt 0.464663 0.716343
vt 0.464663 0.716481
vt 0.464413 0.717087
vt 0.464317 0.717183
vt 0.465010 0.717183
vt 0.464914 0.717087
vt 0.465021 0.716838
vt 0.465159 0.716838
vt 0.464663 0.717194
vt 0.464663 0.717332
vt 0.464914 0.716588
vt 0.465010 0.716492
vt 0.594646 0.934239
vt 0.594646 0.869280
vt 0.593404 0.869253
vt 0.593404 0.934212
vt 0.596636 0.934212
vt 0.596636 0.999171
vt 0.597792 0.999197
vt 0.597792 0.934239
vt 0.592788 0.869191
vt 0.592788 0.934150
vt 0.596219 0.934150
vt 0.596219 0.999108
vt 0.599034 0.999171
vt 0.599034 0.934212
vt 0.599650 0.999108
vt 0.599650 0.934150
vt 0.595803 0.934212
vt 0.595803 0.869253
vt 0.596219 0.934150
vt 0.596219 0.869191
vt 0.596219 0.966629
vt 0.595803 0.966691
vt 0.594646 0.966718
vt 0.599034 0.901733
vt 0.599650 0.901671
vt 0.597792 0.901760
vt 0.596219 0.901671
vt 0.596636 0.901733
vt 0.593404 0.966691
vt 0.592788 0.966629
vt 0.594646 0.999197
vt 0.593404 0.999171
vt 0.596636 0.869253
vt 0.597792 0.869280
vt 0.592788 0.999108
vt 0.596219 0.869191
vt 0.599034 0.869253
vt 0.599650 0.869191
vt 0.595803 0.999171
vt 0.596219 0.999108
vt 0.596219 0.950390
vt 0.595803 0.950452
vt 0.594646 0.950478
vt 0.599034 0.917972
vt 0.599650 0.917910
vt 0.597792 0.917999
vt 0.596219 0.917910
vt 0.596636 0.917972
vt 0.593404 0.950452
vt 0.592788 0.950390
s 0
usemtl Material
f 20/1/1 8/2/1 5/3/1 17/4/1
f 24/5/2 14/6/2 6/7/2 18/8/2
f 18/4/3 6/3/3 7/2/3 19/1/3
f 22/9/4 16/10/4 8/11/4 20/12/4
f 19/8/4 7/13/4 15/14/4 21/5/4
f 21/5/4 15/14/4 16/10/4 22/9/4
f 17/12/2 5/15/2 13/16/2 23/9/2
f 47/17/1 46/18/1 63/18/1 62/17/1
f 10/19/2 23/20/2 24/21/2 9/22/2
f 2/23/2 17/12/2 23/9/2 10/24/2
f 12/25/4 21/5/4 22/9/4 11/24/4
f 3/26/4 19/8/4 21/5/4 12/25/4
f 11/24/4 22/9/4 20/12/4 1/23/4
f 4/27/3 18/4/3 19/1/3 3/28/3
f 9/25/2 24/5/2 18/8/2 4/26/2
f 1/28/1 20/1/1 17/4/1 2/27/1
f 13/4/3 16/1/3 22/2/3 23/3/3
f 15/2/1 14/3/1 24/4/1 21/1/1
f 44/29/1 32/30/1 29/31/1 41/32/1
f 48/5/2 38/6/2 30/7/2 42/8/2
f 42/4/3 30/3/3 31/2/3 43/1/3
f 46/9/4 40/10/4 32/11/4 44/12/4
f 43/8/4 31/13/4 39/14/4 45/5/4
f 45/5/4 39/14/4 40/10/4 46/9/4
f 41/12/2 29/15/2 37/16/2 47/9/2
f 34/19/2 47/33/2 48/34/2 33/35/2
f 26/23/2 41/12/2 47/9/2 34/24/2
f 36/25/4 45/5/4 46/9/4 35/24/4
f 27/26/4 43/8/4 45/5/4 36/25/4
f 35/24/4 46/9/4 44/12/4 25/23/4
f 28/27/3 42/4/3 43/1/3 27/28/3
f 33/25/2 48/5/2 42/8/2 28/26/2
f 37/3/3 40/2/3 46/1/3 47/4/3
f 39/2/1 38/3/1 48/4/1 45/1/1
f 60/19/2 55/33/2 29/34/2 41/35/2
f 58/1/1 52/2/1 51/3/1 57/4/1
f 59/36/4 56/37/4 52/38/4 58/39/4
f 44/40/4 32/41/4 56/37/4 59/36/4
f 57/39/2 51/13/2 55/14/2 60/36/2
f 53/19/2 60/33/2 41/34/2 26/35/2
f 50/42/2 57/43/2 60/44/2 53/45/2
f 25/46/4 44/47/4 59/44/4 54/45/4
f 54/45/4 59/44/4 58/43/4 49/42/4
f 49/28/1 58/1/1 57/4/1 50/27/1
f 63/48/5 65/49/5 64/50/5 62/51/5
f 45/52/3 48/53/3 64/53/3 65/52/3
f 48/34/2 47/33/2 62/33/2 64/34/2
f 85/1/3 73/2/3 70/3/3 82/4/3
f 89/5/4 79/6/4 71/7/4 83/8/4
f 83/4/1 71/3/1 72/2/1 84/1/1
f 87/9/2 81/10/2 73/11/2 85/12/2
f 84/8/2 72/13/2 80/14/2 86/5/2
f 86/5/2 80/14/2 81/10/2 87/9/2
f 82/12/4 70/15/4 78/16/4 88/9/4
f 112/17/3 111/18/3 127/18/3 126/17/3
f 75/19/4 88/20/4 89/21/4 74/22/4
f 67/23/4 82/12/4 88/9/4 75/24/4
f 77/25/2 86/5/2 87/9/2 76/24/2
f 68/26/2 84/8/2 86/5/2 77/25/2
f 76/24/2 87/9/2 85/12/2 66/23/2
f 69/27/1 83/4/1 84/1/1 68/28/1
f 74/25/4 89/5/4 83/8/4 69/26/4
f 66/28/3 85/1/3 82/4/3 67/27/3
f 78/4/1 81/1/1 87/2/1 88/3/1
f 80/2/3 79/3/3 89/4/3 86/1/3
f 109/29/3 97/30/3 94/31/3 106/32/3
f 113/5/4 103/6/4 95/7/4 107/8/4
f 107/4/1 95/3/1 96/2/1 108/1/1
f 111/9/2 105/10/2 97/11/2 109/12/2
f 108/8/2 96/13/2 104/14/2 110/5/2
f 110/5/2 104/14/2 105/10/2 111/9/2
f 106/12/4 94/15/4 102/16/4 112/9/4
f 86/52/1 89/53/1 124/53/1 125/52/1
f 99/19/4 112/33/4 113/34/4 98/35/4
f 91/23/4 106/12/4 112/9/4 99/24/4
f 101/25/2 110/5/2 111/9/2 100/24/2
f 92/26/2 108/8/2 110/5/2 101/25/2
f 100/24/2 111/9/2 109/12/2 90/23/2
f 93/27/1 107/4/1 108/1/1 92/28/1
f 98/25/4 113/5/4 107/8/4 93/26/4
f 102/3/1 105/2/1 111/1/1 112/4/1
f 104/2/3 103/3/3 113/4/3 110/1/3
f 121/19/4 118/33/4 94/34/4 106/35/4
f 144/1/3 115/2/3 114/3/3 143/4/3
f 120/36/2 119/37/2 115/38/2 144/39/2
f 109/40/2 97/41/2 119/37/2 120/36/2
f 143/39/4 114/13/4 118/14/4 121/36/4
f 116/19/4 121/33/4 106/34/4 91/35/4
f 142/42/4 143/43/4 121/44/4 116/45/4
f 90/46/2 109/47/2 120/44/2 117/45/2
f 117/45/2 120/44/2 144/43/2 135/42/2
f 146/54/5 147/55/5 156/56/5 155/57/5
f 123/48/5 125/49/5 124/50/5 122/51/5
f 127/48/5 129/49/5 128/50/5 126/51/5
f 89/21/4 88/20/4 122/20/4 124/21/4
f 110/52/1 113/53/1 128/53/1 129/52/1
f 88/17/3 87/18/3 123/18/3 122/17/3
f 113/34/4 112/33/4 126/33/4 128/34/4
f 131/58/2 130/59/2 133/60/2 132/61/2
f 132/62/5 133/63/5 136/64/5 134/65/5
f 135/66/4 134/67/4 136/68/4 137/69/4
f 131/62/3 132/63/3 134/64/3 135/65/3
f 138/58/4 137/59/4 136/60/4 139/61/4
f 139/62/5 136/63/5 133/64/5 140/65/5
f 141/66/2 140/67/2 133/68/2 130/69/2
f 138/62/1 139/63/1 140/64/1 141/65/1
f 145/28/3 144/1/3 143/4/3 142/27/3
f 151/70/2 147/71/2 149/72/2 152/73/2
f 152/74/3 149/75/3 148/76/3 153/77/3
f 149/78/5 147/55/5 146/54/5 148/79/5
f 153/73/4 148/72/4 146/71/4 155/80/4 154/81/4 150/70/4
f 153/82/6 150/83/6 151/84/6 152/85/6
f 154/81/4 155/80/4 160/86/4 161/87/4
f 147/71/2 151/70/2 157/81/2 156/80/2
f 151/84/6 150/83/6 154/88/6 157/89/6
f 155/57/5 156/56/5 159/90/5 160/91/5
f 157/89/6 154/88/6 161/92/6 158/93/6
f 162/54/5 163/55/5 172/56/5 171/57/5
f 167/70/4 163/71/4 165/72/4 168/73/4
f 168/74/1 165/75/1 164/76/1 169/77/1
f 165/78/5 163/55/5 162/54/5 164/79/5
f 169/73/2 164/72/2 162/71/2 171/80/2 170/81/2 166/70/2
f 169/82/6 166/83/6 167/84/6 168/85/6
f 170/81/2 171/80/2 176/86/2 177/87/2
f 163/71/4 167/70/4 173/81/4 172/80/4
f 167/84/6 166/83/6 170/88/6 173/89/6
f 171/57/5 172/56/5 175/90/5 176/91/5
f 173/89/6 170/88/6 177/92/6 174/93/6
f 158/94/1 161/95/1 160/96/1 159/97/1
f 174/98/3 177/99/3 176/100/3 175/101/3
f 23/19/2 13/33/2 14/34/2 24/35/2
f 181/102/6 178/102/6 180/102/6 179/102/6
f 184/103/7 188/104/7 189/105/7 185/106/7
f 181/107/8 185/108/8 182/109/8 178/110/8
f 180/102/9 183/102/9 184/102/9 179/102/9
f 179/111/7 184/103/7 185/106/7 181/112/7
f 178/112/10 182/106/10 183/103/10 180/111/10
f 186/105/10 190/113/10 191/114/10 187/104/10
f 182/106/10 186/105/10 187/104/10 183/103/10
f 185/108/8 189/115/8 186/116/8 182/109/8
f 183/117/11 187/118/11 188/119/11 184/120/11
f 193/121/5 192/122/5 191/123/5 190/124/5
f 189/115/8 193/125/8 190/126/8 186/116/8
f 187/118/12 191/123/12 192/122/12 188/119/12
f 188/104/7 192/114/7 193/113/7 189/105/7
f 197/127/6 194/128/6 195/129/6 196/130/6
f 201/131/5 200/132/5 199/133/5 198/134/5
f 196/130/7 200/130/7 201/127/7 197/127/7
f 194/128/10 198/128/10 199/129/10 195/129/10
f 197/135/8 201/136/8 198/137/8 194/138/8
f 195/129/9 199/129/9 200/130/9 196/130/9
f 202/139/13 206/140/13 207/141/13 203/142/13
f 205/131/14 207/132/14 206/133/14 204/134/14
f 198/128/15 204/143/15 206/140/15 202/139/15
f 201/135/16 205/136/16 204/137/16 198/138/16
f 203/142/7 207/141/7 205/144/7 201/127/7
f 198/128/17 202/139/17 203/142/17 201/127/17
f 213/145/13 212/146/13 209/134/13 208/131/13
f 211/147/18 210/148/18 208/149/18 209/150/18
f 204/151/19 205/152/19 210/136/19 211/137/19
f 212/153/10 204/143/10 211/147/10 209/150/10
f 205/144/7 213/154/7 208/149/7 210/148/7
f 214/155/20 216/156/20 217/157/20 215/158/20
f 218/159/21 220/160/21 221/161/21 219/162/21
f 222/163/22 224/164/22 225/165/22 223/166/22
s 1
f 246/167/23 248/168/24 241/169/25 239/170/26
s 0
f 228/171/27 226/172/27 235/173/27 236/174/27
s 1
f 227/175/28 226/172/29 255/176/30 251/177/31
f 259/178/32 250/179/33 242/180/34 247/181/35
f 240/182/36 243/183/37 252/184/38 254/185/39
f 257/186/40 260/184/41 249/187/42 245/182/43
f 229/188/44 227/175/28 251/177/31 261/189/45
f 228/171/46 229/188/44 261/189/45 256/190/47
f 226/172/29 228/171/46 256/190/47 255/176/30
f 231/191/48 230/192/49 233/193/50 232/194/51
s 0
f 227/175/52 229/188/52 237/195/52 234/196/52
f 226/172/53 227/175/53 234/196/53 235/173/53
f 229/188/54 228/171/54 236/174/54 237/195/54
s 1
f 230/192/49 231/191/48 235/197/55 234/198/56
f 231/191/48 232/194/51 236/199/57 235/197/55
f 233/193/50 230/192/49 234/198/56 237/200/58
f 232/194/51 233/193/50 237/200/58 236/199/57
f 238/201/59 239/202/26 240/203/36
f 241/169/25 242/204/34 243/205/37
f 244/206/60 245/207/43 246/208/23
f 247/209/35 248/210/24 249/187/42
f 250/211/33 251/177/31 252/212/38
f 253/213/61 254/214/39 255/176/30
f 256/190/47 257/215/40 258/216/62
f 259/217/32 260/218/41 261/189/45
f 253/219/61 238/201/59 240/203/36 254/220/39
f 239/170/26 241/169/25 243/205/37 240/221/36
f 242/180/34 250/179/33 252/222/38 243/223/37
f 251/177/31 255/176/30 254/214/39 252/212/38
f 258/216/62 253/213/61 255/176/30 256/190/47
f 250/211/33 259/217/32 261/189/45 251/177/31
f 260/218/41 257/215/40 256/190/47 261/189/45
f 244/206/60 258/224/62 257/225/40 245/207/43
f 259/226/32 247/227/35 249/187/42 260/184/41
f 248/210/24 246/228/23 245/182/43 249/187/42
f 238/201/59 244/206/60 246/208/23 239/202/26
f 247/229/35 242/230/34 241/169/25 248/168/24
f 253/219/61 258/224/62 244/206/60 238/201/59
f 263/231/63 264/232/63 265/233/63 262/234/63
f 266/235/64 268/236/65 269/237/66 267/238/67
s 0
f 270/239/68 271/240/68 273/241/68 272/242/68
s 1
f 267/243/67 269/244/66 273/245/69 271/246/70
f 266/247/64 267/243/67 271/248/70 270/249/71
f 268/250/65 266/251/64 270/252/71 272/253/72
f 269/254/66 268/255/65 272/249/72 273/248/69
f 276/256/73 283/257/74 293/258/75 275/259/76
f 299/260/77 295/261/78 282/262/79 277/263/80
f 278/264/81 289/265/82 287/266/83 281/267/84
f 294/268/85 296/269/86 292/270/87 284/271/88
f 299/272/77 277/273/80 276/274/73 275/275/76 274/276/89 298/277/90
f 282/262/79 284/271/88 283/278/74
f 285/279/91 287/280/83 286/281/92
f 288/282/93 290/283/94 289/284/82
f 291/285/95 293/286/75 292/270/87
f 300/287/96 304/288/97 285/279/91 286/281/92
f 296/269/86 297/289/98 291/285/95 292/270/87
f 283/257/74 284/271/88 292/270/87 293/258/75
f 286/281/92 287/280/83 289/284/82 290/283/94
f 274/263/89 275/290/76 293/278/75 291/262/95
f 282/262/79 283/278/74 276/290/73 277/263/80
f 287/291/83 285/292/91 280/293/99 281/294/84
f 288/295/93 289/296/82 278/297/81 279/298/100
f 302/299/90 301/300/101 288/295/93 279/298/100
f 274/263/89 291/262/95 297/301/98 298/302/90
f 305/303/102 301/304/101 297/289/98 296/269/86
f 284/271/88 282/262/79 295/305/78 294/268/85
f 303/306/77 299/272/77 298/277/90 302/307/90
f 300/287/96 305/303/102 296/269/86 294/268/85
f 303/308/77 304/309/97 295/261/78 299/260/77
f 280/293/99 285/310/91 304/309/97 303/308/77
f 286/281/92 290/283/94 305/303/102 300/287/96
f 280/311/99 303/306/77 302/307/90 279/312/100 278/313/81 281/314/84
f 290/283/94 288/282/93 301/304/101 305/303/102
f 298/302/90 297/301/98 301/300/101 302/299/90
f 294/268/85 295/305/78 304/288/97 300/287/96
f 307/315/103 315/316/104 318/317/105 310/318/106
f 312/319/107 320/320/108 315/316/104 307/315/103
f 310/318/106 318/317/105 316/321/109 308/322/110
f 309/323/111 317/324/112 319/325/113 311/326/114
f 308/322/110 316/321/109 321/327/115 313/328/116
f 313/328/116 321/327/115 317/324/112 309/323/111
f 311/326/114 319/325/113 314/329/117 306/330/118
f 306/330/118 314/329/117 320/320/108 312/319/107
f 330/331/119 326/332/120 324/333/121 331/334/122
f 332/335/123 325/336/124 327/337/125 333/338/126
f 331/334/122 324/333/121 329/339/127 334/340/128
f 334/341/128 329/342/127 325/336/124 332/335/123
f 333/338/126 327/337/125 322/343/129 335/344/130
f 335/344/130 322/343/129 328/345/131 336/346/132
f 337/347/133 323/348/134 326/332/120 330/331/119
f 336/349/132 328/350/131 323/348/134 337/347/133
f 345/351/135 336/349/132 337/347/133 340/352/136
f 340/352/136 337/347/133 330/331/119 338/353/137
f 344/354/138 335/344/130 336/346/132 345/355/135
f 342/356/139 333/338/126 335/344/130 344/354/138
f 343/357/140 334/341/128 332/335/123 339/358/141
f 341/359/142 331/334/122 334/340/128 343/360/140
f 339/358/141 332/335/123 333/338/126 342/356/139
f 338/353/137 330/331/119 331/334/122 341/359/142
f 318/361/105 338/353/137 341/359/142 316/362/109
f 317/363/112 339/358/141 342/356/139 319/364/113
f 316/362/109 341/359/142 343/360/140 321/365/115
f 321/366/115 343/357/140 339/358/141 317/363/112
f 319/364/113 342/356/139 344/354/138 314/367/117
f 314/367/117 344/354/138 345/355/135 320/368/108
f 315/369/104 340/352/136 338/353/137 318/361/105
f 320/370/108 345/351/135 340/352/136 315/369/104
f 347/315/143 355/316/144 358/317/145 350/318/146
f 352/319/147 360/320/148 355/316/144 347/315/143
f 350/318/146 358/317/145 356/321/149 348/322/150
f 349/323/151 357/324/152 359/325/153 351/326/154
f 348/322/150 356/321/149 361/327/155 353/328/156
f 353/328/156 361/327/155 357/324/152 349/323/151
f 351/326/154 359/325/153 354/329/157 346/330/158
f 346/330/158 354/329/157 360/320/148 352/319/147
f 370/331/159 366/332/160 364/333/161 371/334/162
f 372/335/163 365/336/164 367/337/165 373/338/166
f 371/334/162 364/333/161 369/339/167 374/340/168
f 374/341/168 369/342/167 365/336/164 372/335/163
f 373/338/166 367/337/165 362/343/169 375/344/170
f 375/344/170 362/343/169 368/345/171 376/346/172
f 377/347/173 363/348/174 366/332/160 370/331/159
f 376/349/172 368/350/171 363/348/174 377/347/173
f 387/371/175 376/349/172 377/347/173 390/372/176
f 390/372/176 377/347/173 370/331/159 388/373/177
f 386/374/178 375/344/170 376/346/172 387/375/175
f 384/376/179 373/338/166 375/344/170 386/374/178
f 385/377/180 374/341/168 372/335/163 389/378/181
f 383/379/182 371/334/162 374/340/168 385/380/180
f 389/378/181 372/335/163 373/338/166 384/376/179
f 388/373/177 370/331/159 371/334/162 383/379/182
f 358/361/145 378/353/183 380/359/184 356/362/149
f 357/363/152 401/358/185 403/356/186 359/364/153
f 356/362/149 380/359/184 381/360/187 361/365/155
f 361/366/155 381/357/187 401/358/185 357/363/152
f 359/364/153 403/356/186 399/354/188 354/367/157
f 354/367/157 399/354/188 382/355/189 360/368/148
f 355/369/144 379/352/190 378/353/183 358/361/145
f 360/370/148 382/351/189 379/352/190 355/369/144
f 378/353/183 388/373/177 383/379/182 380/359/184
f 401/358/191 389/378/181 384/376/179 403/356/192
f 380/359/184 383/379/182 385/380/180 381/360/193
f 381/357/193 385/377/180 389/378/181 401/358/191
f 403/356/192 384/376/179 386/374/178 399/354/194
f 399/354/194 386/374/178 387/375/175 382/355/189
f 379/352/190 390/372/176 388/373/177 378/353/183
f 382/351/189 387/371/175 390/372/176 379/352/190
f 329/342/127 398/342/195 394/336/196 325/336/124
f 327/337/125 396/337/197 391/343/198 322/343/129
f 322/343/129 391/343/198 397/345/199 328/345/131
f 323/348/134 392/348/200 395/332/201 326/332/120
f 328/350/131 397/350/199 392/348/200 323/348/134
f 326/332/120 395/332/201 393/333/202 324/333/121
f 325/336/124 394/336/196 396/337/197 327/337/125
f 324/333/121 393/333/202 398/339/195 329/339/127
f 396/337/197 403/337/203 399/343/204 391/343/198
f 391/343/198 399/343/204 382/345/205 397/345/199
f 392/348/200 400/348/206 402/332/207 395/332/201
f 397/350/199 382/350/205 400/348/206 392/348/200
f 395/332/201 402/332/207 380/333/208 393/333/202
f 394/336/196 401/336/209 403/337/203 396/337/197
f 393/333/202 380/333/208 381/339/210 398/339/195
f 398/342/195 381/342/210 401/336/209 394/336/196
f 424/167/211 426/168/212 419/169/213 417/170/214
s 0
f 406/171/215 404/172/215 413/173/215 414/174/215
s 1
f 405/175/216 404/172/217 433/176/218 429/177/219
f 437/178/220 428/179/221 420/180/222 425/181/223
f 418/182/224 421/183/225 430/184/226 432/185/227
f 435/186/228 438/184/229 427/187/230 423/182/231
f 407/188/232 405/175/216 429/177/219 439/189/233
f 406/171/234 407/188/232 439/189/233 434/190/235
f 404/172/217 406/171/234 434/190/235 433/176/218
f 409/191/236 408/192/237 411/193/238 410/194/239
s 0
f 405/175/240 407/188/240 415/195/240 412/196/240
f 404/172/241 405/175/241 412/196/241 413/173/241
f 407/188/242 406/171/242 414/174/242 415/195/242
s 1
f 408/192/237 409/191/236 413/197/243 412/198/244
f 409/191/236 410/194/239 414/199/245 413/197/243
f 411/193/238 408/192/237 412/198/244 415/200/246
f 410/194/239 411/193/238 415/200/246 414/199/245
f 416/201/247 417/202/214 418/203/224
f 419/169/213 420/204/222 421/205/225
f 422/206/248 423/207/231 424/208/211
f 425/209/223 426/210/212 427/187/230
f 428/211/221 429/177/219 430/212/226
f 431/213/249 432/214/227 433/176/218
f 434/190/235 435/215/228 436/216/250
f 437/217/220 438/218/229 439/189/233
f 431/219/249 416/201/247 418/203/224 432/220/227
f 417/170/214 419/169/213 421/205/225 418/221/224
f 420/180/222 428/179/221 430/222/226 421/223/225
f 429/177/219 433/176/218 432/214/227 430/212/226
f 436/216/250 431/213/249 433/176/218 434/190/235
f 428/211/221 437/217/220 439/189/233 429/177/219
f 438/218/229 435/215/228 434/190/235 439/189/233
f 422/206/248 436/224/250 435/225/228 423/207/231
f 437/226/220 425/227/223 427/187/230 438/184/229
f 426/210/212 424/228/211 423/182/231 427/187/230
f 416/201/247 422/206/248 424/208/211 417/202/214
f 425/229/223 420/230/222 419/169/213 426/168/212
f 431/219/249 436/224/250 422/206/248 416/201/247
f 441/231/251 442/232/251 443/233/251 440/234/251
f 444/235/252 446/236/253 447/237/254 445/238/255
s 0
f 448/239/256 449/240/256 451/241/256 450/242/256
s 1
f 445/243/255 447/244/254 451/245/257 449/246/258
f 444/247/252 445/243/255 449/248/258 448/249/259
f 446/250/253 444/251/252 448/252/259 450/253/260
f 447/254/254 446/255/253 450/249/260 451/248/257
f 454/256/261 461/257/262 471/258/263 453/259/264
f 477/260/265 473/261/266 460/262/267 455/263/268
f 456/264/269 467/265/270 465/266/271 459/267/272
f 472/268/273 474/269/274 470/270/275 462/271/276
f 477/272/265 455/273/268 454/274/261 453/275/264 452/276/277 476/277/278
f 460/262/267 462/271/276 461/278/262
f 463/279/279 465/280/271 464/281/280
f 466/282/281 468/283/282 467/284/270
f 469/285/283 471/286/263 470/270/275
f 478/287/284 482/288/285 463/279/279 464/281/280
f 474/269/274 475/289/286 469/285/283 470/270/275
f 461/257/262 462/271/276 470/270/275 471/258/263
f 464/281/280 465/280/271 467/284/270 468/283/282
f 452/263/277 453/290/264 471/278/263 469/262/283
f 460/262/267 461/278/262 454/290/261 455/263/268
f 465/291/271 463/292/279 458/293/287 459/294/272
f 466/295/281 467/296/270 456/297/269 457/298/288
f 480/299/278 479/300/289 466/295/281 457/298/288
f 452/263/277 469/262/283 475/301/286 476/302/278
f 483/303/290 479/304/289 475/289/286 474/269/274
f 462/271/276 460/262/267 473/305/266 472/268/273
f 481/306/265 477/272/265 476/277/278 480/307/278
f 478/287/284 483/303/290 474/269/274 472/268/273
f 481/308/265 482/309/285 473/261/266 477/260/265
f 458/293/287 463/310/279 482/309/285 481/308/265
f 464/281/280 468/283/282 483/303/290 478/287/284
f 458/311/287 481/306/265 480/307/278 457/312/288 456/313/269 459/314/272
f 468/283/282 466/282/281 479/304/289 483/303/290
f 476/302/278 475/301/286 479/300/289 480/299/278
f 472/268/273 473/305/266 482/288/285 478/287/284
f 485/315/291 493/316/292 496/317/293 488/318/294
f 490/319/295 498/320/296 493/316/292 485/315/291
f 488/318/294 496/317/293 494/321/297 486/322/298
f 487/323/299 495/324/300 497/325/301 489/326/302
f 486/322/298 494/321/297 499/327/303 491/328/304
f 491/328/304 499/327/303 495/324/300 487/323/299
f 489/326/302 497/325/301 492/329/305 484/330/306
f 484/330/306 492/329/305 498/320/296 490/319/295
f 508/331/307 504/332/308 502/333/309 509/334/310
f 510/335/311 503/336/312 505/337/313 511/338/314
f 509/334/310 502/333/309 507/339/315 512/340/316
f 512/341/316 507/342/315 503/336/312 510/335/311
f 511/338/314 505/337/313 500/343/317 513/344/318
f 513/344/318 500/343/317 506/345/319 514/346/320
f 515/347/321 501/348/322 504/332/308 508/331/307
f 514/349/320 506/350/319 501/348/322 515/347/321
f 523/351/323 514/349/320 515/347/321 518/352/324
f 518/352/324 515/347/321 508/331/307 516/353/325
f 522/354/326 513/344/318 514/346/320 523/355/323
f 520/356/327 511/338/314 513/344/318 522/354/326
f 521/357/328 512/341/316 510/335/311 517/358/329
f 519/359/330 509/334/310 512/340/316 521/360/328
f 517/358/329 510/335/311 511/338/314 520/356/327
f 516/353/325 508/331/307 509/334/310 519/359/330
f 496/361/293 516/353/325 519/359/330 494/362/297
f 495/363/300 517/358/329 520/356/327 497/364/301
f 494/362/297 519/359/330 521/360/328 499/365/303
f 499/366/303 521/357/328 517/358/329 495/363/300
f 497/364/301 520/356/327 522/354/326 492/367/305
f 492/367/305 522/354/326 523/355/323 498/368/296
f 493/369/292 518/352/324 516/353/325 496/361/293
f 498/370/296 523/351/323 518/352/324 493/369/292
f 525/315/331 533/316/332 536/317/333 528/318/334
f 530/319/335 538/320/336 533/316/332 525/315/331
f 528/318/334 536/317/333 534/321/337 526/322/338
f 527/323/339 535/324/340 537/325/341 529/326/342
f 526/322/338 534/321/337 539/327/343 531/328/344
f 531/328/344 539/327/343 535/324/340 527/323/339
f 529/326/342 537/325/341 532/329/345 524/330/346
f 524/330/346 532/329/345 538/320/336 530/319/335
f 548/331/347 544/332/348 542/333/349 549/334/350
f 550/335/351 543/336/352 545/337/353 551/338/354
f 549/334/350 542/333/349 547/339/355 552/340/356
f 552/341/356 547/342/355 543/336/352 550/335/351
f 551/338/354 545/337/353 540/343/357 553/344/358
f 553/344/358 540/343/357 546/345/359 554/346/360
f 555/347/361 541/348/362 544/332/348 548/331/347
f 554/349/360 546/350/359 541/348/362 555/347/361
f 565/371/363 554/349/360 555/347/361 568/372/364
f 568/372/364 555/347/361 548/331/347 566/373/365
f 564/374/366 553/344/358 554/346/360 565/375/363
f 562/376/367 551/338/354 553/344/358 564/374/366
f 563/377/368 552/341/356 550/335/351 567/378/369
f 561/379/370 549/334/350 552/340/356 563/380/368
f 567/378/369 550/335/351 551/338/354 562/376/367
f 566/373/365 548/331/347 549/334/350 561/379/370
f 536/361/333 556/353/371 558/359/372 534/362/337
f 535/363/340 579/358/373 581/356/374 537/364/341
f 534/362/337 558/359/372 559/360/375 539/365/343
f 539/366/343 559/357/375 579/358/373 535/363/340
f 537/364/341 581/356/374 577/354/376 532/367/345
f 532/367/345 577/354/376 560/355/377 538/368/336
f 533/369/332 557/352/378 556/353/371 536/361/333
f 538/370/336 560/351/377 557/352/378 533/369/332
f 556/353/371 566/373/365 561/379/370 558/359/372
f 579/358/379 567/378/369 562/376/367 581/356/380
f 558/359/372 561/379/370 563/380/368 559/360/381
f 559/357/381 563/377/368 567/378/369 579/358/379
f 581/356/380 562/376/367 564/374/366 577/354/382
f 577/354/382 564/374/366 565/375/363 560/355/377
f 557/352/378 568/372/364 566/373/365 556/353/371
f 560/351/377 565/371/363 568/372/364 557/352/378
f 507/342/315 576/342/383 572/336/384 503/336/312
f 505/337/313 574/337/385 569/343/386 500/343/317
f 500/343/317 569/343/386 575/345/387 506/345/319
f 501/348/322 570/348/388 573/332/389 504/332/308
f 506/350/319 575/350/387 570/348/388 501/348/322
f 504/332/308 573/332/389 571/333/390 502/333/309
f 503/336/312 572/336/384 574/337/385 505/337/313
f 502/333/309 571/333/390 576/339/383 507/339/315
f 574/337/385 581/337/391 577/343/392 569/343/386
f 569/343/386 577/343/392 560/345/393 575/345/387
f 570/348/388 578/348/394 580/332/395 573/332/389
f 575/350/387 560/350/393 578/348/394 570/348/388
f 573/332/389 580/332/395 558/333/396 571/333/390
f 572/336/384 579/336/397 581/337/391 574/337/385
f 571/333/390 558/333/396 559/339/398 576/339/383
f 576/342/383 559/342/398 579/336/397 572/336/384
f 602/167/399 604/168/400 597/169/401 595/170/402
s 0
f 584/171/403 582/172/403 591/173/403 592/174/403
s 1
f 583/175/404 582/172/404 611/176/405 607/177/406
f 615/178/407 606/179/408 598/180/409 603/181/410
f 596/182/411 599/183/412 608/184/413 610/185/414
f 613/186/415 616/184/416 605/187/417 601/182/418
f 585/188/404 583/175/404 607/177/406 617/189/419
f 584/171/404 585/188/404 617/189/419 612/190/420
f 582/172/404 584/171/404 612/190/420 611/176/405
f 587/191/421 586/192/422 589/193/423 588/194/424
s 0
f 583/175/425 585/188/425 593/195/425 590/196/425
f 582/172/426 583/175/426 590/196/426 591/173/426
f 585/188/427 584/171/427 592/174/427 593/195/427
s 1
f 586/192/422 587/191/421 591/197/428 590/198/429
f 587/191/421 588/194/424 592/199/430 591/197/428
f 589/193/423 586/192/422 590/198/429 593/200/431
f 588/194/424 589/193/423 593/200/431 592/199/430
f 594/201/432 595/202/402 596/203/411
f 597/169/401 598/204/409 599/205/412
f 600/206/433 601/207/418 602/208/399
f 603/209/410 604/210/400 605/187/417
f 606/211/408 607/177/406 608/212/413
f 609/213/434 610/214/414 611/176/405
f 612/190/420 613/215/415 614/216/435
f 615/217/407 616/218/416 617/189/419
f 609/219/434 594/201/432 596/203/411 610/220/414
f 595/170/402 597/169/401 599/205/412 596/221/411
f 598/180/409 606/179/408 608/222/413 599/223/412
f 607/177/406 611/176/405 610/214/414 608/212/413
f 614/216/435 609/213/434 611/176/405 612/190/420
f 606/211/408 615/217/407 617/189/419 607/177/406
f 616/218/416 613/215/415 612/190/420 617/189/419
f 600/206/433 614/224/435 613/225/415 601/207/418
f 615/226/407 603/227/410 605/187/417 616/184/416
f 604/210/400 602/228/399 601/182/418 605/187/417
f 594/201/432 600/206/433 602/208/399 595/202/402
f 603/229/410 598/230/409 597/169/401 604/168/400
f 609/219/434 614/224/435 600/206/433 594/201/432
s 0
f 637/1/1 625/2/1 622/3/1 634/4/1
f 641/5/2 631/6/2 623/7/2 635/8/2
f 635/4/3 623/3/3 624/2/3 636/1/3
f 639/9/4 633/10/4 625/11/4 637/12/4
f 636/8/4 624/13/4 632/14/4 638/5/4
f 638/5/4 632/14/4 633/10/4 639/9/4
f 634/12/2 622/15/2 630/16/2 640/9/2
f 664/17/1 663/18/1 683/18/1 682/17/1
f 627/19/2 640/20/2 641/21/2 626/22/2
f 619/23/2 634/12/2 640/9/2 627/24/2
f 629/25/4 638/5/4 639/9/4 628/24/4
f 620/26/4 636/8/4 638/5/4 629/25/4
f 628/24/4 639/9/4 637/12/4 618/23/4
f 621/27/3 635/4/3 636/1/3 620/28/3
f 626/25/2 641/5/2 635/8/2 621/26/2
f 618/28/1 637/1/1 634/4/1 619/27/1
f 630/4/3 633/1/3 639/2/3 640/3/3
f 632/2/1 631/3/1 641/4/1 638/1/1
f 661/29/1 649/30/1 646/31/1 658/32/1
f 665/5/2 655/6/2 647/7/2 659/8/2
f 659/4/3 647/3/3 648/2/3 660/1/3
f 663/9/4 657/10/4 649/11/4 661/12/4
f 660/8/4 648/13/4 656/14/4 662/5/4
f 662/5/4 656/14/4 657/10/4 663/9/4
f 658/12/2 646/15/2 654/16/2 664/9/2
f 638/52/3 641/53/3 680/53/3 681/52/3
f 651/19/2 664/33/2 665/34/2 650/35/2
f 643/23/2 658/12/2 664/9/2 651/24/2
f 653/25/4 662/5/4 663/9/4 652/24/4
f 644/26/4 660/8/4 662/5/4 653/25/4
f 652/24/4 663/9/4 661/12/4 642/23/4
f 645/27/3 659/4/3 660/1/3 644/28/3
f 650/25/2 665/5/2 659/8/2 645/26/2
f 654/3/3 657/2/3 663/1/3 664/4/3
f 656/2/1 655/3/1 665/4/1 662/1/1
f 677/19/2 672/33/2 646/34/2 658/35/2
f 675/1/1 669/2/1 668/3/1 674/4/1
f 676/36/4 673/37/4 669/38/4 675/39/4
f 661/40/4 649/41/4 673/37/4 676/36/4
f 674/39/2 668/13/2 672/14/2 677/36/2
f 670/19/2 677/33/2 658/34/2 643/35/2
f 667/42/2 674/43/2 677/44/2 670/45/2
f 642/46/4 661/47/4 676/44/4 671/45/4
f 671/45/4 676/44/4 675/43/4 666/42/4
f 666/28/1 675/1/1 674/4/1 667/27/1
f 679/48/5 681/49/5 680/50/5 678/51/5
f 683/48/5 685/49/5 684/50/5 682/51/5
f 641/21/2 640/20/2 678/20/2 680/21/2
f 662/52/3 665/53/3 684/53/3 685/52/3
f 640/17/1 639/18/1 679/18/1 678/17/1
f 665/34/2 664/33/2 682/33/2 684/34/2
f 705/1/3 693/2/3 690/3/3 702/4/3
f 709/5/4 699/6/4 691/7/4 703/8/4
f 703/4/1 691/3/1 692/2/1 704/1/1
f 707/9/2 701/10/2 693/11/2 705/12/2
f 704/8/2 692/13/2 700/14/2 706/5/2
f 706/5/2 700/14/2 701/10/2 707/9/2
f 702/12/4 690/15/4 698/16/4 708/9/4
f 732/17/3 731/18/3 745/18/3 744/17/3
f 695/19/4 708/20/4 709/21/4 694/22/4
f 687/23/4 702/12/4 708/9/4 695/24/4
f 697/25/2 706/5/2 707/9/2 696/24/2
f 688/26/2 704/8/2 706/5/2 697/25/2
f 696/24/2 707/9/2 705/12/2 686/23/2
f 689/27/1 703/4/1 704/1/1 688/28/1
f 694/25/4 709/5/4 703/8/4 689/26/4
f 686/28/3 705/1/3 702/4/3 687/27/3
f 698/4/1 701/1/1 707/2/1 708/3/1
f 700/2/3 699/3/3 709/4/3 706/1/3
f 729/29/3 717/30/3 714/31/3 726/32/3
f 733/5/4 723/6/4 715/7/4 727/8/4
f 727/4/1 715/3/1 716/2/1 728/1/1
f 731/9/2 725/10/2 717/11/2 729/12/2
f 728/8/2 716/13/2 724/14/2 730/5/2
f 730/5/2 724/14/2 725/10/2 731/9/2
f 726/12/4 714/15/4 722/16/4 732/9/4
f 708/19/4 698/33/4 699/34/4 709/35/4
f 719/19/4 732/33/4 733/34/4 718/35/4
f 711/23/4 726/12/4 732/9/4 719/24/4
f 721/25/2 730/5/2 731/9/2 720/24/2
f 712/26/2 728/8/2 730/5/2 721/25/2
f 720/24/2 731/9/2 729/12/2 710/23/2
f 713/27/1 727/4/1 728/1/1 712/28/1
f 718/25/4 733/5/4 727/8/4 713/26/4
f 722/3/1 725/2/1 731/1/1 732/4/1
f 724/2/3 723/3/3 733/4/3 730/1/3
f 743/19/4 739/33/4 714/34/4 726/35/4
f 741/1/3 736/2/3 735/3/3 760/4/3
f 742/36/2 740/37/2 736/38/2 741/39/2
f 729/40/2 717/41/2 740/37/2 742/36/2
f 760/39/4 735/13/4 739/14/4 743/36/4
f 737/19/4 743/33/4 726/34/4 711/35/4
f 734/42/4 760/43/4 743/44/4 737/45/4
f 710/46/2 729/47/2 742/44/2 738/45/2
f 738/45/2 742/44/2 741/43/2 753/42/2
f 762/54/5 763/55/5 772/56/5 771/57/5
f 745/48/5 747/49/5 746/50/5 744/51/5
f 730/52/1 733/53/1 746/53/1 747/52/1
f 733/34/4 732/33/4 744/33/4 746/34/4
f 749/58/2 748/59/2 751/60/2 750/61/2
f 750/62/5 751/63/5 754/64/5 752/65/5
f 753/66/4 752/67/4 754/68/4 755/69/4
f 749/62/3 750/63/3 752/64/3 753/65/3
f 756/58/4 755/59/4 754/60/4 757/61/4
f 757/62/5 754/63/5 751/64/5 758/65/5
f 759/66/2 758/67/2 751/68/2 748/69/2
f 756/62/1 757/63/1 758/64/1 759/65/1
f 761/28/3 741/1/3 760/4/3 734/27/3
f 767/70/2 763/71/2 765/72/2 768/73/2
f 768/74/3 765/75/3 764/76/3 769/77/3
f 765/78/5 763/55/5 762/54/5 764/79/5
f 769/73/4 764/72/4 762/71/4 771/80/4 770/81/4 766/70/4
f 769/82/6 766/83/6 767/84/6 768/85/6
f 770/81/4 771/80/4 776/86/4 777/87/4
f 763/71/2 767/70/2 773/81/2 772/80/2
f 767/84/6 766/83/6 770/88/6 773/89/6
f 771/57/5 772/56/5 775/90/5 776/91/5
f 773/89/6 770/88/6 777/92/6 774/93/6
f 778/54/5 779/55/5 788/56/5 787/57/5
f 783/70/4 779/71/4 781/72/4 784/73/4
f 784/74/1 781/75/1 780/76/1 785/77/1
f 781/78/5 779/55/5 778/54/5 780/79/5
f 785/73/2 780/72/2 778/71/2 787/80/2 786/81/2 782/70/2
f 785/82/6 782/83/6 783/84/6 784/85/6
f 786/81/2 787/80/2 792/86/2 793/87/2
f 779/71/4 783/70/4 789/81/4 788/80/4
f 783/84/6 782/83/6 786/88/6 789/89/6
f 787/57/5 788/56/5 791/90/5 792/91/5
f 789/89/6 786/88/6 793/92/6 790/93/6
f 774/94/1 777/95/1 776/96/1 775/97/1
f 790/98/3 793/99/3 792/100/3 791/101/3
f 797/102/6 794/102/6 796/102/6 795/102/6
f 800/103/436 804/104/436 805/105/436 801/106/436
f 797/107/437 801/108/437 798/109/437 794/110/437
f 796/102/438 799/102/438 800/102/438 795/102/438
f 795/111/436 800/103/436 801/106/436 797/112/436
f 794/112/439 798/106/439 799/103/439 796/111/439
f 802/105/439 806/113/439 807/114/439 803/104/439
f 798/106/439 802/105/439 803/104/439 799/103/439
f 801/108/437 805/115/437 802/116/437 798/109/437
f 799/117/440 803/118/440 804/119/440 800/120/440
f 809/121/5 808/122/5 807/123/5 806/124/5
f 805/115/437 809/125/437 806/126/437 802/116/437
f 803/118/441 807/123/441 808/122/441 804/119/441
f 804/104/436 808/114/436 809/113/436 805/105/436
f 813/127/6 810/128/6 811/129/6 812/130/6
f 817/131/5 816/132/5 815/133/5 814/134/5
f 812/130/436 816/130/436 817/127/436 813/127/436
f 810/128/439 814/128/439 815/129/439 811/129/439
f 813/135/437 817/136/437 814/137/437 810/138/437
f 811/129/438 815/129/438 816/130/438 812/130/438
f 818/139/442 822/140/442 823/141/442 819/142/442
f 821/131/443 823/132/443 822/133/443 820/134/443
f 814/128/439 820/143/439 822/140/439 818/139/439
f 817/135/444 821/136/444 820/137/444 814/138/444
f 819/142/436 823/141/436 821/144/436 817/127/436
f 814/128/445 818/139/445 819/142/445 817/127/445
f 829/145/442 828/146/442 825/134/442 824/131/442
f 827/147/443 826/148/443 824/149/443 825/150/443
f 820/151/444 821/152/444 826/136/444 827/137/444
f 828/153/439 820/143/439 827/147/439 825/150/439
f 821/144/436 829/154/436 824/149/436 826/148/436
f 830/155/446 832/156/446 833/157/446 831/158/446
f 834/159/447 836/160/447 837/161/447 835/162/447
f 838/163/448 839/166/448 841/165/448 840/164/448
s 1
f 862/167/23 864/168/24 857/169/25 855/170/449
s 0
f 844/171/27 842/172/27 851/173/27 852/174/27
s 1
f 843/175/450 842/172/29 871/176/451 867/177/452
f 875/178/32 866/179/33 858/180/34 863/181/35
f 856/182/36 859/183/37 868/184/38 870/185/39
f 873/186/40 876/184/41 865/187/42 861/182/43
f 845/188/44 843/175/450 867/177/452 877/189/45
f 844/171/46 845/188/44 877/189/45 872/190/47
f 842/172/29 844/171/46 872/190/47 871/176/451
f 847/191/48 846/192/49 849/193/50 848/194/51
s 0
f 843/175/52 845/188/52 853/195/52 850/196/52
f 842/172/453 843/175/453 850/196/453 851/173/453
f 845/188/454 844/171/454 852/174/454 853/195/454
s 1
f 846/192/49 847/191/48 851/197/55 850/198/56
f 847/191/48 848/194/51 852/199/57 851/197/55
f 849/193/50 846/192/49 850/198/56 853/200/58
f 848/194/51 849/193/50 853/200/58 852/199/57
f 854/201/59 855/202/449 856/203/36
f 857/169/25 858/204/34 859/205/37
f 860/206/60 861/207/43 862/208/23
f 863/209/35 864/210/24 865/187/42
f 866/211/33 867/177/452 868/212/38
f 869/213/61 870/214/39 871/176/451
f 872/190/47 873/215/40 874/216/62
f 875/217/32 876/218/41 877/189/45
f 869/219/61 854/201/59 856/203/36 870/220/39
f 855/170/449 857/169/25 859/205/37 856/221/36
f 858/180/34 866/179/33 868/222/38 859/223/37
f 867/177/452 871/176/451 870/214/39 868/212/38
f 874/216/62 869/213/61 871/176/451 872/190/47
f 866/211/33 875/217/32 877/189/45 867/177/452
f 876/218/41 873/215/40 872/190/47 877/189/45
f 860/206/60 874/224/62 873/225/40 861/207/43
f 875/226/32 863/227/35 865/187/42 876/184/41
f 864/210/24 862/228/23 861/182/43 865/187/42
f 854/201/59 860/206/60 862/208/23 855/202/449
f 863/229/35 858/230/34 857/169/25 864/168/24
f 869/219/61 874/224/62 860/206/60 854/201/59
f 879/231/63 880/232/63 881/233/63 878/234/63
f 882/235/64 884/236/65 885/237/66 883/238/67
s 0
f 886/239/68 887/240/68 889/241/68 888/242/68
s 1
f 883/243/67 885/244/66 889/245/69 887/246/70
f 882/247/64 883/243/67 887/248/70 886/249/71
f 884/250/65 882/251/64 886/252/71 888/253/72
f 885/254/66 884/255/65 888/249/72 889/248/69
f 892/256/455 899/257/74 909/258/75 891/259/76
f 915/260/77 911/261/456 898/262/79 893/263/80
f 894/264/81 905/265/82 903/266/457 897/267/84
f 910/268/85 912/269/86 908/270/87 900/271/88
f 915/272/77 893/273/80 892/274/455 891/275/76 890/276/89 914/277/90
f 898/262/79 900/271/88 899/278/74
f 901/279/458 903/280/457 902/281/92
f 904/282/93 906/283/94 905/284/82
f 907/285/95 909/286/75 908/270/87
f 916/287/459 920/288/97 901/279/458 902/281/92
f 912/269/86 913/289/98 907/285/95 908/270/87
f 899/257/74 900/271/88 908/270/87 909/258/75
f 902/281/92 903/280/457 905/284/82 906/283/94
f 890/263/89 891/290/76 909/278/75 907/262/95
f 898/262/79 899/278/74 892/290/455 893/263/80
f 903/291/457 901/292/458 896/293/99 897/294/84
f 904/295/93 905/296/82 894/297/81 895/298/100
f 918/299/90 917/300/101 904/295/93 895/298/100
f 890/263/89 907/262/95 913/301/98 914/302/90
f 921/303/102 917/304/101 913/289/98 912/269/86
f 900/271/88 898/262/79 911/305/456 910/268/85
f 919/306/77 915/272/77 914/277/90 918/307/90
f 916/287/459 921/303/102 912/269/86 910/268/85
f 919/308/77 920/309/97 911/261/456 915/260/77
f 896/293/99 901/310/458 920/309/97 919/308/77
f 902/281/92 906/283/94 921/303/102 916/287/459
f 896/311/99 919/306/77 918/307/90 895/312/100 894/313/81 897/314/84
f 906/283/94 904/282/93 917/304/101 921/303/102
f 914/302/90 913/301/98 917/300/101 918/299/90
f 910/268/85 911/305/456 920/288/97 916/287/459
f 923/315/103 931/316/104 934/317/105 926/318/106
f 928/319/107 936/320/108 931/316/104 923/315/103
f 926/318/106 934/317/105 932/321/109 924/322/110
f 925/323/111 933/324/112 935/325/113 927/326/114
f 924/322/110 932/321/109 937/327/115 929/328/460
f 929/328/460 937/327/115 933/324/112 925/323/111
f 927/326/114 935/325/113 930/329/117 922/330/118
f 922/330/118 930/329/117 936/320/108 928/319/107
f 946/331/119 942/332/120 940/333/121 947/334/461
f 948/335/123 941/336/124 943/337/125 949/338/126
f 947/334/461 940/333/121 945/339/127 950/340/128
f 950/341/128 945/342/127 941/336/124 948/335/123
f 949/338/126 943/337/125 938/343/129 951/344/130
f 951/344/130 938/343/129 944/345/462 952/346/463
f 953/347/133 939/348/134 942/332/120 946/331/119
f 952/349/463 944/350/462 939/348/134 953/347/133
f 961/351/135 952/349/463 953/347/133 956/352/464
f 956/352/464 953/347/133 946/331/119 954/353/137
f 960/354/138 951/344/130 952/346/463 961/355/135
f 958/356/139 949/338/126 951/344/130 960/354/138
f 959/357/465 950/341/128 948/335/123 955/358/141
f 957/359/142 947/334/461 950/340/128 959/360/465
f 955/358/141 948/335/123 949/338/126 958/356/139
f 954/353/137 946/331/119 947/334/461 957/359/142
f 934/361/105 954/353/137 957/359/142 932/362/109
f 933/363/112 955/358/141 958/356/139 935/364/113
f 932/362/109 957/359/142 959/360/465 937/365/115
f 937/366/115 959/357/465 955/358/141 933/363/112
f 935/364/113 958/356/139 960/354/138 930/367/117
f 930/367/117 960/354/138 961/355/135 936/368/108
f 931/369/104 956/352/464 954/353/137 934/361/105
f 936/370/108 961/351/135 956/352/464 931/369/104
f 963/315/466 971/316/467 974/317/145 966/318/146
f 968/319/147 976/320/148 971/316/467 963/315/466
f 966/318/146 974/317/145 972/321/149 964/322/150
f 965/323/151 973/324/468 975/325/153 967/326/469
f 964/322/150 972/321/149 977/327/155 969/328/156
f 969/328/156 977/327/155 973/324/468 965/323/151
f 967/326/469 975/325/153 970/329/470 962/330/158
f 962/330/158 970/329/470 976/320/148 968/319/147
f 986/331/159 982/332/160 980/333/161 987/334/471
f 988/335/163 981/336/164 983/337/165 989/338/166
f 987/334/471 980/333/161 985/339/472 990/340/473
f 990/341/473 985/342/472 981/336/164 988/335/163
f 989/338/166 983/337/165 978/343/169 991/344/474
f 991/344/474 978/343/169 984/345/475 992/346/476
f 993/347/477 979/348/174 982/332/160 986/331/159
f 992/349/476 984/350/475 979/348/174 993/347/477
f 1003/371/478 992/349/476 993/347/477 1006/372/479
f 1006/372/479 993/347/477 986/331/159 1004/373/480
f 1002/374/481 991/344/474 992/346/476 1003/375/478
f 1000/376/179 989/338/166 991/344/474 1002/374/481
f 1001/377/482 990/341/473 988/335/163 1005/378/181
f 999/379/483 987/334/471 990/340/473 1001/380/482
f 1005/378/181 988/335/163 989/338/166 1000/376/179
f 1004/373/480 986/331/159 987/334/471 999/379/483
f 974/361/145 994/353/484 996/359/184 972/362/149
f 973/363/468 1017/358/485 1019/356/486 975/364/153
f 972/362/149 996/359/184 997/360/187 977/365/155
f 977/366/155 997/357/187 1017/358/485 973/363/468
f 975/364/153 1019/356/486 1015/354/487 970/367/470
f 970/367/470 1015/354/487 998/355/189 976/368/148
f 971/369/467 995/352/190 994/353/484 974/361/145
f 976/370/148 998/351/189 995/352/190 971/369/467
f 994/353/484 1004/373/480 999/379/483 996/359/184
f 1017/358/191 1005/378/181 1000/376/179 1019/356/488
f 996/359/184 999/379/483 1001/380/482 997/360/489
f 997/357/489 1001/377/482 1005/378/181 1017/358/191
f 1019/356/488 1000/376/179 1002/374/481 1015/354/490
f 1015/354/490 1002/374/481 1003/375/478 998/355/189
f 995/352/190 1006/372/479 1004/373/480 994/353/484
f 998/351/189 1003/371/478 1006/372/479 995/352/190
f 945/342/127 1014/342/195 1010/336/491 941/336/124
f 943/337/125 1012/337/197 1007/343/492 938/343/129
f 938/343/129 1007/343/492 1013/345/199 944/345/462
f 939/348/134 1008/348/200 1011/332/201 942/332/120
f 944/350/462 1013/350/199 1008/348/200 939/348/134
f 942/332/120 1011/332/201 1009/333/493 940/333/121
f 941/336/124 1010/336/491 1012/337/197 943/337/125
f 940/333/121 1009/333/493 1014/339/195 945/339/127
f 1012/337/197 1019/337/203 1015/343/494 1007/343/492
f 1007/343/492 1015/343/494 998/345/495 1013/345/199
f 1008/348/200 1016/348/496 1018/332/207 1011/332/201
f 1013/350/199 998/350/495 1016/348/496 1008/348/200
f 1011/332/201 1018/332/207 996/333/208 1009/333/493
f 1010/336/491 1017/336/209 1019/337/203 1012/337/197
f 1009/333/493 996/333/208 997/339/497 1014/339/195
f 1014/342/195 997/342/497 1017/336/209 1010/336/491
f 1040/167/498 1042/168/499 1035/169/500 1033/170/501
s 0
f 1022/171/502 1020/172/502 1029/173/502 1030/174/502
s 1
f 1021/175/503 1020/172/504 1049/176/505 1045/177/506
f 1053/178/507 1044/179/508 1036/180/509 1041/181/510
f 1034/182/511 1037/183/512 1046/184/513 1048/185/514
f 1051/186/515 1054/184/516 1043/187/517 1039/182/518
f 1023/188/519 1021/175/503 1045/177/506 1055/189/520
f 1022/171/521 1023/188/519 1055/189/520 1050/190/522
f 1020/172/504 1022/171/521 1050/190/522 1049/176/505
f 1025/191/523 1024/192/524 1027/193/525 1026/194/526
s 0
f 1021/175/527 1023/188/527 1031/195/527 1028/196/527
f 1020/172/528 1021/175/528 1028/196/528 1029/173/528
f 1023/188/529 1022/171/529 1030/174/529 1031/195/529
s 1
f 1024/192/524 1025/191/523 1029/197/530 1028/198/531
f 1025/191/523 1026/194/526 1030/199/532 1029/197/530
f 1027/193/525 1024/192/524 1028/198/531 1031/200/533
f 1026/194/526 1027/193/525 1031/200/533 1030/199/532
f 1032/201/534 1033/202/501 1034/203/511
f 1035/169/500 1036/204/509 1037/205/512
f 1038/206/535 1039/207/518 1040/208/498
f 1041/209/510 1042/210/499 1043/187/517
f 1044/211/508 1045/177/506 1046/212/513
f 1047/213/536 1048/214/514 1049/176/505
f 1050/190/522 1051/215/515 1052/216/537
f 1053/217/507 1054/218/516 1055/189/520
f 1047/219/536 1032/201/534 1034/203/511 1048/220/514
f 1033/170/501 1035/169/500 1037/205/512 1034/221/511
f 1036/180/509 1044/179/508 1046/222/513 1037/223/512
f 1045/177/506 1049/176/505 1048/214/514 1046/212/513
f 1052/216/537 1047/213/536 1049/176/505 1050/190/522
f 1044/211/508 1053/217/507 1055/189/520 1045/177/506
f 1054/218/516 1051/215/515 1050/190/522 1055/189/520
f 1038/206/535 1052/224/537 1051/225/515 1039/207/518
f 1053/226/507 1041/227/510 1043/187/517 1054/184/516
f 1042/210/499 1040/228/498 1039/182/518 1043/187/517
f 1032/201/534 1038/206/535 1040/208/498 1033/202/501
f 1041/229/510 1036/230/509 1035/169/500 1042/168/499
f 1047/219/536 1052/224/537 1038/206/535 1032/201/534
f 1057/231/538 1058/232/538 1059/233/538 1056/234/538
f 1060/235/539 1062/236/540 1063/237/541 1061/238/542
s 0
f 1064/239/543 1065/240/543 1067/241/543 1066/242/543
s 1
f 1061/243/542 1063/244/541 1067/245/544 1065/246/545
f 1060/247/539 1061/243/542 1065/248/545 1064/249/546
f 1062/250/540 1060/251/539 1064/252/546 1066/253/547
f 1063/254/541 1062/255/540 1066/249/547 1067/248/544
f 1070/256/548 1077/257/549 1087/258/550 1069/259/551
f 1093/260/552 1089/261/553 1076/262/554 1071/263/555
f 1072/264/556 1083/265/557 1081/266/558 1075/267/559
f 1088/268/560 1090/269/561 1086/270/562 1078/271/563
f 1093/272/552 1071/273/555 1070/274/548 1069/275/551 1068/276/564 1092/277/565
f 1076/262/554 1078/271/563 1077/278/549
f 1079/279/566 1081/280/558 1080/281/567
f 1082/282/568 1084/283/569 1083/284/557
f 1085/285/570 1087/286/550 1086/270/562
f 1094/287/571 1098/288/572 1079/279/566 1080/281/567
f 1090/269/561 1091/289/573 1085/285/570 1086/270/562
f 1077/257/549 1078/271/563 1086/270/562 1087/258/550
f 1080/281/567 1081/280/558 1083/284/557 1084/283/569
f 1068/263/564 1069/290/551 1087/278/550 1085/262/570
f 1076/262/554 1077/278/549 1070/290/548 1071/263/555
f 1081/291/558 1079/292/566 1074/293/574 1075/294/559
f 1082/295/568 1083/296/557 1072/297/556 1073/298/575
f 1096/299/565 1095/300/576 1082/295/568 1073/298/575
f 1068/263/564 1085/262/570 1091/301/573 1092/302/565
f 1099/303/577 1095/304/576 1091/289/573 1090/269/561
f 1078/271/563 1076/262/554 1089/305/553 1088/268/560
f 1097/306/552 1093/272/552 1092/277/565 1096/307/565
f 1094/287/571 1099/303/577 1090/269/561 1088/268/560
f 1097/308/552 1098/309/572 1089/261/553 1093/260/552
f 1074/293/574 1079/310/566 1098/309/572 1097/308/552
f 1080/281/567 1084/283/569 1099/303/577 1094/287/571
f 1074/311/574 1097/306/552 1096/307/565 1073/312/575 1072/313/556 1075/314/559
f 1084/283/569 1082/282/568 1095/304/576 1099/303/577
f 1092/302/565 1091/301/573 1095/300/576 1096/299/565
f 1088/268/560 1089/305/553 1098/288/572 1094/287/571
f 1101/315/578 1109/316/579 1112/317/580 1104/318/581
f 1106/319/582 1114/320/583 1109/316/579 1101/315/578
f 1104/318/581 1112/317/580 1110/321/584 1102/322/585
f 1103/323/586 1111/324/587 1113/325/588 1105/326/589
f 1102/322/585 1110/321/584 1115/327/590 1107/328/591
f 1107/328/591 1115/327/590 1111/324/587 1103/323/586
f 1105/326/589 1113/325/588 1108/329/592 1100/330/593
f 1100/330/593 1108/329/592 1114/320/583 1106/319/582
f 1124/331/594 1120/332/595 1118/333/596 1125/334/597
f 1126/335/598 1119/336/599 1121/337/600 1127/338/601
f 1125/334/597 1118/333/596 1123/339/602 1128/340/603
f 1128/341/603 1123/342/602 1119/336/599 1126/335/598
f 1127/338/601 1121/337/600 1116/343/604 1129/344/605
f 1129/344/605 1116/343/604 1122/345/606 1130/346/607
f 1131/347/608 1117/348/609 1120/332/595 1124/331/594
f 1130/349/607 1122/350/606 1117/348/609 1131/347/608
f 1139/351/610 1130/349/607 1131/347/608 1134/352/611
f 1134/352/611 1131/347/608 1124/331/594 1132/353/612
f 1138/354/613 1129/344/605 1130/346/607 1139/355/610
f 1136/356/614 1127/338/601 1129/344/605 1138/354/613
f 1137/357/615 1128/341/603 1126/335/598 1133/358/616
f 1135/359/617 1125/334/597 1128/340/603 1137/360/615
f 1133/358/616 1126/335/598 1127/338/601 1136/356/614
f 1132/353/612 1124/331/594 1125/334/597 1135/359/617
f 1112/361/580 1132/353/612 1135/359/617 1110/362/584
f 1111/363/587 1133/358/616 1136/356/614 1113/364/588
f 1110/362/584 1135/359/617 1137/360/615 1115/365/590
f 1115/366/590 1137/357/615 1133/358/616 1111/363/587
f 1113/364/588 1136/356/614 1138/354/613 1108/367/592
f 1108/367/592 1138/354/613 1139/355/610 1114/368/583
f 1109/369/579 1134/352/611 1132/353/612 1112/361/580
f 1114/370/583 1139/351/610 1134/352/611 1109/369/579
f 1141/315/618 1149/316/619 1152/317/620 1144/318/621
f 1146/319/622 1154/320/623 1149/316/619 1141/315/618
f 1144/318/621 1152/317/620 1150/321/624 1142/322/625
f 1143/323/626 1151/324/627 1153/325/628 1145/326/629
f 1142/322/625 1150/321/624 1155/327/630 1147/328/631
f 1147/328/631 1155/327/630 1151/324/627 1143/323/626
f 1145/326/629 1153/325/628 1148/329/632 1140/330/633
f 1140/330/633 1148/329/632 1154/320/623 1146/319/622
f 1164/331/634 1160/332/635 1158/333/636 1165/334/637
f 1166/335/638 1159/336/639 1161/337/640 1167/338/641
f 1165/334/637 1158/333/636 1163/339/642 1168/340/643
f 1168/341/643 1163/342/642 1159/336/639 1166/335/638
f 1167/338/641 1161/337/640 1156/343/644 1169/344/645
f 1169/344/645 1156/343/644 1162/345/646 1170/346/647
f 1171/347/648 1157/348/649 1160/332/635 1164/331/634
f 1170/349/647 1162/350/646 1157/348/649 1171/347/648
f 1181/371/650 1170/349/647 1171/347/648 1184/372/651
f 1184/372/651 1171/347/648 1164/331/634 1182/373/652
f 1180/374/653 1169/344/645 1170/346/647 1181/375/650
f 1178/376/654 1167/338/641 1169/344/645 1180/374/653
f 1179/377/655 1168/341/643 1166/335/638 1183/378/656
f 1177/379/657 1165/334/637 1168/340/643 1179/380/655
f 1183/378/656 1166/335/638 1167/338/641 1178/376/654
f 1182/373/652 1164/331/634 1165/334/637 1177/379/657
f 1152/361/620 1172/353/658 1174/359/659 1150/362/624
f 1151/363/627 1195/358/660 1197/356/661 1153/364/628
f 1150/362/624 1174/359/659 1175/360/662 1155/365/630
f 1155/366/630 1175/357/662 1195/358/660 1151/363/627
f 1153/364/628 1197/356/661 1193/354/663 1148/367/632
f 1148/367/632 1193/354/663 1176/355/664 1154/368/623
f 1149/369/619 1173/352/665 1172/353/658 1152/361/620
f 1154/370/623 1176/351/664 1173/352/665 1149/369/619
f 1172/353/658 1182/373/652 1177/379/657 1174/359/659
f 1195/358/666 1183/378/656 1178/376/654 1197/356/667
f 1174/359/659 1177/379/657 1179/380/655 1175/360/668
f 1175/357/668 1179/377/655 1183/378/656 1195/358/666
f 1197/356/667 1178/376/654 1180/374/653 1193/354/669
f 1193/354/669 1180/374/653 1181/375/650 1176/355/664
f 1173/352/665 1184/372/651 1182/373/652 1172/353/658
f 1176/351/664 1181/371/650 1184/372/651 1173/352/665
f 1123/342/602 1192/342/670 1188/336/671 1119/336/599
f 1121/337/600 1190/337/672 1185/343/673 1116/343/604
f 1116/343/604 1185/343/673 1191/345/674 1122/345/606
f 1117/348/609 1186/348/675 1189/332/676 1120/332/595
f 1122/350/606 1191/350/674 1186/348/675 1117/348/609
f 1120/332/595 1189/332/676 1187/333/677 1118/333/596
f 1119/336/599 1188/336/671 1190/337/672 1121/337/600
f 1118/333/596 1187/333/677 1192/339/670 1123/339/602
f 1190/337/672 1197/337/678 1193/343/679 1185/343/673
f 1185/343/673 1193/343/679 1176/345/680 1191/345/674
f 1186/348/675 1194/348/681 1196/332/682 1189/332/676
f 1191/350/674 1176/350/680 1194/348/681 1186/348/675
f 1189/332/676 1196/332/682 1174/333/683 1187/333/677
f 1188/336/671 1195/336/684 1197/337/678 1190/337/672
f 1187/333/677 1174/333/683 1175/339/685 1192/339/670
f 1192/342/670 1175/342/685 1195/336/684 1188/336/671
f 1218/167/686 1220/168/687 1213/169/688 1211/170/689
s 0
f 1200/171/690 1198/172/690 1207/173/690 1208/174/690
s 1
f 1199/175/691 1198/172/691 1227/176/692 1223/177/693
f 1231/178/694 1222/179/695 1214/180/696 1219/181/697
f 1212/182/698 1215/183/699 1224/184/700 1226/185/701
f 1229/186/702 1232/184/703 1221/187/704 1217/182/705
f 1201/188/691 1199/175/691 1223/177/693 1233/189/706
f 1200/171/691 1201/188/691 1233/189/706 1228/190/707
f 1198/172/691 1200/171/691 1228/190/707 1227/176/692
f 1203/191/708 1202/192/709 1205/193/710 1204/194/711
s 0
f 1199/175/712 1201/188/712 1209/195/712 1206/196/712
f 1198/172/713 1199/175/713 1206/196/713 1207/173/713
f 1201/188/714 1200/171/714 1208/174/714 1209/195/714
s 1
f 1202/192/709 1203/191/708 1207/197/715 1206/198/716
f 1203/191/708 1204/194/711 1208/199/717 1207/197/715
f 1205/193/710 1202/192/709 1206/198/716 1209/200/718
f 1204/194/711 1205/193/710 1209/200/718 1208/199/717
f 1210/201/719 1211/202/689 1212/203/698
f 1213/169/688 1214/204/696 1215/205/699
f 1216/206/720 1217/207/705 1218/208/686
f 1219/209/697 1220/210/687 1221/187/704
f 1222/211/695 1223/177/693 1224/212/700
f 1225/213/721 1226/214/701 1227/176/692
f 1228/190/707 1229/215/702 1230/216/722
f 1231/217/694 1232/218/703 1233/189/706
f 1225/219/721 1210/201/719 1212/203/698 1226/220/701
f 1211/170/689 1213/169/688 1215/205/699 1212/221/698
f 1214/180/696 1222/179/695 1224/222/700 1215/223/699
f 1223/177/693 1227/176/692 1226/214/701 1224/212/700
f 1230/216/722 1225/213/721 1227/176/692 1228/190/707
f 1222/211/695 1231/217/694 1233/189/706 1223/177/693
f 1232/218/703 1229/215/702 1228/190/707 1233/189/706
f 1216/206/720 1230/224/722 1229/225/702 1217/207/705
f 1231/226/694 1219/227/697 1221/187/704 1232/184/703
f 1220/210/687 1218/228/686 1217/182/705 1221/187/704
f 1210/201/719 1216/206/720 1218/208/686 1211/202/689
f 1219/229/697 1214/230/696 1213/169/688 1220/168/687
f 1225/219/721 1230/224/722 1216/206/720 1210/201/719
f 1254/167/723 1256/168/724 1249/169/725 1247/170/726
s 0
f 1236/171/727 1234/172/727 1243/173/727 1244/174/727
s 1
f 1235/175/728 1234/172/729 1263/176/730 1259/177/731
f 1267/178/732 1258/179/733 1250/180/734 1255/181/735
f 1248/182/736 1251/183/737 1260/184/738 1262/185/739
f 1265/186/740 1268/184/741 1257/187/742 1253/182/743
f 1237/188/744 1235/175/728 1259/177/731 1269/189/745
f 1236/171/746 1237/188/744 1269/189/745 1264/190/747
f 1234/172/729 1236/171/746 1264/190/747 1263/176/730
f 1239/191/748 1238/192/749 1241/193/750 1240/194/751
s 0
f 1235/175/752 1237/188/752 1245/195/752 1242/196/752
f 1234/172/753 1235/175/753 1242/196/753 1243/173/753
f 1237/188/754 1236/171/754 1244/174/754 1245/195/754
s 1
f 1238/192/749 1239/191/748 1243/197/755 1242/198/756
f 1239/191/748 1240/194/751 1244/199/757 1243/197/755
f 1241/193/750 1238/192/749 1242/198/756 1245/200/758
f 1240/194/751 1241/193/750 1245/200/758 1244/199/757
f 1246/201/759 1247/202/726 1248/203/736
f 1249/169/725 1250/204/734 1251/205/737
f 1252/206/760 1253/207/743 1254/208/723
f 1255/209/735 1256/210/724 1257/187/742
f 1258/211/733 1259/177/731 1260/212/738
f 1261/213/761 1262/214/739 1263/176/730
f 1264/190/747 1265/215/740 1266/216/762
f 1267/217/732 1268/218/741 1269/189/745
f 1261/219/761 1246/201/759 1248/203/736 1262/220/739
f 1247/170/726 1249/169/725 1251/205/737 1248/221/736
f 1250/180/734 1258/179/733 1260/222/738 1251/223/737
f 1259/177/731 1263/176/730 1262/214/739 1260/212/738
f 1266/216/762 1261/213/761 1263/176/730 1264/190/747
f 1258/211/733 1267/217/732 1269/189/745 1259/177/731
f 1268/218/741 1265/215/740 1264/190/747 1269/189/745
f 1252/206/760 1266/224/762 1265/225/740 1253/207/743
f 1267/226/732 1255/227/735 1257/187/742 1268/184/741
f 1256/210/724 1254/228/723 1253/182/743 1257/187/742
f 1246/201/759 1252/206/760 1254/208/723 1247/202/726
f 1255/229/735 1250/230/734 1249/169/725 1256/168/724
f 1261/219/761 1266/224/762 1252/206/760 1246/201/759
f 1271/231/763 1272/232/763 1273/233/763 1270/234/763
f 1274/235/764 1276/236/765 1277/237/766 1275/238/767
s 0
f 1278/239/768 1279/240/768 1281/241/768 1280/242/768
s 1
f 1275/243/767 1277/244/766 1281/245/769 1279/246/770
f 1274/247/764 1275/243/767 1279/248/770 1278/249/771
f 1276/250/765 1274/251/764 1278/252/771 1280/253/772
f 1277/254/766 1276/255/765 1280/249/772 1281/248/769
f 1284/256/773 1291/257/774 1301/258/775 1283/259/776
f 1307/260/777 1303/261/778 1290/262/779 1285/263/780
f 1286/264/781 1297/265/782 1295/266/783 1289/267/784
f 1302/268/785 1304/269/786 1300/270/787 1292/271/788
f 1307/272/777 1285/273/780 1284/274/773 1283/275/776 1282/276/789 1306/277/790
f 1290/262/779 1292/271/788 1291/278/774
f 1293/279/791 1295/280/783 1294/281/792
f 1296/282/793 1298/283/794 1297/284/782
f 1299/285/795 1301/286/775 1300/270/787
f 1308/287/796 1312/288/797 1293/279/791 1294/281/792
f 1304/269/786 1305/289/798 1299/285/795 1300/270/787
f 1291/257/774 1292/271/788 1300/270/787 1301/258/775
f 1294/281/792 1295/280/783 1297/284/782 1298/283/794
f 1282/263/789 1283/290/776 1301/278/775 1299/262/795
f 1290/262/779 1291/278/774 1284/290/773 1285/263/780
f 1295/291/783 1293/292/791 1288/293/799 1289/294/784
f 1296/295/793 1297/296/782 1286/297/781 1287/298/800
f 1310/299/790 1309/300/801 1296/295/793 1287/298/800
f 1282/263/789 1299/262/795 1305/301/798 1306/302/790
f 1313/303/802 1309/304/801 1305/289/798 1304/269/786
f 1292/271/788 1290/262/779 1303/305/778 1302/268/785
f 1311/306/803 1307/272/777 1306/277/790 1310/307/790
f 1308/287/796 1313/303/802 1304/269/786 1302/268/785
f 1311/308/803 1312/309/797 1303/261/778 1307/260/777
f 1288/293/799 1293/310/791 1312/309/797 1311/308/803
f 1294/281/792 1298/283/794 1313/303/802 1308/287/796
f 1288/311/799 1311/306/803 1310/307/790 1287/312/800 1286/313/781 1289/314/784
f 1298/283/794 1296/282/793 1309/304/801 1313/303/802
f 1306/302/790 1305/301/798 1309/300/801 1310/299/790
f 1302/268/785 1303/305/778 1312/288/797 1308/287/796
f 1315/315/804 1323/316/805 1326/317/806 1318/318/807
f 1320/319/808 1328/320/809 1323/316/805 1315/315/804
f 1318/318/807 1326/317/806 1324/321/810 1316/322/811
f 1317/323/812 1325/324/813 1327/325/814 1319/326/815
f 1316/322/811 1324/321/810 1329/327/816 1321/328/817
f 1321/328/817 1329/327/816 1325/324/813 1317/323/812
f 1319/326/815 1327/325/814 1322/329/818 1314/330/819
f 1314/330/819 1322/329/818 1328/320/809 1320/319/808
f 1338/331/820 1334/332/821 1332/333/822 1339/334/823
f 1340/335/824 1333/336/825 1335/337/826 1341/338/827
f 1339/334/823 1332/333/822 1337/339/828 1342/340/829
f 1342/341/829 1337/342/828 1333/336/825 1340/335/824
f 1341/338/827 1335/337/826 1330/343/830 1343/344/831
f 1343/344/831 1330/343/830 1336/345/832 1344/346/833
f 1345/347/834 1331/348/835 1334/332/821 1338/331/820
f 1344/349/833 1336/350/832 1331/348/835 1345/347/834
f 1353/351/836 1344/349/833 1345/347/834 1348/352/837
f 1348/352/837 1345/347/834 1338/331/820 1346/353/838
f 1352/354/839 1343/344/831 1344/346/833 1353/355/836
f 1350/356/840 1341/338/827 1343/344/831 1352/354/839
f 1351/357/841 1342/341/829 1340/335/824 1347/358/842
f 1349/359/843 1339/334/823 1342/340/829 1351/360/841
f 1347/358/842 1340/335/824 1341/338/827 1350/356/840
f 1346/353/838 1338/331/820 1339/334/823 1349/359/843
f 1326/361/806 1346/353/838 1349/359/843 1324/362/810
f 1325/363/813 1347/358/842 1350/356/840 1327/364/814
f 1324/362/810 1349/359/843 1351/360/841 1329/365/816
f 1329/366/816 1351/357/841 1347/358/842 1325/363/813
f 1327/364/814 1350/356/840 1352/354/839 1322/367/818
f 1322/367/818 1352/354/839 1353/355/836 1328/368/809
f 1323/369/805 1348/352/837 1346/353/838 1326/361/806
f 1328/370/809 1353/351/836 1348/352/837 1323/369/805
f 1355/315/844 1363/316/845 1366/317/846 1358/318/847
f 1360/319/848 1368/320/849 1363/316/845 1355/315/844
f 1358/318/847 1366/317/846 1364/321/850 1356/322/851
f 1357/323/852 1365/324/853 1367/325/854 1359/326/855
f 1356/322/851 1364/321/850 1369/327/856 1361/328/857
f 1361/328/857 1369/327/856 1365/324/853 1357/323/852
f 1359/326/855 1367/325/854 1362/329/858 1354/330/859
f 1354/330/859 1362/329/858 1368/320/849 1360/319/848
f 1378/331/860 1374/332/861 1372/333/862 1379/334/863
f 1380/335/864 1373/336/865 1375/337/866 1381/338/867
f 1379/334/863 1372/333/862 1377/339/868 1382/340/869
f 1382/341/869 1377/342/868 1373/336/865 1380/335/864
f 1381/338/867 1375/337/866 1370/343/870 1383/344/871
f 1383/344/871 1370/343/870 1376/345/872 1384/346/873
f 1385/347/874 1371/348/875 1374/332/861 1378/331/860
f 1384/349/873 1376/350/872 1371/348/875 1385/347/874
f 1395/371/876 1384/349/873 1385/347/874 1398/372/877
f 1398/372/877 1385/347/874 1378/331/860 1396/373/878
f 1394/374/879 1383/344/871 1384/346/873 1395/375/876
f 1392/376/880 1381/338/867 1383/344/871 1394/374/879
f 1393/377/881 1382/341/869 1380/335/864 1397/378/882
f 1391/379/883 1379/334/863 1382/340/869 1393/380/881
f 1397/378/882 1380/335/864 1381/338/867 1392/376/880
f 1396/373/878 1378/331/860 1379/334/863 1391/379/883
f 1366/361/846 1386/353/884 1388/359/885 1364/362/850
f 1365/363/853 1409/358/886 1411/356/887 1367/364/854
f 1364/362/850 1388/359/885 1389/360/888 1369/365/856
f 1369/366/856 1389/357/888 1409/358/886 1365/363/853
f 1367/364/854 1411/356/887 1407/354/889 1362/367/858
f 1362/367/858 1407/354/889 1390/355/890 1368/368/849
f 1363/369/845 1387/352/891 1386/353/884 1366/361/846
f 1368/370/849 1390/351/890 1387/352/891 1363/369/845
f 1386/353/884 1396/373/878 1391/379/883 1388/359/885
f 1409/358/892 1397/378/882 1392/376/880 1411/356/893
f 1388/359/885 1391/379/883 1393/380/881 1389/360/894
f 1389/357/894 1393/377/881 1397/378/882 1409/358/892
f 1411/356/893 1392/376/880 1394/374/879 1407/354/895
f 1407/354/895 1394/374/879 1395/375/876 1390/355/890
f 1387/352/891 1398/372/877 1396/373/878 1386/353/884
f 1390/351/890 1395/371/876 1398/372/877 1387/352/891
f 1337/342/828 1406/342/896 1402/336/897 1333/336/825
f 1335/337/826 1404/337/898 1399/343/899 1330/343/830
f 1330/343/830 1399/343/899 1405/345/900 1336/345/832
f 1331/348/835 1400/348/901 1403/332/902 1334/332/821
f 1336/350/832 1405/350/900 1400/348/901 1331/348/835
f 1334/332/821 1403/332/902 1401/333/903 1332/333/822
f 1333/336/825 1402/336/897 1404/337/898 1335/337/826
f 1332/333/822 1401/333/903 1406/339/896 1337/339/828
f 1404/337/898 1411/337/904 1407/343/905 1399/343/899
f 1399/343/899 1407/343/905 1390/345/906 1405/345/900
f 1400/348/901 1408/348/907 1410/332/908 1403/332/902
f 1405/350/900 1390/350/906 1408/348/907 1400/348/901
f 1403/332/902 1410/332/908 1388/333/909 1401/333/903
f 1402/336/897 1409/336/910 1411/337/904 1404/337/898
f 1401/333/903 1388/333/909 1389/339/911 1406/339/896
f 1406/342/896 1389/342/911 1409/336/910 1402/336/897
l 61 22
o Cube.062
v 2.970041 -0.655988 -0.163752
v 2.970041 -0.655988 -1.823752
v 2.970041 -2.315988 -0.163751
v 2.970041 -2.315988 -1.823751
v 0.970041 -0.655988 -0.163752
v 0.970041 -0.655988 -1.823752
v 1.140041 -2.485988 -0.163751
v 1.140041 -2.485988 -1.823751
v 2.800041 -0.485988 -0.163752
v 2.800041 -0.485988 -1.823752
v 2.800041 -2.485988 -0.163751
v 2.800041 -2.485988 -1.823751
v 0.970041 -2.315988 -1.823751
v 0.970041 -2.315988 -0.163751
v 2.800041 -2.315988 0.006249
v 2.800041 -2.315988 -1.993751
v 1.140041 -0.485988 -1.823752
v 1.140041 -2.315988 -1.993751
v 1.140041 -2.315988 0.006249
v 1.140041 -0.485988 -0.163752
v 2.800041 -0.655988 -1.993752
v 1.140041 -0.655988 -1.993752
v 2.800041 -0.655988 0.006248
v 1.140041 -0.655988 0.006248
v 0.970041 -0.485988 -1.993752
v 0.970041 -2.485988 -1.993751
v 2.970041 -0.485988 -1.993752
v 2.970041 -2.485988 0.006249
v 0.970041 -2.485988 0.006249
v 2.970041 -0.485988 0.006248
v 2.970041 -2.485988 -1.993751
v 0.970041 -0.485988 0.006248
v 2.970041 -0.655988 -0.163752
v 2.970041 -0.655988 -1.823752
v 2.970041 -2.315988 -0.163751
v 2.970041 -2.315988 -1.823751
v 1.140041 -2.485988 -1.823751
v 1.140041 -2.485988 -0.163751
v 2.800041 -2.485988 -0.163751
v 2.800041 -2.485988 -1.823751
v 0.970041 -0.655988 -1.823752
v 0.970041 -2.315988 -1.823751
v 0.970041 -2.315988 -0.163751
v 0.970041 -0.655988 -0.163752
v 2.800041 -0.485988 -1.823752
v 1.140041 -0.485988 -1.823752
v 2.800041 -0.485988 -0.163752
v 1.140041 -0.485988 -0.163752
v 1.140041 -0.655988 -1.993752
v 1.140041 -2.315988 -1.993751
v 2.800041 -0.655988 -1.993752
v 2.800041 -2.315988 0.006249
v 1.140041 -2.315988 0.006249
v 2.800041 -0.655988 0.006248
v 2.800041 -2.315988 -1.993751
v 1.140041 -0.655988 0.006248
v 2.800041 -0.655988 -0.050645
v 1.140041 -0.655988 -0.050645
v 1.140041 -2.315988 -0.050644
v 2.800041 -2.315988 -0.050644
v 2.800041 -2.429095 -1.823751
v 2.800041 -2.429095 -0.163751
v 1.140041 -2.429095 -0.163751
v 1.140041 -2.429095 -1.823751
v 1.026501 -2.315988 -1.823751
v 1.026501 -2.315988 -0.163751
v 1.026501 -0.655988 -0.163752
v 1.026501 -0.655988 -1.823752
v 1.140041 -0.655988 -1.936859
v 2.800041 -0.655988 -1.936859
v 2.800041 -2.315988 -1.936858
v 1.140041 -2.315988 -1.936858
v 2.913581 -0.655988 -1.823752
v 2.913581 -0.655988 -0.163752
v 2.913581 -2.315988 -0.163751
v 2.913581 -2.315988 -1.823751
v 1.140041 -0.542881 -1.823752
v 1.140041 -0.542881 -0.163752
v 2.800041 -0.542881 -0.163752
v 2.800041 -0.542881 -1.823752
v 0.970041 -2.315995 0.006249
v 1.140020 -2.485988 0.006249
v 2.970041 -2.315952 0.006249
v 2.800041 -2.485988 0.006249
v 2.800038 -0.485988 0.006248
v 2.970041 -0.655977 0.006248
v 0.970041 -0.655989 0.006248
v 1.140035 -0.485988 0.006248
v 2.800063 -0.485988 -1.993752
v 2.970041 -0.655975 -1.993752
v 2.970041 -2.315993 -1.993751
v 2.800034 -2.485988 -1.993751
v 1.140033 -2.485988 -1.993751
v 0.970041 -0.655984 -1.993752
v 0.970041 -2.315975 -1.993751
v 1.140054 -0.485988 -1.993752
vn -0.0000 -0.0000 -0.0000
vn -0.0000 -0.0000 1.0000
vn -0.0000 1.0000 -0.0000
vn -0.0001 -0.0000 1.0000
vn -0.0000 -0.0000 -1.0000
vn -1.0000 -0.0000 -0.0000
vn 1.0000 -0.0000 -0.0000
vn -0.0000 -1.0000 -0.0000
vt 0.396250 0.021250
vt 0.396250 0.228750
vt 0.396250 0.728750
vt 0.603750 0.728750
vt 0.853750 0.521250
vt 0.646250 0.521250
vt 0.396250 0.978750
vt 0.603750 0.978750
vt 0.603750 0.521250
vt 0.396250 0.521250
vt 0.853750 0.728750
vt 0.474804 0.952554
vt 0.483831 0.943528
vt 0.483830 0.952554
vt 0.461507 0.951883
vt 0.577791 0.941080
vt 0.566988 0.951883
vt 0.577097 0.847043
vt 0.458457 0.834893
vt 0.577097 0.834893
vt 0.576753 0.836164
vt 0.588874 0.848285
vt 0.446277 0.848285
vt 0.474678 0.952680
vt 0.474678 0.943526
vt 0.571844 0.952554
vt 0.580996 0.943401
vt 0.580996 0.952554
vt 0.485747 0.846371
vt 0.476721 0.837344
vt 0.485748 0.837344
vt 0.476595 0.846497
vt 0.485748 0.846497
vt 0.582912 0.846370
vt 0.573760 0.837217
vt 0.582912 0.837217
vt 0.459205 0.873715
vt 0.576462 0.861707
vt 0.576463 0.873715
vt 0.458658 0.849644
vt 0.576344 0.861697
vt 0.458658 0.861697
vt 0.576814 0.873799
vt 0.458769 0.861710
vt 0.576815 0.861710
vt 0.580411 0.863440
vt 0.591777 0.874807
vt 0.458054 0.874807
vt 0.576226 0.861722
vt 0.459085 0.849725
vt 0.576226 0.849725
vt 0.460169 0.888092
vt 0.579071 0.900268
vt 0.460169 0.900268
vt 0.574883 0.929455
vt 0.461156 0.941102
vt 0.461156 0.929455
vt 0.603750 0.771250
vt 0.396250 0.771250
vt 0.396250 0.271250
vt 0.396250 0.478750
vt 0.353750 0.728750
vt 0.353750 0.521250
vt 0.603750 0.021250
vt 0.146250 0.521250
vt 0.146250 0.728750
vt 0.603750 0.478750
vt 0.603750 0.228750
vt 0.603750 0.271250
vt 0.646250 0.728750
vt 0.538971 0.789204
vt 0.443338 0.884837
vt 0.443338 0.789204
vt 0.472284 0.981985
vt 0.589698 0.986009
vt 0.472284 0.986009
vt 0.472284 0.973504
vt 0.589698 0.977528
vt 0.472284 0.977528
vt 0.472284 0.973937
vt 0.589698 0.977961
vt 0.472284 0.977961
vt 0.472284 0.969913
vt 0.589698 0.973937
vt 0.538583 0.903531
vt 0.442950 0.999164
vt 0.442950 0.903531
vt 0.472284 0.933695
vt 0.589698 0.937719
vt 0.472284 0.937719
vt 0.473059 0.961432
vt 0.590473 0.965456
vt 0.473059 0.965456
vt 0.572319 0.869023
vt 0.454905 0.864999
vt 0.572319 0.864999
vt 0.472284 0.961864
vt 0.589698 0.965888
vt 0.472284 0.965888
vt 0.591677 0.830284
vt 0.496044 0.925917
vt 0.496044 0.830284
vt 0.459980 0.881333
vt 0.577394 0.885326
vt 0.459980 0.885326
vt 0.577394 0.881333
vt 0.459980 0.877339
vt 0.577394 0.877339
vt 0.572165 0.843504
vt 0.454751 0.839510
vt 0.572165 0.839510
vt 0.454751 0.835517
vt 0.589698 0.961864
vt 0.472284 0.957840
vt 0.589698 0.957840
vt 0.589698 0.960526
vt 0.472284 0.956502
vt 0.589698 0.956502
vt 0.589698 0.953816
vt 0.472284 0.949792
vt 0.589698 0.949792
vt 0.472284 0.945768
vt 0.589698 0.945768
vt 0.457742 0.853252
vt 0.575156 0.857245
vt 0.457742 0.857245
vt 0.454751 0.827530
vt 0.572165 0.831523
vt 0.454751 0.831523
vt 0.572165 0.827530
vt 0.454751 0.823536
vt 0.572165 0.823536
vt 0.540133 0.903143
vt 0.444500 0.998776
vt 0.444500 0.903143
vt 0.454751 0.855515
vt 0.572165 0.859539
vt 0.454751 0.859539
vt 0.472284 0.941744
vt 0.589698 0.941744
vt 0.572165 0.855515
vt 0.454751 0.851491
vt 0.572165 0.851491
vt 0.589332 0.938692
vt 0.471918 0.934668
vt 0.589332 0.934668
vt 0.580411 0.886173
vt 0.469420 0.886173
vt 0.459205 0.849699
vt 0.459205 0.861707
vt 0.462594 0.874677
vt 0.578126 0.886509
vt 0.462593 0.886509
vt 0.450806 0.941080
vt 0.461600 0.930287
vt 0.462593 0.874677
vt 0.578124 0.862846
vt 0.578126 0.874677
vt 0.577097 0.822743
vt 0.460289 0.873472
vt 0.586731 0.861726
vt 0.574985 0.873472
vt 0.459085 0.873718
vt 0.576226 0.873718
vt 0.574985 0.849980
vt 0.448543 0.861726
vt 0.574883 0.952749
vt 0.574884 0.941102
vt 0.579071 0.875915
vt 0.460169 0.875915
vt 0.458658 0.873749
vt 0.576815 0.849621
vt 0.458770 0.861710
vt 0.458768 0.849621
vt 0.571969 0.943528
vt 0.580996 0.943528
vt 0.588874 0.860405
vt 0.576753 0.860406
vt 0.573887 0.837344
vt 0.582912 0.837344
vt 0.474804 0.943527
vt 0.450806 0.951881
vt 0.450806 0.941078
vt 0.577791 0.951882
vt 0.458457 0.847043
vt 0.446277 0.836166
vt 0.458398 0.836164
vt 0.588874 0.836164
vt 0.483831 0.952680
vt 0.571843 0.943401
vt 0.476721 0.846370
vt 0.476595 0.837344
vt 0.573759 0.846370
vt 0.576345 0.849644
vt 0.458768 0.873799
vt 0.458054 0.863441
vt 0.469420 0.863441
vt 0.591777 0.863438
vt 0.459083 0.861722
vt 0.579072 0.888092
vt 0.538971 0.884837
vt 0.589698 0.981985
vt 0.589698 0.973504
vt 0.589698 0.969913
vt 0.538583 0.999164
vt 0.589698 0.933695
vt 0.590473 0.961432
vt 0.454905 0.869023
vt 0.591677 0.925917
vt 0.454751 0.843504
vt 0.572165 0.835517
vt 0.472284 0.960526
vt 0.472284 0.953816
vt 0.575156 0.853252
vt 0.540133 0.998776
vt 0.471918 0.938692
vt 0.458054 0.886174
vt 0.591777 0.886173
vt 0.576462 0.849699
vt 0.450806 0.930287
vt 0.566997 0.930287
vt 0.577791 0.930288
vt 0.462593 0.862846
vt 0.458457 0.822743
vt 0.448543 0.873472
vt 0.586731 0.873471
vt 0.448543 0.849980
vt 0.460289 0.849980
vt 0.586731 0.849980
vt 0.461156 0.952749
vt 0.576345 0.873749
vt 0.571969 0.952554
vt 0.458398 0.860406
vt 0.446277 0.860405
vt 0.573886 0.846371
s 0
usemtl Material
f 1424/381/912 1452/382/912 1417/382/912
f 1415/383/913 1446/384/914 1414/384/913
f 1435/385/913 1465/386/914 1434/386/913
f 1419/387/913 1449/388/914 1418/388/913
f 1412/389/915 1445/390/914 1413/390/913
f 1430/391/912 1467/385/912 1435/385/912
f 1437/392/916 1429/393/916 1504/394/916
f 1424/395/917 1440/396/917 1425/397/917
f 1435/398/913 1496/399/913 1499/400/913
f 1420/401/914 1441/402/914 1438/403/914
f 1426/393/913 1439/404/913 1494/405/913
f 1493/406/913 1492/407/913 1440/408/913
f 1433/409/916 1436/410/916 1507/411/916
f 1497/412/913 1496/411/913 1434/413/913
f 1498/414/913 1499/415/913 1443/416/913
f 1498/417/917 1425/418/917 1492/419/917
f 1433/420/916 1506/421/916 1505/422/916
f 1432/423/916 1507/424/916 1500/425/916
f 1414/426/918 1439/427/918 1442/428/918
f 1434/429/913 1494/430/913 1497/431/913
f 1429/432/916 1503/433/916 1504/434/916
f 1432/435/916 1502/436/916 1427/437/916
f 1422/438/915 1451/439/914 1423/439/913
f 1428/440/913 1456/441/914 1421/441/913
f 1427/442/912 1462/443/912 1432/443/912
f 1414/384/912 1444/389/912 1412/389/912
f 1425/444/915 1453/381/914 1424/381/913
f 1433/445/912 1461/446/912 1429/446/912
f 1418/388/913 1450/438/914 1422/438/913
f 1421/441/913 1458/447/914 1420/447/913
f 1413/390/912 1447/383/912 1415/383/912
f 1417/382/913 1455/448/914 1416/448/913
f 1432/443/913 1460/445/914 1433/445/913
f 1423/439/913 1448/387/914 1419/387/913
f 1431/449/915 1457/440/914 1428/440/913
f 1416/448/912 1454/444/912 1425/444/912
f 1426/450/913 1464/391/914 1430/391/913
f 1420/447/913 1459/449/914 1431/449/913
f 1434/386/912 1463/450/912 1426/450/912
f 1429/446/913 1466/442/914 1427/442/913
f 1469/451/913 1471/452/913 1468/453/913
f 1469/454/919 1465/455/919 1467/456/919
f 1470/457/918 1467/458/918 1464/459/918
f 1471/460/914 1464/461/914 1463/462/914
f 1468/463/917 1463/464/917 1465/460/917
f 1473/465/919 1475/466/919 1472/467/919
f 1473/468/917 1451/469/917 1450/470/917
f 1474/471/916 1450/472/916 1449/473/916
f 1475/474/918 1449/475/918 1448/476/918
f 1472/477/913 1448/478/913 1451/479/913
f 1477/480/917 1479/481/917 1476/482/917
f 1477/483/914 1453/484/914 1454/485/914
f 1478/486/916 1454/487/916 1455/488/916
f 1479/489/919 1455/490/919 1452/491/919
f 1476/492/913 1452/491/913 1453/490/913
f 1481/451/916 1483/452/916 1480/453/916
f 1481/493/919 1460/494/919 1462/495/919
f 1482/496/917 1462/497/917 1466/498/917
f 1483/499/914 1466/500/914 1461/501/914
f 1480/501/918 1461/502/918 1460/503/918
f 1485/480/918 1487/481/918 1484/482/918
f 1485/504/919 1445/505/919 1444/506/919
f 1486/507/916 1444/508/916 1446/509/916
f 1487/510/914 1446/511/914 1447/512/914
f 1484/510/913 1447/511/913 1445/512/913
f 1489/513/914 1491/514/914 1488/515/914
f 1489/516/918 1457/517/918 1459/518/918
f 1490/503/916 1459/519/916 1458/520/916
f 1491/521/917 1458/522/917 1456/523/917
f 1488/524/913 1456/525/913 1457/526/913
f 1422/527/919 1423/528/919 1442/428/919
f 1430/529/913 1498/418/913 1492/530/913
f 1418/531/919 1495/532/919 1493/533/919
f 1440/396/919 1437/534/919 1419/535/919
f 1495/536/913 1430/537/913 1493/538/913
f 1496/399/914 1431/539/914 1499/400/914
f 1428/540/914 1443/541/914 1431/542/914
f 1494/543/918 1412/429/918 1497/544/918
f 1416/545/917 1443/541/917 1436/546/917
f 1413/547/918 1502/436/918 1501/548/918
f 1503/549/919 1419/432/919 1504/550/919
f 1506/421/917 1417/551/917 1505/422/917
f 1507/552/914 1421/553/914 1500/554/914
f 1442/408/916 1427/555/916 1502/556/916
f 1441/402/918 1497/557/918 1412/558/918
f 1501/414/916 1500/559/916 1438/560/916
f 1424/381/912 1453/381/912 1452/382/912
f 1415/383/914 1447/383/913 1446/384/915
f 1435/385/914 1467/385/913 1465/386/913
f 1419/387/914 1448/387/913 1449/388/915
f 1412/389/914 1444/389/913 1445/390/913
f 1430/391/912 1464/391/912 1467/385/912
f 1437/392/916 1506/561/916 1429/393/916
f 1424/395/917 1506/562/917 1437/563/917
f 1437/563/917 1440/396/917 1424/395/917
f 1440/396/917 1492/564/917 1425/397/917
f 1435/398/913 1434/565/913 1496/399/913
f 1438/403/914 1500/566/914 1421/567/914
f 1420/401/914 1496/568/914 1441/402/914
f 1438/403/914 1421/567/914 1420/401/914
f 1426/393/913 1495/569/913 1439/404/913
f 1493/406/913 1430/570/913 1492/407/913
f 1433/409/916 1505/571/916 1436/410/916
f 1497/412/913 1441/572/913 1496/411/913
f 1498/414/913 1435/573/913 1499/415/913
f 1498/417/917 1416/530/917 1425/418/917
f 1433/420/916 1429/574/916 1506/421/916
f 1432/423/916 1433/575/916 1507/424/916
f 1442/428/918 1502/576/918 1415/577/918
f 1414/426/918 1494/578/918 1439/427/918
f 1442/428/918 1415/577/918 1414/426/918
f 1434/429/913 1426/579/913 1494/430/913
f 1429/432/916 1427/580/916 1503/433/916
f 1432/435/916 1501/548/916 1502/436/916
f 1422/438/914 1450/438/913 1451/439/913
f 1428/440/914 1457/440/913 1456/441/913
f 1427/442/912 1466/442/912 1462/443/912
f 1414/384/912 1446/384/912 1444/389/912
f 1425/444/914 1454/444/913 1453/381/913
f 1433/445/912 1460/445/912 1461/446/912
f 1418/388/914 1449/388/913 1450/438/913
f 1421/441/914 1456/441/913 1458/447/915
f 1413/390/912 1445/390/912 1447/383/912
f 1417/382/914 1452/382/913 1455/448/915
f 1432/443/914 1462/443/913 1460/445/913
f 1423/439/914 1451/439/913 1448/387/913
f 1431/449/914 1459/449/913 1457/440/913
f 1416/448/912 1455/448/912 1454/444/912
f 1426/450/914 1463/450/913 1464/391/913
f 1420/447/914 1458/447/913 1459/449/913
f 1434/386/912 1465/386/912 1463/450/912
f 1429/446/914 1461/446/913 1466/442/913
f 1469/451/913 1470/581/913 1471/452/913
f 1469/454/919 1468/582/919 1465/455/919
f 1470/457/918 1469/583/918 1467/458/918
f 1471/460/914 1470/464/914 1464/461/914
f 1468/463/917 1471/584/917 1463/464/917
f 1473/465/919 1474/585/919 1475/466/919
f 1473/468/917 1472/586/917 1451/469/917
f 1474/471/916 1473/587/916 1450/472/916
f 1475/474/918 1474/588/918 1449/475/918
f 1472/477/913 1475/493/913 1448/478/913
f 1477/480/917 1478/589/917 1479/481/917
f 1477/483/914 1476/486/914 1453/484/914
f 1478/486/916 1477/483/916 1454/487/916
f 1479/489/919 1478/590/919 1455/490/919
f 1476/492/913 1479/591/913 1452/491/913
f 1481/451/916 1482/581/916 1483/452/916
f 1481/493/919 1480/477/919 1460/494/919
f 1482/496/917 1481/592/917 1462/497/917
f 1483/499/914 1482/593/914 1466/500/914
f 1480/501/918 1483/500/918 1461/502/918
f 1485/480/918 1486/589/918 1487/481/918
f 1485/504/919 1484/594/919 1445/505/919
f 1486/507/916 1485/510/916 1444/508/916
f 1487/510/914 1486/507/914 1446/511/914
f 1484/510/913 1487/507/913 1447/511/913
f 1489/513/914 1490/595/914 1491/514/914
f 1489/516/918 1488/521/918 1457/517/918
f 1490/503/916 1489/502/916 1459/519/916
f 1491/521/917 1490/516/917 1458/522/917
f 1488/524/913 1491/596/913 1456/525/913
f 1423/528/919 1503/597/919 1442/428/919
f 1442/428/919 1439/427/919 1422/527/919
f 1439/427/919 1495/598/919 1422/527/919
f 1430/529/913 1435/599/913 1498/418/913
f 1418/531/919 1422/538/919 1495/532/919
f 1437/534/919 1504/600/919 1419/535/919
f 1419/535/919 1418/601/919 1440/396/919
f 1418/601/919 1493/602/919 1440/396/919
f 1495/536/913 1426/603/913 1430/537/913
f 1496/399/914 1420/604/914 1431/539/914
f 1428/540/914 1507/605/914 1436/546/914
f 1436/546/914 1443/541/914 1428/540/914
f 1443/541/914 1499/606/914 1431/542/914
f 1494/543/918 1414/579/918 1412/429/918
f 1436/546/917 1505/607/917 1417/608/917
f 1416/545/917 1498/609/917 1443/541/917
f 1436/546/917 1417/608/917 1416/545/917
f 1413/547/918 1415/610/918 1502/436/918
f 1503/549/919 1423/580/919 1419/432/919
f 1506/421/917 1424/611/917 1417/551/917
f 1507/552/914 1428/425/914 1421/553/914
f 1442/408/916 1503/612/916 1427/555/916
f 1412/558/918 1413/613/918 1438/403/918
f 1413/613/918 1501/614/918 1438/403/918
f 1438/403/918 1441/402/918 1412/558/918
f 1501/414/916 1432/615/916 1500/559/916
o Cube.063
v 0.908977 -2.295293 -1.176828
v 0.960402 -2.295293 -0.182157
v 0.908977 -0.585161 -1.176829
v 0.960402 -0.585161 -0.182157
v -0.289422 -2.295293 -1.114871
v -0.237997 -2.295293 -0.120199
v -0.187558 -0.410027 -1.120137
v -0.136133 -0.410027 -0.125466
v 0.807114 -2.470427 -1.171562
v 0.858538 -2.470427 -0.176890
v 0.807114 -0.410027 -1.171562
v 0.858538 -0.410027 -0.176891
v -0.237997 -0.585161 -0.120199
v -0.289422 -0.585161 -1.114871
v 0.801847 -0.585161 -1.273426
v 0.863805 -0.585161 -0.075027
v -0.136133 -2.470427 -0.125465
v -0.130867 -0.585161 -0.023602
v -0.192824 -0.585161 -1.222001
v -0.187558 -2.470427 -1.120137
v 0.863805 -2.295293 -0.075026
v -0.130867 -2.295293 -0.023601
v 0.801847 -2.295293 -1.273426
v -0.192824 -2.295293 -1.222001
v -0.232731 -2.470427 -0.018335
v -0.232731 -0.410027 -0.018335
v 0.965669 -2.470427 -0.080293
v 0.903711 -0.410027 -1.278692
v -0.294688 -0.410027 -1.216735
v 0.903711 -2.470427 -1.278692
v 0.965669 -0.410027 -0.080293
v -0.294688 -2.470427 -1.216735
v 0.908977 -2.295293 -1.176828
v 0.960402 -2.295293 -0.182157
v 0.908977 -0.585161 -1.176829
v 0.960402 -0.585161 -0.182157
v -0.136133 -0.410027 -0.125466
v -0.187558 -0.410027 -1.120137
v 0.807114 -0.410027 -1.171562
v 0.858538 -0.410027 -0.176891
v -0.237997 -2.295293 -0.120199
v -0.237997 -0.585161 -0.120199
v -0.289422 -0.585161 -1.114871
v -0.289422 -2.295293 -1.114871
v 0.858538 -2.470427 -0.176890
v -0.136133 -2.470427 -0.125465
v 0.807114 -2.470427 -1.171562
v -0.187558 -2.470427 -1.120137
v -0.130867 -2.295293 -0.023601
v -0.130867 -0.585161 -0.023602
v 0.863805 -2.295293 -0.075026
v 0.801847 -0.585161 -1.273426
v -0.192824 -0.585161 -1.222001
v 0.801847 -2.295293 -1.273426
v 0.863805 -0.585161 -0.075027
v -0.192824 -2.295293 -1.222001
v 0.803610 -2.295293 -1.239336
v -0.191062 -2.295293 -1.187911
v -0.191062 -0.585161 -1.187911
v 0.803610 -0.585161 -1.239336
v 0.858538 -0.468638 -0.176891
v 0.807114 -0.468638 -1.171562
v -0.187558 -0.468638 -1.120137
v -0.136133 -0.468638 -0.125466
v -0.204166 -0.585161 -0.121948
v -0.255591 -0.585161 -1.116620
v -0.255591 -2.295293 -1.116620
v -0.204166 -2.295293 -0.121948
v -0.132629 -2.295293 -0.057692
v 0.862042 -2.295293 -0.109117
v 0.862042 -0.585161 -0.109117
v -0.132629 -0.585161 -0.057692
v 0.926572 -2.295293 -0.180408
v 0.875147 -2.295293 -1.175079
v 0.875147 -0.585161 -1.175079
v 0.926572 -0.585161 -0.180408
v -0.136133 -2.411816 -0.125465
v -0.187558 -2.411816 -1.120137
v 0.807114 -2.411816 -1.171562
v 0.858538 -2.411816 -0.176890
v -0.294688 -0.585152 -1.216735
v -0.192837 -0.410027 -1.222000
v 0.903711 -0.585198 -1.278692
v 0.801847 -0.410027 -1.273426
v 0.801845 -2.470427 -1.273426
v 0.903711 -2.295305 -1.278692
v -0.294688 -2.295293 -1.216735
v -0.192828 -2.470427 -1.222001
v 0.863818 -2.470427 -0.075027
v 0.965669 -2.295307 -0.080293
v 0.965669 -0.585155 -0.080293
v 0.863801 -0.410027 -0.075026
v -0.130871 -0.410027 -0.023601
v -0.232731 -2.295297 -0.018335
v -0.232731 -0.585175 -0.018335
v -0.130859 -2.470427 -0.023602
v 0.322006 -2.471712 -1.254876
v 0.286371 -2.471712 -1.253034
v 0.286371 -0.408743 -1.253034
v 0.322006 -0.408743 -1.254876
v 0.384305 -2.471712 -0.049871
v 0.348671 -2.471712 -0.048029
v 0.348671 -0.408743 -0.048029
v 0.384305 -0.408743 -0.049872
v 0.938761 -2.475191 -0.664785
v 0.936919 -2.475191 -0.700419
v 0.936919 -0.405264 -0.700419
v 0.938761 -0.405264 -0.664785
v -0.266243 -2.475191 -0.602486
v -0.268085 -2.475191 -0.638120
v -0.268085 -0.405264 -0.638120
v -0.266243 -0.405264 -0.602486
v -0.299985 -1.458068 -1.222719
v -0.299985 -1.422386 -1.222719
v 0.908362 -1.422386 -1.285191
v 0.908362 -1.458068 -1.285191
v -0.237686 -1.458068 -0.017714
v -0.237686 -1.422386 -0.017714
v 0.970662 -1.422386 -0.080186
v 0.970662 -1.458068 -0.080186
vn -0.0000 -0.0000 -0.0000
vn -0.0516 -0.0000 -0.9987
vn -0.0000 -1.0000 -0.0000
vn -0.0517 -0.0000 -0.9987
vn 0.0516 -0.0000 0.9987
vn -0.9987 -0.0000 0.0516
vn 0.9987 -0.0000 -0.0516
vn -0.0000 1.0000 -0.0000
vt 0.396250 0.228750
vt 0.396250 0.021250
vt 0.603750 0.728750
vt 0.396250 0.728750
vt 0.646250 0.521250
vt 0.853750 0.521250
vt 0.603750 0.978750
vt 0.396250 0.978750
vt 0.396250 0.521250
vt 0.603750 0.521250
vt 0.853750 0.728750
vt 0.483830 0.952554
vt 0.474804 0.952554
vt 0.474804 0.943527
vt 0.483831 0.943528
vt 0.461507 0.951883
vt 0.450806 0.951881
vt 0.450806 0.941078
vt 0.577791 0.941080
vt 0.577791 0.951882
vt 0.566988 0.951883
vt 0.577097 0.834893
vt 0.577097 0.847043
vt 0.458457 0.847043
vt 0.458457 0.834893
vt 0.446277 0.836166
vt 0.458398 0.836164
vt 0.576753 0.836164
vt 0.588874 0.836164
vt 0.588874 0.848285
vt 0.446277 0.848285
vt 0.474678 0.943526
vt 0.483831 0.952680
vt 0.474678 0.952680
vt 0.571844 0.952554
vt 0.571843 0.943401
vt 0.580996 0.943401
vt 0.580996 0.952554
vt 0.485748 0.837344
vt 0.485747 0.846371
vt 0.476721 0.846370
vt 0.476721 0.837344
vt 0.476595 0.846497
vt 0.476595 0.837344
vt 0.485748 0.846497
vt 0.582912 0.846370
vt 0.573759 0.846370
vt 0.573760 0.837217
vt 0.582912 0.837217
vt 0.450211 0.835043
vt 0.450211 0.821287
vt 0.584536 0.821287
vt 0.584537 0.835043
vt 0.588874 0.840939
vt 0.446835 0.840939
vt 0.446836 0.826392
vt 0.588874 0.826392
vt 0.576814 0.873799
vt 0.458768 0.873799
vt 0.458769 0.861710
vt 0.576815 0.861710
vt 0.458054 0.863441
vt 0.469420 0.863441
vt 0.580411 0.863440
vt 0.591777 0.863438
vt 0.591777 0.874807
vt 0.458054 0.874807
vt 0.588875 0.870031
vt 0.446836 0.870031
vt 0.446839 0.855485
vt 0.588876 0.855485
vt 0.460169 0.888092
vt 0.579072 0.888092
vt 0.579071 0.900268
vt 0.460169 0.900268
vt 0.588876 0.884577
vt 0.446836 0.884577
vt 0.396250 0.771250
vt 0.603750 0.771250
vt 0.396250 0.478750
vt 0.396250 0.271250
vt 0.353750 0.521250
vt 0.353750 0.728750
vt 0.603750 0.021250
vt 0.146250 0.728750
vt 0.146250 0.521250
vt 0.603750 0.478750
vt 0.603750 0.228750
vt 0.603750 0.271250
vt 0.646250 0.728750
vt 0.592391 0.788639
vt 0.592391 0.882665
vt 0.444495 0.882665
vt 0.444495 0.788639
vt 0.472284 0.986009
vt 0.472284 0.981985
vt 0.589698 0.981985
vt 0.589698 0.986009
vt 0.472284 0.977528
vt 0.472284 0.973504
vt 0.589698 0.973504
vt 0.589698 0.977528
vt 0.472284 0.977961
vt 0.472284 0.973937
vt 0.589698 0.973937
vt 0.589698 0.977961
vt 0.472284 0.969913
vt 0.589698 0.969913
vt 0.442950 0.903531
vt 0.538583 0.903531
vt 0.538583 0.999164
vt 0.442950 0.999164
vt 0.472284 0.937719
vt 0.472284 0.933695
vt 0.589698 0.933695
vt 0.589698 0.937719
vt 0.473059 0.965456
vt 0.473059 0.961432
vt 0.590473 0.961432
vt 0.590473 0.965456
vt 0.572319 0.864999
vt 0.572319 0.869023
vt 0.454905 0.869023
vt 0.454905 0.864999
vt 0.472284 0.965888
vt 0.472284 0.961864
vt 0.589698 0.961864
vt 0.589698 0.965888
vt 0.442667 0.997342
vt 0.442667 0.900240
vt 0.591849 0.900240
vt 0.591849 0.997342
vt 0.459980 0.885326
vt 0.459980 0.881333
vt 0.577394 0.881333
vt 0.577394 0.885326
vt 0.577394 0.877339
vt 0.459980 0.877339
vt 0.572165 0.839510
vt 0.572165 0.843504
vt 0.454751 0.843504
vt 0.454751 0.839510
vt 0.454751 0.835517
vt 0.572165 0.835517
vt 0.589698 0.957840
vt 0.472284 0.957840
vt 0.589698 0.956502
vt 0.589698 0.960526
vt 0.472284 0.960526
vt 0.472284 0.956502
vt 0.589698 0.949792
vt 0.589698 0.953816
vt 0.472284 0.953816
vt 0.472284 0.949792
vt 0.589698 0.945768
vt 0.472284 0.945768
vt 0.457742 0.857245
vt 0.457742 0.853252
vt 0.575156 0.853252
vt 0.575156 0.857245
vt 0.454751 0.831523
vt 0.454751 0.827530
vt 0.572165 0.827530
vt 0.572165 0.831523
vt 0.572165 0.823536
vt 0.454751 0.823536
vt 0.444500 0.903143
vt 0.540133 0.903143
vt 0.540133 0.998776
vt 0.444500 0.998776
vt 0.454751 0.859539
vt 0.454751 0.855515
vt 0.572165 0.855515
vt 0.572165 0.859539
vt 0.589698 0.941744
vt 0.472284 0.941744
vt 0.572165 0.851491
vt 0.454751 0.851491
vt 0.589332 0.934668
vt 0.589332 0.938692
vt 0.471918 0.938692
vt 0.471918 0.934668
vt 0.469420 0.886173
vt 0.458054 0.886174
vt 0.591777 0.886173
vt 0.580411 0.886173
vt 0.446835 0.855485
vt 0.446836 0.840939
vt 0.588875 0.840939
vt 0.588875 0.855485
vt 0.462593 0.886509
vt 0.462594 0.874677
vt 0.578126 0.874677
vt 0.578126 0.886509
vt 0.450806 0.930287
vt 0.461600 0.930287
vt 0.566997 0.930287
vt 0.577791 0.930288
vt 0.450806 0.941080
vt 0.462593 0.874677
vt 0.462593 0.862846
vt 0.578124 0.862846
vt 0.458457 0.822743
vt 0.577097 0.822743
vt 0.460289 0.873472
vt 0.448543 0.873472
vt 0.448543 0.861726
vt 0.586731 0.861726
vt 0.586731 0.873471
vt 0.574985 0.873472
vt 0.451663 0.834933
vt 0.451660 0.821473
vt 0.583087 0.821473
vt 0.583088 0.834933
vt 0.448543 0.849980
vt 0.460289 0.849980
vt 0.574985 0.849980
vt 0.586731 0.849980
vt 0.582615 0.821632
vt 0.582614 0.835095
vt 0.451158 0.835095
vt 0.451157 0.821632
vt 0.579071 0.875915
vt 0.460169 0.875915
vt 0.583877 0.821383
vt 0.583878 0.834992
vt 0.450992 0.834992
vt 0.450991 0.821383
vt 0.576815 0.849621
vt 0.458770 0.861710
vt 0.458768 0.849621
vt 0.580996 0.943528
vt 0.571969 0.952554
vt 0.571969 0.943528
vt 0.458398 0.860406
vt 0.446277 0.860405
vt 0.588874 0.860405
vt 0.576753 0.860406
vt 0.573886 0.846371
vt 0.573887 0.837344
vt 0.582912 0.837344
vt 0.597994 0.998643
vt 0.594176 0.998643
vt 0.594176 0.870068
vt 0.597994 0.870068
vt 0.594176 0.869521
vt 0.597994 0.869521
vt 0.594176 0.869635
vt 0.597994 0.869635
s 0
usemtl Material
f 1513/616/920 1520/617/920 1549/617/920 1548/616/920
f 1510/618/921 1511/619/922 1543/619/921 1542/618/922
f 1530/620/923 1531/621/922 1563/621/921 1561/620/922
f 1514/622/921 1515/623/922 1544/623/921 1545/622/922
f 1509/624/921 1508/625/922 1540/625/921 1541/624/922
f 1531/621/920 1526/626/920 1560/626/920 1563/621/920
f 1600/627/924 1533/628/924 1602/629/924 1525/630/924
f 1520/631/925 1602/632/925 1533/633/925 1536/634/925 1588/635/925 1521/636/925
f 1595/637/921 1531/638/921 1530/639/921 1592/640/921
f 1596/641/922 1517/642/922 1516/643/922 1592/644/922 1537/645/922 1534/646/922
f 1590/647/921 1522/630/921 1591/648/921 1535/649/921
f 1589/650/921 1526/651/921 1588/652/921 1536/653/921
f 1603/654/924 1529/655/924 1601/656/924 1532/657/924
f 1593/658/921 1537/659/921 1592/654/921 1530/660/921
f 1594/661/921 1531/662/921 1595/663/921 1539/664/921
f 1594/665/925 1512/666/925 1521/667/925 1588/668/925
f 1529/669/924 1525/670/924 1602/671/924 1601/672/924
f 1528/673/924 1529/674/924 1603/675/924 1596/676/924
f 1598/677/926 1511/678/926 1510/679/926 1590/680/926 1535/681/926 1538/682/926
f 1530/683/921 1522/684/921 1590/685/921 1593/686/921
f 1525/687/924 1523/688/924 1599/689/924 1600/690/924
f 1523/684/924 1528/683/924 1597/691/924 1598/692/924
f 1519/693/921 1518/694/922 1546/694/921 1547/693/922
f 1517/695/923 1524/696/922 1553/696/921 1552/695/922
f 1528/697/920 1523/698/920 1562/698/920 1558/697/920
f 1508/625/920 1510/618/920 1542/618/920 1540/625/920
f 1520/617/921 1521/699/922 1550/699/921 1549/617/922
f 1525/700/920 1529/701/920 1556/701/920 1557/700/920
f 1518/694/923 1514/622/922 1545/622/921 1546/694/922
f 1516/702/921 1517/695/922 1552/695/921 1554/702/922
f 1511/619/920 1509/624/920 1541/624/920 1543/619/920
f 1512/703/921 1513/616/922 1548/616/921 1551/703/922
f 1529/701/921 1528/697/922 1558/697/923 1556/701/922
f 1515/623/921 1519/693/922 1547/693/923 1544/623/922
f 1524/696/921 1527/704/922 1555/704/921 1553/696/922
f 1521/699/920 1512/703/920 1551/703/920 1550/699/920
f 1526/626/921 1522/705/922 1559/705/923 1560/626/922
f 1527/704/921 1516/702/922 1554/702/923 1555/704/922
f 1522/705/920 1530/620/920 1561/620/920 1559/705/920
f 1523/698/923 1525/700/922 1557/700/921 1562/698/922
f 1564/706/921 1565/707/921 1566/708/921 1567/709/921
f 1563/710/927 1565/711/927 1564/712/927 1561/713/927
f 1560/714/926 1566/715/926 1565/716/926 1563/717/926
f 1559/718/922 1567/719/922 1566/720/922 1560/721/922
f 1561/719/925 1564/722/925 1567/723/925 1559/720/925
f 1568/724/927 1569/725/927 1570/726/927 1571/727/927
f 1546/728/925 1569/729/925 1568/730/925 1547/731/925
f 1545/732/924 1570/733/924 1569/734/924 1546/735/924
f 1544/736/926 1571/737/926 1570/738/926 1545/739/926
f 1547/740/921 1568/741/921 1571/742/921 1544/743/921
f 1572/744/925 1573/745/925 1574/746/925 1575/747/925
f 1550/748/922 1573/749/922 1572/750/922 1549/751/922
f 1551/752/924 1574/750/924 1573/749/924 1550/753/924
f 1548/754/927 1575/755/927 1574/756/927 1551/757/927
f 1549/757/921 1572/758/921 1575/759/921 1548/754/921
f 1576/706/924 1577/707/924 1578/708/924 1579/709/924
f 1558/760/927 1577/742/927 1576/741/927 1556/761/927
f 1562/762/925 1578/763/925 1577/764/925 1558/765/925
f 1557/766/922 1579/767/922 1578/768/922 1562/769/922
f 1556/770/926 1576/766/926 1579/769/926 1557/771/926
f 1580/744/926 1581/745/926 1582/746/926 1583/747/926
f 1540/772/927 1581/773/927 1580/774/927 1541/775/927
f 1542/776/924 1582/777/924 1581/778/924 1540/779/924
f 1543/780/922 1583/778/922 1582/777/922 1542/781/922
f 1541/780/921 1580/778/921 1583/777/921 1543/781/921
f 1584/782/922 1585/783/922 1586/784/922 1587/785/922
f 1555/786/926 1585/787/926 1584/788/926 1553/789/926
f 1554/790/924 1586/770/924 1585/771/924 1555/791/924
f 1552/792/925 1587/788/925 1586/787/925 1554/793/925
f 1553/794/921 1584/795/921 1587/796/921 1552/797/921
f 1519/798/927 1599/799/927 1538/682/927 1535/681/927 1591/800/927 1518/801/927
f 1588/802/921 1526/803/921 1531/804/921 1594/805/921
f 1589/806/927 1514/807/927 1518/808/927 1591/809/927
f 1600/810/927 1515/811/927 1514/812/927 1589/813/927 1536/634/927 1533/814/927
f 1591/815/921 1522/816/921 1526/817/921 1589/808/921
f 1592/640/922 1516/818/922 1527/819/922 1595/637/922
f 1524/820/922 1603/821/922 1532/822/922 1539/823/922 1595/824/922 1527/825/922
f 1590/826/926 1510/827/926 1508/828/926 1593/829/926
f 1601/830/925 1513/831/925 1512/832/925 1594/833/925 1539/823/925 1532/822/925
f 1597/834/926 1509/835/926 1511/836/926 1598/837/926
f 1599/838/927 1519/688/927 1515/687/927 1600/839/927
f 1602/840/925 1520/841/925 1513/842/925 1601/843/925
f 1603/844/922 1524/676/922 1517/845/922 1596/846/922
f 1598/847/924 1538/653/924 1599/848/924 1523/849/924
f 1509/850/926 1597/851/926 1534/646/926 1537/645/926 1593/852/926 1508/853/926
f 1597/661/924 1528/854/924 1596/855/924 1534/856/924
f 1604/857/921 1605/858/921 1606/859/921 1607/860/921
f 1607/861/927 1606/862/927 1610/857/927 1611/858/927
f 1605/861/922 1604/862/922 1608/857/922 1609/858/922
f 1609/857/924 1608/858/924 1611/859/924 1610/860/924
f 1612/857/926 1613/858/926 1614/863/926 1615/864/926
f 1615/857/927 1614/858/927 1618/861/927 1619/862/927
f 1613/857/922 1612/858/922 1616/861/922 1617/862/922
f 1617/863/925 1616/864/925 1619/857/925 1618/858/925
f 1620/857/921 1621/858/921 1622/859/921 1623/860/921
f 1623/861/926 1622/862/926 1626/857/926 1627/858/926
f 1621/861/925 1620/862/925 1624/857/925 1625/858/925
f 1625/857/924 1624/858/924 1627/859/924 1626/860/924
