# Blender 4.3.2
# www.blender.org
mtllib officeMiddle_2x3_2.mtl
o Cube.042
v 2.662531 -2.498000 2.260054
v 2.662531 -2.498000 -0.247547
v 4.174533 -2.498000 2.260054
v 4.174533 -2.498000 -0.247547
v 2.662531 -1.120891 -0.247547
v 4.174533 -1.120891 -0.247547
v 4.174533 -1.120891 2.260054
v 2.662531 -1.120891 2.260054
v 4.125138 -2.498000 -0.247547
v 2.711925 -2.498000 -0.247547
v 2.711925 -2.498000 2.260054
v 4.125138 -2.498000 2.260054
v 2.711925 -1.120891 -0.247547
v 4.125138 -1.120891 -0.247547
v 4.125138 -1.120891 2.260054
v 2.711925 -1.120891 2.260054
v 2.662531 -1.493986 -0.247547
v 4.174533 -1.493986 -0.247547
v 4.174533 -1.493986 2.260054
v 2.662531 -1.493986 2.260054
v 4.125138 -1.493986 2.260054
v 2.711925 -1.493986 2.260054
v 2.711925 -1.493986 -0.247547
v 4.125138 -1.493986 -0.247547
v -0.726475 -2.498000 2.260054
v -0.726475 -2.498000 -0.247547
v 0.785527 -2.498000 2.260054
v 0.785527 -2.498000 -0.247547
v -0.726475 -1.120891 -0.247547
v 0.785527 -1.120891 -0.247547
v 0.785527 -1.120891 2.260054
v -0.726475 -1.120891 2.260054
v 0.736132 -2.498000 -0.247547
v -0.677082 -2.498000 -0.247547
v -0.677081 -2.498000 2.260054
v 0.736132 -2.498000 2.260054
v -0.677081 -1.120891 -0.247547
v 0.736132 -1.120891 -0.247547
v 0.736132 -1.120891 2.260054
v -0.677082 -1.120891 2.260054
v -0.726475 -1.493986 -0.247547
v 0.785527 -1.493986 -0.247547
v 0.785527 -1.493986 2.260054
v -0.726475 -1.493986 2.260054
v 0.736132 -1.493986 2.260054
v -0.677082 -1.493986 2.260054
v -0.677082 -1.493986 -0.247547
v 0.736132 -1.493986 -0.247547
v -2.189082 -2.498000 2.260054
v -2.189082 -2.498000 -0.247547
v -2.189082 -1.120891 -0.247547
v -2.189082 -1.120891 2.260054
v -2.139688 -2.498000 -0.247547
v -2.139688 -2.498000 2.260054
v -2.139688 -1.120891 -0.247547
v -2.139688 -1.120891 2.260054
v -2.189082 -1.493986 -0.247547
v -2.189082 -1.493986 2.260054
v -2.139688 -1.493986 2.260054
v -2.139688 -1.493986 -0.247547
v 2.711925 -1.439268 2.260054
v 4.125138 -1.439268 2.260054
v -0.677079 -2.498000 2.364588
v -0.677079 -2.498000 4.872187
v -2.189082 -2.498000 2.364588
v -2.189082 -2.498000 4.872187
v -0.677079 -1.120891 4.872187
v -2.189082 -1.120891 4.872187
v -2.189082 -1.120891 2.364588
v -0.677079 -1.120891 2.364588
v -2.139687 -2.498000 4.872187
v -0.726473 -2.498000 4.872187
v -0.726473 -2.498000 2.364588
v -2.139687 -2.498000 2.364588
v -0.726473 -1.120891 4.872187
v -2.139687 -1.120891 4.872187
v -2.139687 -1.120891 2.364588
v -0.726473 -1.120891 2.364588
v -0.677079 -1.493986 4.872187
v -2.189082 -1.493986 4.872187
v -2.189082 -1.493986 2.364588
v -0.677079 -1.493986 2.364588
v -2.139686 -1.493986 2.364588
v -0.726473 -1.493986 2.364588
v -0.726474 -1.493986 4.872187
v -2.139686 -1.493986 4.872187
v 2.711927 -2.498000 2.364588
v 2.711927 -2.498000 4.872187
v 1.199925 -2.498000 2.364588
v 1.199925 -2.498000 4.872187
v 2.711927 -1.120891 4.872187
v 1.199925 -1.120891 4.872187
v 1.199925 -1.120891 2.364588
v 2.711927 -1.120891 2.364588
v 1.249320 -2.498000 4.872187
v 2.662534 -2.498000 4.872187
v 2.662534 -2.498000 2.364588
v 1.249320 -2.498000 2.364588
v 2.662533 -1.120891 4.872187
v 1.249320 -1.120891 4.872187
v 1.249320 -1.120891 2.364588
v 2.662534 -1.120891 2.364588
v 2.711927 -1.493986 4.872187
v 1.199925 -1.493986 4.872187
v 1.199925 -1.493986 2.364588
v 2.711927 -1.493986 2.364588
v 1.249320 -1.493986 2.364588
v 2.662534 -1.493986 2.364588
v 2.662533 -1.493986 4.872187
v 1.249320 -1.493986 4.872187
v 4.174533 -2.498000 4.872187
v 4.174533 -1.120891 4.872187
v 4.174533 -1.120891 2.364588
v 4.125140 -2.498000 4.872187
v 4.125140 -2.498000 2.364588
v 4.125140 -1.120891 4.872187
v 4.125140 -1.120891 2.364588
v 4.174533 -1.493986 4.872187
v 4.174533 -1.493986 2.364588
v 4.125140 -1.493986 2.364588
v 4.125140 -1.493986 4.872187
v -0.726474 -1.439268 4.872187
v -0.726473 -1.439268 2.364588
v -2.139686 -1.439268 4.872187
v -2.139686 -1.439268 2.364588
v 0.953631 -2.498000 2.270039
v 4.289432 -2.498000 2.270052
v 4.289432 -0.391380 2.270052
v 0.953631 -0.391380 2.270039
v 4.289432 -0.391380 2.364586
v 4.289432 -2.498000 2.364586
v 0.953631 -0.391380 2.364573
v 0.953631 -2.498000 2.364573
v -2.267270 -2.498000 2.364559
v -2.267270 -0.391380 2.364559
v -2.267270 -0.391380 2.270025
v -2.267270 -2.498000 2.270025
v 4.174533 -2.498000 4.872187
v 4.174533 -1.493986 4.872187
v 4.174533 -1.493986 2.364588
v 4.174533 -2.498000 2.364586
v 2.558400 -0.995699 4.898792
v 2.558400 -0.995699 2.364584
v 4.221602 -0.995699 4.898792
v 4.221602 -0.995699 2.364584
v 2.558400 -1.120891 4.898792
v 2.558400 -1.120891 2.364584
v 4.221602 -1.120891 2.364584
v 4.221602 -1.120891 4.898792
v 0.410247 -1.120891 4.898792
v 0.410247 -0.995699 4.898792
v 0.410247 -0.995699 2.364584
v 0.410247 -1.120891 2.364584
v -2.219446 -1.120891 2.364584
v -2.219446 -0.995699 2.364584
v -2.219446 -0.995699 4.898792
v -2.219446 -1.120891 4.898792
v -0.526543 -0.995699 -0.269901
v -0.526543 -0.995699 2.264307
v -2.189745 -0.995699 -0.269901
v -2.189745 -0.995699 2.264307
v -0.526543 -1.120891 -0.269901
v -0.526543 -1.120891 2.264307
v -2.189745 -1.120891 2.264307
v -2.189745 -1.120891 -0.269901
v 1.621610 -1.120891 -0.269901
v 1.621610 -0.995699 -0.269901
v 1.621610 -0.995699 2.264307
v 1.621610 -1.120891 2.264307
v 4.251303 -1.120891 2.264307
v 4.251303 -0.995699 2.264307
v 4.251303 -0.995699 -0.269901
v 4.251303 -1.120891 -0.269901
v 11.773968 -0.995699 3.581636
v 9.550865 -0.995699 3.363251
v 10.963250 -0.995699 4.548069
v 10.361584 -0.995699 2.396820
v 11.773968 -0.876786 3.581636
v 10.963250 -0.876786 4.548069
v 9.550865 -0.876786 3.363251
v 10.361584 -0.876786 2.396820
v 11.773965 -0.704653 3.581638
v 11.204113 -0.765120 4.260942
v 9.791729 -0.765120 3.076126
v 10.361582 -0.704653 2.396822
v 11.773965 -0.416439 3.581638
v 11.314579 -0.416439 4.129259
v 9.902195 -0.416439 2.944443
v 10.361582 -0.416439 2.396822
v 11.409564 -0.416439 3.394043
v 11.069636 -0.416439 3.799261
v 10.024529 -0.416439 2.922543
v 10.364456 -0.416439 2.517326
v 11.409564 -0.396741 3.394043
v 11.069636 -0.396741 3.799261
v 10.024529 -0.396741 2.922543
v 10.364456 -0.396741 2.517326
v 11.084562 -0.241727 3.781467
v 10.039454 -0.241727 2.904751
v 11.413848 -0.374995 3.388937
v 10.368741 -0.374995 2.512220
v 11.088846 -0.219980 3.776361
v 10.043739 -0.219980 2.899643
v 10.401837 -0.129449 2.472765
v 11.446944 -0.129449 3.349483
v 10.415812 -0.136115 2.456108
v 11.460918 -0.136115 3.332825
v 11.399875 -0.368329 3.405594
v 10.354767 -0.368329 2.528877
v 10.440937 -0.845433 3.981365
v 9.890705 -0.845433 3.519787
v 10.550813 -0.794359 3.850384
v 10.000581 -0.794359 3.388807
v 10.143325 -0.826102 3.662483
v 9.980243 -0.826102 3.525679
v 10.182783 -0.809494 3.615448
v 10.019701 -0.809494 3.478642
v 10.934102 -0.642362 3.960827
v 9.888994 -0.642362 3.084110
v 10.963556 -0.549390 3.925714
v 9.918449 -0.549390 3.048998
v 8.695245 -0.840937 3.780756
v 8.694944 0.108670 3.721273
v 7.669095 -0.840937 3.785942
v 7.668795 0.108670 3.726460
v 8.547523 -0.161063 3.699034
v 8.547665 -0.569715 3.727036
v 7.823466 -0.569715 3.730694
v 7.823325 -0.161063 3.702694
v 8.631890 0.028877 3.612484
v 8.632144 -0.772433 3.662600
v 7.730999 -0.772433 3.667154
v 7.730745 0.028877 3.617039
v 8.655659 -1.003049 2.559956
v 8.653700 -0.956143 2.531393
v 8.676668 -0.952906 2.557129
v 8.653435 -0.022784 2.478827
v 8.655372 0.032770 2.501734
v 8.676403 -0.017140 2.504425
v 7.696340 -1.003049 2.564802
v 7.675303 -0.952906 2.562189
v 7.696985 -0.956143 2.536230
v 7.696039 0.032770 2.506582
v 7.696720 -0.022784 2.483662
v 7.675037 -0.017140 2.509485
v 8.726871 0.168778 3.711540
v 8.724003 0.140645 3.719326
v 8.747906 0.118871 3.714258
v 8.727213 -1.002311 3.777617
v 8.748210 -0.952168 3.774580
v 8.724319 -0.978464 3.782354
v 7.640038 -0.978464 3.787834
v 7.616070 -0.952168 3.780302
v 7.637096 -1.002311 3.783125
v 7.636770 0.168778 3.717049
v 7.615766 0.118871 3.719980
v 7.639718 0.140645 3.724806
v 8.674179 -0.941230 3.782900
v 8.674174 -0.866633 3.781963
v 8.418022 -0.866633 3.783258
v 8.418026 -0.941231 3.784204
v 7.237593 -0.995699 4.106197
v 7.240155 -0.995699 4.613033
v 8.784245 -0.995699 4.098383
v 8.786805 -0.995699 4.605217
v 7.237593 -0.901306 4.106197
v 7.240155 -0.939063 4.613033
v 8.784245 -0.901306 4.098383
v 8.786805 -0.939063 4.605217
v 9.017282 -0.998199 4.525209
v 9.034008 -0.998199 4.555216
v 9.192442 -0.998199 4.554415
v 9.208866 -0.998199 4.524240
v 9.032446 -0.998199 4.245886
v 9.016023 -0.998199 4.276039
v 9.207606 -0.998199 4.275070
v 9.190880 -0.998199 4.245087
v 9.208866 -0.938828 4.524240
v 9.192442 -0.948828 4.554415
v 9.192290 -0.918199 4.524332
v 9.207606 -0.903828 4.275070
v 9.191031 -0.893199 4.275164
v 9.190880 -0.903828 4.245087
v 9.016023 -0.903828 4.276039
v 9.032446 -0.903828 4.245886
v 9.032598 -0.893199 4.275965
v 9.017282 -0.938828 4.525209
v 9.033857 -0.918199 4.525133
v 9.034008 -0.948828 4.555216
v 9.191472 -0.908199 4.362373
v 9.208048 -0.918828 4.362282
v 9.033039 -0.908199 4.363173
v 9.016464 -0.918828 4.363249
v 9.016464 -0.998199 4.363249
v 9.208048 -0.998199 4.362282
v 9.191339 -0.893199 4.336210
v 9.016332 -0.903828 4.337088
v 9.016332 -0.998199 4.337088
v 9.207915 -0.998199 4.336119
v 9.207915 -0.903828 4.336119
v 9.032907 -0.893199 4.337011
v 9.102144 -0.975897 4.245535
v 9.121181 -0.975897 4.245438
v 9.121181 -0.956923 4.245438
v 9.102144 -0.956923 4.245535
v 9.125277 -0.966410 4.245417
v 9.098048 -0.966410 4.245556
v 9.111663 -0.979979 4.245485
v 9.111663 -0.952841 4.245485
v 9.104710 -0.973258 4.228981
v 9.118449 -0.973258 4.228912
v 9.118449 -0.959562 4.228912
v 9.104710 -0.959562 4.228981
v 9.121405 -0.966410 4.228895
v 9.101753 -0.966410 4.228996
v 9.111579 -0.976204 4.228947
v 9.111579 -0.956616 4.228947
v 8.758147 -0.951700 4.028130
v 8.766421 -0.951995 4.016680
v 8.766421 -0.938300 4.016680
v 8.758147 -0.938004 4.028130
v 8.768057 -0.945283 4.013987
v 8.756419 -0.944763 4.030674
v 8.762497 -0.954689 4.022745
v 8.762497 -0.935101 4.022745
v 8.988527 -0.963282 4.031820
v 8.986428 -0.956382 4.033995
v 8.976479 -0.956258 4.043690
v 8.974316 -0.963093 4.045727
v 8.981459 -0.953371 4.038855
v 8.976479 -0.969953 4.043690
v 8.981459 -0.972958 4.038855
v 8.986428 -0.970077 4.033995
v 9.090639 -0.966381 4.100044
v 9.075734 -0.959449 4.107189
v 9.088003 -0.973212 4.101313
v 9.088003 -0.959517 4.101313
v 9.073105 -0.966278 4.108459
v 9.081861 -0.956539 4.104246
v 9.075734 -0.973144 4.107189
v 9.081861 -0.976127 4.104246
v 8.449141 -0.943410 4.104412
v 8.471263 -0.944086 4.104300
v 8.471263 -0.925111 4.104300
v 8.449141 -0.924435 4.104412
v 8.477427 -0.935052 4.104269
v 8.444319 -0.933763 4.104437
v 8.459772 -0.947736 4.104359
v 8.459772 -0.920597 4.104359
v 8.444056 -0.939093 4.087898
v 8.461867 -0.939986 4.087807
v 8.461867 -0.926291 4.087807
v 8.444056 -0.925398 4.087898
v 8.466205 -0.933441 4.087786
v 8.440250 -0.932060 4.087917
v 8.452920 -0.942477 4.087851
v 8.452920 -0.922889 4.087851
v 8.435970 -0.906316 3.496111
v 8.449471 -0.906316 3.498674
v 8.449471 -0.892621 3.498674
v 8.435970 -0.892621 3.496111
v 8.452374 -0.899469 3.499226
v 8.433065 -0.899469 3.495562
v 8.442720 -0.909263 3.497393
v 8.442720 -0.889675 3.497393
v 8.469870 -0.899469 3.804317
v 8.467379 -0.892621 3.805910
v 8.455801 -0.892621 3.813309
v 8.453310 -0.899469 3.814901
v 8.461590 -0.889675 3.809610
v 8.455801 -0.906316 3.813309
v 8.461590 -0.909263 3.809610
v 8.467379 -0.906316 3.805910
v 8.461742 -0.918872 3.935522
v 8.458769 -0.925578 3.937351
v 8.458368 -0.911752 3.937632
v 8.452168 -0.908674 3.941599
v 8.452168 -0.928262 3.941599
v 8.463163 -0.901645 3.883514
v 8.447172 -0.900356 3.882584
v 8.459492 -0.896060 3.883633
v 8.445796 -0.907218 3.881294
v 8.449409 -0.912624 3.880867
v 8.461882 -0.908801 3.882734
v 8.452845 -0.895636 3.883228
v 8.456114 -0.913226 3.881580
v 8.570091 -0.927943 4.023180
v 8.575583 -0.927660 4.011461
v 8.575583 -0.913965 4.011461
v 8.570091 -0.914248 4.023180
v 8.576712 -0.920795 4.008785
v 8.568767 -0.921272 4.025280
v 8.572897 -0.930699 4.017494
v 8.572897 -0.911112 4.017494
v 8.446369 -0.925316 3.945280
v 8.457968 -0.925316 3.937912
v 8.446369 -0.911620 3.945280
v 8.460463 -0.918468 3.936327
v 8.443874 -0.918468 3.946863
v 9.176495 -0.840937 0.811859
v 9.176495 0.108670 0.871344
v 10.202658 -0.840937 0.811859
v 10.202658 0.108670 0.871344
v 9.323801 -0.161063 0.894327
v 9.323801 -0.569715 0.866327
v 10.048009 -0.569715 0.866327
v 10.048009 -0.161063 0.894327
v 9.238998 0.028877 0.980450
v 9.238998 -0.772433 0.930334
v 10.140154 -0.772433 0.930334
v 10.140154 0.028877 0.980450
v 9.209910 -1.003049 2.032845
v 9.211725 -0.956143 2.061415
v 9.188887 -0.952906 2.035564
v 9.211725 -0.022784 2.113983
v 9.209904 0.032770 2.091066
v 9.188887 -0.017140 2.088268
v 10.169242 -1.003049 2.032845
v 10.190265 -0.952906 2.035564
v 10.168452 -0.956143 2.061415
v 10.169249 0.032770 2.091066
v 10.168452 -0.022784 2.113983
v 10.190265 -0.017140 2.088268
v 9.144518 0.168778 0.880915
v 9.147427 0.140645 0.873144
v 9.123499 0.118871 0.878090
v 9.144510 -1.002311 0.814838
v 9.123499 -0.952168 0.817766
v 9.147428 -0.978464 0.810114
v 10.231724 -0.978464 0.810114
v 10.255652 -0.952168 0.817766
v 10.234641 -1.002311 0.814838
v 10.234634 0.168778 0.880915
v 10.255652 0.118871 0.878090
v 10.231725 0.140645 0.873144
v 9.197571 -0.941230 0.809824
v 9.197571 -0.866633 0.810759
v 9.453727 -0.866633 0.810759
v 9.453727 -0.941231 0.809813
v 10.635772 -0.995699 0.493788
v 10.635772 -0.995699 -0.013054
v 9.089102 -0.995699 0.493788
v 9.089102 -0.995699 -0.013054
v 10.635772 -0.901306 0.493788
v 10.635772 -0.939063 -0.013054
v 9.089102 -0.901306 0.493788
v 9.089102 -0.939063 -0.013054
v 8.858223 -0.998199 0.065788
v 8.841648 -0.998199 0.035698
v 8.683212 -0.998199 0.035698
v 8.666637 -0.998199 0.065788
v 8.841648 -0.998199 0.345032
v 8.858223 -0.998199 0.314960
v 8.666637 -0.998199 0.314960
v 8.683212 -0.998199 0.345032
v 8.666637 -0.938828 0.065788
v 8.683212 -0.948828 0.035698
v 8.683212 -0.918199 0.065781
v 8.666637 -0.903828 0.314960
v 8.683212 -0.893199 0.314955
v 8.683212 -0.903828 0.345032
v 8.858223 -0.903828 0.314960
v 8.841648 -0.903828 0.345032
v 8.841648 -0.893199 0.314955
v 8.858223 -0.938828 0.065788
v 8.841648 -0.918199 0.065781
v 8.841648 -0.948828 0.035698
v 8.683212 -0.908199 0.227743
v 8.666637 -0.918828 0.227751
v 8.841648 -0.908199 0.227743
v 8.858223 -0.918828 0.227751
v 8.858223 -0.998199 0.227751
v 8.666637 -0.998199 0.227751
v 8.683212 -0.893199 0.253906
v 8.858223 -0.903828 0.253914
v 8.858223 -0.998199 0.253914
v 8.666637 -0.998199 0.253914
v 8.666637 -0.903828 0.253914
v 8.841648 -0.893199 0.253906
v 8.771950 -0.975897 0.345032
v 8.752912 -0.975897 0.345032
v 8.752912 -0.956923 0.345032
v 8.771950 -0.956923 0.345032
v 8.748816 -0.966410 0.345032
v 8.776045 -0.966410 0.345032
v 8.762430 -0.979979 0.345032
v 8.762430 -0.952841 0.345032
v 8.769300 -0.973258 0.361572
v 8.755560 -0.973258 0.361572
v 8.755560 -0.959562 0.361572
v 8.769300 -0.959562 0.361572
v 8.752604 -0.966410 0.361572
v 8.772257 -0.966410 0.361572
v 8.762430 -0.976204 0.361572
v 8.762430 -0.956616 0.361572
v 9.114843 -0.951700 0.564173
v 9.106510 -0.951995 0.575579
v 9.106510 -0.938300 0.575579
v 9.114843 -0.938004 0.564173
v 9.104862 -0.945283 0.578264
v 9.116585 -0.944763 0.561636
v 9.110465 -0.954689 0.569534
v 9.110465 -0.935101 0.569534
v 8.884484 -0.963282 0.559317
v 8.886595 -0.956382 0.557154
v 8.896593 -0.956258 0.547506
v 8.898766 -0.963093 0.545483
v 8.891588 -0.953371 0.552320
v 8.896593 -0.969953 0.547506
v 8.891588 -0.972958 0.552320
v 8.886595 -0.970077 0.557154
v 8.782719 -0.966381 0.490576
v 8.797659 -0.959449 0.483509
v 8.785360 -0.973212 0.489325
v 8.785360 -0.959517 0.489325
v 8.800295 -0.966278 0.482250
v 8.791517 -0.956539 0.486420
v 8.797659 -0.973144 0.483509
v 8.791517 -0.976127 0.486420
v 9.424232 -0.943410 0.489452
v 9.402109 -0.944086 0.489452
v 9.402109 -0.925111 0.489452
v 9.424232 -0.924435 0.489452
v 9.395945 -0.935052 0.489452
v 9.429053 -0.933763 0.489452
v 9.413599 -0.947736 0.489452
v 9.413599 -0.920597 0.489452
v 9.429233 -0.939093 0.505993
v 9.411421 -0.939986 0.505993
v 9.411421 -0.926291 0.505993
v 9.429233 -0.925398 0.505993
v 9.407083 -0.933441 0.505993
v 9.433039 -0.932060 0.505993
v 9.420368 -0.942477 0.505993
v 9.420368 -0.922889 0.505993
v 9.434327 -0.906316 1.097811
v 9.420841 -0.906316 1.095179
v 9.420841 -0.892621 1.095179
v 9.434327 -0.892621 1.097811
v 9.417940 -0.899469 1.094616
v 9.437228 -0.899469 1.098377
v 9.427584 -0.909263 1.096497
v 9.427584 -0.889675 1.096497
v 9.401986 -0.899469 0.789436
v 9.404485 -0.892621 0.787859
v 9.416101 -0.892621 0.780518
v 9.418598 -0.899469 0.778938
v 9.410293 -0.889675 0.784187
v 9.416101 -0.906316 0.780518
v 9.410293 -0.909263 0.784187
v 9.404485 -0.906316 0.787859
v 9.410776 -0.918872 0.658276
v 9.413759 -0.925578 0.656462
v 9.414162 -0.911752 0.656183
v 9.420382 -0.908674 0.652248
v 9.420382 -0.928262 0.652248
v 9.409093 -0.901645 0.710276
v 9.425078 -0.900356 0.711287
v 9.412766 -0.896060 0.710176
v 9.426449 -0.907218 0.712584
v 9.422832 -0.912624 0.712994
v 9.410370 -0.908801 0.711061
v 9.419409 -0.895636 0.710613
v 9.416132 -0.913226 0.712246
v 9.302872 -0.927943 0.570072
v 9.297319 -0.927660 0.581760
v 9.297319 -0.913965 0.581760
v 9.302872 -0.914248 0.570072
v 9.296179 -0.920795 0.584433
v 9.304207 -0.921272 0.567976
v 9.300037 -0.930699 0.575743
v 9.300037 -0.911112 0.575743
v 9.426199 -0.925316 0.648596
v 9.414564 -0.925316 0.655905
v 9.426199 -0.911620 0.648596
v 9.412060 -0.918468 0.657476
v 9.428701 -0.918468 0.647024
v 8.005898 -0.947456 0.784151
v 8.004545 0.108670 0.843620
v 9.031796 -0.947456 0.807468
v 9.030443 0.108670 0.866936
v 8.106996 -0.161063 0.868938
v 8.107632 -0.658208 0.840946
v 8.920246 -0.658208 0.859415
v 8.919609 -0.161063 0.887407
v 8.026484 0.028878 0.953253
v 8.027622 -0.860926 0.903151
v 9.004688 -0.860926 0.925356
v 9.003550 0.028878 0.975460
v 8.011562 -1.003049 2.005581
v 8.012728 -0.956143 2.034185
v 7.990482 -0.952906 2.007822
v 8.011533 -0.022784 2.086740
v 8.010233 0.032770 2.063787
v 7.989284 -0.017140 2.060514
v 8.970646 -1.003049 2.027380
v 8.991602 -0.952906 2.030577
v 8.969207 -0.956143 2.055923
v 8.969330 0.032770 2.085587
v 8.968012 -0.022784 2.108479
v 8.990404 -0.017140 2.083267
v 7.972360 0.168778 0.852463
v 7.975445 0.140645 0.844759
v 7.951411 0.118871 0.849161
v 7.973854 -1.002311 0.786404
v 7.952781 -0.952168 0.788855
v 7.976878 -0.978464 0.781746
v 9.060894 -0.978464 0.806383
v 9.084642 -0.952168 0.814579
v 9.063704 -1.002311 0.811172
v 9.062195 0.168778 0.877232
v 9.083273 0.118871 0.874886
v 9.059464 0.140645 0.869398
v 10.662532 -2.498000 2.260048
v 10.662532 -2.498000 -0.247551
v 12.174533 -2.498000 2.260048
v 12.174533 -2.498000 -0.247551
v 10.662532 -1.120891 -0.247551
v 12.174533 -1.120891 -0.247551
v 12.174533 -1.120891 2.260048
v 10.662532 -1.120891 2.260048
v 12.125138 -2.498000 -0.247551
v 10.711925 -2.498000 -0.247551
v 10.711925 -2.498000 2.260048
v 12.125138 -2.498000 2.260048
v 10.711925 -1.120891 -0.247551
v 12.125138 -1.120891 -0.247551
v 12.125138 -1.120891 2.260048
v 10.711925 -1.120891 2.260048
v 10.662532 -1.493986 -0.247551
v 12.174533 -1.493986 -0.247551
v 12.174533 -1.493986 2.260048
v 10.662532 -1.493986 2.260048
v 12.125138 -1.493986 2.260048
v 10.711925 -1.493986 2.260048
v 10.711925 -1.493986 -0.247551
v 12.125138 -1.493986 -0.247551
v 7.273525 -2.498000 2.260048
v 7.273525 -2.498000 -0.247551
v 8.785527 -2.498000 2.260048
v 8.785527 -2.498000 -0.247551
v 7.273525 -1.120891 -0.247551
v 8.785527 -1.120891 -0.247551
v 8.785527 -1.120891 2.260048
v 7.273525 -1.120891 2.260048
v 8.736132 -2.498000 -0.247551
v 7.322918 -2.498000 -0.247551
v 7.322919 -2.498000 2.260048
v 8.736132 -2.498000 2.260048
v 7.322919 -1.120891 -0.247551
v 8.736132 -1.120891 -0.247551
v 8.736132 -1.120891 2.260048
v 7.322918 -1.120891 2.260048
v 7.273525 -1.493986 -0.247551
v 8.785527 -1.493986 -0.247551
v 8.785527 -1.493986 2.260048
v 7.273525 -1.493986 2.260048
v 8.736132 -1.493986 2.260048
v 7.322919 -1.493986 2.260048
v 7.322919 -1.493986 -0.247551
v 8.736132 -1.493986 -0.247551
v 5.810919 -2.498000 2.260048
v 5.810919 -2.498000 -0.247551
v 5.810919 -1.120891 -0.247551
v 5.810919 -1.120891 2.260048
v 5.860312 -2.498000 -0.247551
v 5.860312 -2.498000 2.260048
v 5.860312 -1.120891 -0.247551
v 5.860312 -1.120891 2.260048
v 5.810919 -1.493986 -0.247551
v 5.810919 -1.493986 2.260048
v 5.860312 -1.493986 2.260048
v 5.860312 -1.493986 -0.247551
v 7.322919 -1.439268 -0.247551
v 7.322919 -1.439268 2.260048
v 8.736132 -1.439268 -0.247551
v 8.736132 -1.439268 2.260048
v 7.322921 -2.498000 2.364582
v 7.322921 -2.498000 4.872183
v 5.810919 -2.498000 2.364582
v 5.810919 -2.498000 4.872183
v 7.322921 -1.120891 4.872183
v 5.810919 -1.120891 4.872183
v 5.810919 -1.120891 2.364582
v 7.322921 -1.120891 2.364582
v 5.860313 -2.498000 4.872183
v 7.273527 -2.498000 4.872183
v 7.273527 -2.498000 2.364582
v 5.860313 -2.498000 2.364582
v 7.273527 -1.120891 4.872183
v 5.860313 -1.120891 4.872183
v 5.860313 -1.120891 2.364582
v 7.273528 -1.120891 2.364582
v 7.322921 -1.493986 4.872183
v 5.810919 -1.493986 4.872183
v 5.810919 -1.493986 2.364582
v 7.322921 -1.493986 2.364582
v 5.860314 -1.493986 2.364582
v 7.273528 -1.493986 2.364582
v 7.273526 -1.493986 4.872183
v 5.860314 -1.493986 4.872183
v 10.711927 -2.498000 2.364582
v 10.711927 -2.498000 4.872183
v 9.199925 -2.498000 2.364582
v 9.199925 -2.498000 4.872183
v 10.711927 -1.120891 4.872183
v 9.199925 -1.120891 4.872183
v 9.199925 -1.120891 2.364582
v 10.711927 -1.120891 2.364582
v 9.249320 -2.498000 4.872183
v 10.662534 -2.498000 4.872183
v 10.662534 -2.498000 2.364582
v 9.249320 -2.498000 2.364582
v 10.662533 -1.120891 4.872183
v 9.249320 -1.120891 4.872183
v 9.249320 -1.120891 2.364582
v 10.662534 -1.120891 2.364582
v 10.711927 -1.493986 4.872183
v 9.199925 -1.493986 4.872183
v 9.199925 -1.493986 2.364582
v 10.711927 -1.493986 2.364582
v 9.249320 -1.493986 2.364582
v 10.662534 -1.493986 2.364582
v 10.662533 -1.493986 4.872183
v 9.249320 -1.493986 4.872183
v 12.174533 -2.498000 4.872183
v 12.174533 -1.120891 4.872183
v 12.174533 -1.120891 2.364582
v 12.125140 -2.498000 4.872183
v 12.125140 -2.498000 2.364582
v 12.125140 -1.120891 4.872183
v 12.125140 -1.120891 2.364582
v 12.174533 -1.493986 4.872183
v 12.174533 -1.493986 2.364582
v 12.125140 -1.493986 2.364582
v 12.125140 -1.493986 4.872183
v 10.662533 -1.439268 4.872183
v 10.662534 -1.439268 2.364582
v 9.249320 -1.439268 4.872183
v 9.249320 -1.439268 2.364582
v 8.953632 -2.498000 2.270033
v 12.289432 -2.498000 2.270048
v 12.289432 -0.391380 2.270048
v 8.953632 -0.391380 2.270033
v 12.289432 -0.391380 2.364580
v 12.289432 -2.498000 2.364580
v 8.953632 -0.391380 2.364569
v 8.953632 -2.498000 2.364569
v 5.732730 -2.498000 2.364553
v 5.732730 -0.391380 2.364553
v 5.732730 -0.391380 2.270021
v 5.732730 -2.498000 2.270021
v 12.174533 -2.498000 4.872183
v 12.174533 -1.493986 4.872183
v 12.174533 -1.493986 2.364582
v 12.174533 -2.498000 2.364580
v 10.558400 -0.995699 4.898787
v 10.558400 -0.995699 2.364580
v 12.221602 -0.995699 4.898787
v 12.221602 -0.995699 2.364580
v 10.558400 -1.120891 4.898787
v 10.558400 -1.120891 2.364580
v 12.221602 -1.120891 2.364580
v 12.221602 -1.120891 4.898787
v 8.410247 -1.120891 4.898787
v 8.410247 -0.995699 4.898787
v 8.410247 -0.995699 2.364580
v 8.410247 -1.120891 2.364580
v 5.780554 -1.120891 2.364580
v 5.780554 -0.995699 2.364580
v 5.780554 -0.995699 4.898787
v 5.780554 -1.120891 4.898787
v 7.473457 -0.995699 -0.269905
v 7.473457 -0.995699 2.264301
v 5.810255 -0.995699 -0.269905
v 5.810254 -0.995699 2.264301
v 7.473457 -1.120891 -0.269905
v 7.473457 -1.120891 2.264301
v 5.810254 -1.120891 2.264301
v 5.810255 -1.120891 -0.269905
v 9.621610 -1.120891 -0.269905
v 9.621610 -0.995699 -0.269905
v 9.621610 -0.995699 2.264301
v 9.621610 -1.120891 2.264301
v 12.251303 -1.120891 2.264301
v 12.251303 -0.995699 2.264301
v 12.251303 -0.995699 -0.269905
v 12.251303 -1.120891 -0.269905
v -1.952822 -0.995699 0.754141
v 0.242586 -0.995699 1.166523
v -1.060524 -0.995699 -0.137520
v -0.649713 -0.995699 2.058184
v -1.952822 -0.876786 0.754141
v -1.060524 -0.876786 -0.137520
v 0.242586 -0.876786 1.166523
v -0.649713 -0.876786 2.058184
v -1.952819 -0.704653 0.754139
v -1.325625 -0.765120 0.127392
v -0.022515 -0.765120 1.431435
v -0.649710 -0.704653 2.058182
v -1.952819 -0.416439 0.754139
v -1.447206 -0.416439 0.248886
v -0.144097 -0.416439 1.552929
v -0.649710 -0.416439 2.058182
v -1.606262 -0.416439 0.972950
v -1.232128 -0.416439 0.599083
v -0.267879 -0.416439 1.564022
v -0.642013 -0.416439 1.937889
v -1.606262 -0.396741 0.972950
v -1.232128 -0.396741 0.599083
v -0.267879 -0.396741 1.564022
v -0.642013 -0.396741 1.937889
v -1.248556 -0.241727 0.615499
v -0.284307 -0.241727 1.580439
v -1.610977 -0.374995 0.977661
v -0.646728 -0.374995 1.942600
v -1.253271 -0.219980 0.620211
v -0.289022 -0.219980 1.585150
v -0.683156 -0.129449 1.979002
v -1.647404 -0.129449 1.014063
v -0.698535 -0.136115 1.994370
v -1.662784 -0.136115 1.029430
v -1.595597 -0.368329 0.962292
v -0.631349 -0.368329 1.927231
v -0.589888 -0.845433 0.472780
v -0.082227 -0.845433 0.980806
v -0.710821 -0.794359 0.593626
v -0.203159 -0.794359 1.101652
v -0.321368 -0.826102 0.816517
v -0.170904 -0.826102 0.967091
v -0.364797 -0.809494 0.859915
v -0.214333 -0.809494 1.010489
v -1.082955 -0.642362 0.450018
v -0.118706 -0.642362 1.414957
v -1.115374 -0.549390 0.482412
v -0.151125 -0.549390 1.447351
v 0.695244 -0.840937 3.780756
v 0.694944 0.108670 3.721273
v -0.330905 -0.840937 3.785942
v -0.331206 0.108670 3.726460
v 0.547523 -0.161063 3.699034
v 0.547664 -0.569715 3.727036
v -0.176534 -0.569715 3.730694
v -0.176675 -0.161063 3.702694
v 0.631890 0.028877 3.612484
v 0.632143 -0.772433 3.662600
v -0.269002 -0.772433 3.667154
v -0.269255 0.028877 3.617039
v 0.655659 -1.003049 2.559956
v 0.653700 -0.956143 2.531393
v 0.676668 -0.952906 2.557129
v 0.653434 -0.022784 2.478827
v 0.655372 0.032770 2.501734
v 0.676403 -0.017140 2.504425
v -0.303660 -1.003049 2.564802
v -0.324697 -0.952906 2.562189
v -0.303015 -0.956143 2.536230
v -0.303961 0.032770 2.506582
v -0.303281 -0.022784 2.483662
v -0.324963 -0.017140 2.509485
v 0.726872 0.168778 3.711540
v 0.724002 0.140645 3.719326
v 0.747905 0.118871 3.714258
v 0.727213 -1.002311 3.777617
v 0.748209 -0.952168 3.774580
v 0.724319 -0.978464 3.782354
v -0.359963 -0.978464 3.787834
v -0.383930 -0.952168 3.780302
v -0.362903 -1.002311 3.783125
v -0.363231 0.168778 3.717049
v -0.384235 0.118871 3.719980
v -0.360282 0.140645 3.724806
v 0.674178 -0.941230 3.782900
v 0.674174 -0.866633 3.781963
v 0.418021 -0.866633 3.783258
v 0.418026 -0.941231 3.784204
v -0.762407 -0.995699 4.106197
v -0.759846 -0.995699 4.613033
v 0.784244 -0.995699 4.098383
v 0.786805 -0.995699 4.605217
v -0.762407 -0.901306 4.106197
v -0.759846 -0.939063 4.613033
v 0.784244 -0.901306 4.098383
v 0.786805 -0.939063 4.605217
v 1.017282 -0.998199 4.525209
v 1.034009 -0.998199 4.555216
v 1.192442 -0.998199 4.554415
v 1.208865 -0.998199 4.524240
v 1.032446 -0.998199 4.245886
v 1.016023 -0.998199 4.276039
v 1.207606 -0.998199 4.275070
v 1.190879 -0.998199 4.245087
v 1.208865 -0.938828 4.524240
v 1.192442 -0.948828 4.554415
v 1.192290 -0.918199 4.524332
v 1.207606 -0.903828 4.275070
v 1.191031 -0.893199 4.275164
v 1.190879 -0.903828 4.245087
v 1.016023 -0.903828 4.276039
v 1.032446 -0.903828 4.245886
v 1.032597 -0.893199 4.275965
v 1.017282 -0.938828 4.525209
v 1.033857 -0.918199 4.525133
v 1.034009 -0.948828 4.555216
v 1.191472 -0.908199 4.362373
v 1.208047 -0.918828 4.362282
v 1.033038 -0.908199 4.363173
v 1.016463 -0.918828 4.363249
v 1.016463 -0.998199 4.363249
v 1.208047 -0.998199 4.362282
v 1.191339 -0.893199 4.336210
v 1.016331 -0.903828 4.337088
v 1.016331 -0.998199 4.337088
v 1.207915 -0.998199 4.336119
v 1.207915 -0.903828 4.336119
v 1.032906 -0.893199 4.337011
v 1.102144 -0.975897 4.245535
v 1.121181 -0.975897 4.245438
v 1.121181 -0.956923 4.245438
v 1.102144 -0.956923 4.245535
v 1.125276 -0.966410 4.245417
v 1.098048 -0.966410 4.245556
v 1.111662 -0.979979 4.245485
v 1.111662 -0.952841 4.245485
v 1.104709 -0.973258 4.228981
v 1.118449 -0.973258 4.228912
v 1.118449 -0.959562 4.228912
v 1.104709 -0.959562 4.228981
v 1.121405 -0.966410 4.228895
v 1.101753 -0.966410 4.228996
v 1.111579 -0.976204 4.228947
v 1.111579 -0.956616 4.228947
v 0.758147 -0.951700 4.028130
v 0.766421 -0.951995 4.016680
v 0.766421 -0.938300 4.016680
v 0.758147 -0.938004 4.028130
v 0.768057 -0.945283 4.013987
v 0.756419 -0.944763 4.030674
v 0.762497 -0.954689 4.022745
v 0.762497 -0.935101 4.022745
v 0.988527 -0.963282 4.031820
v 0.986428 -0.956382 4.033995
v 0.976479 -0.956258 4.043690
v 0.974315 -0.963093 4.045727
v 0.981458 -0.953371 4.038855
v 0.976479 -0.969953 4.043690
v 0.981458 -0.972958 4.038855
v 0.986428 -0.970077 4.033995
v 1.090639 -0.966381 4.100044
v 1.075734 -0.959449 4.107189
v 1.088003 -0.973212 4.101313
v 1.088003 -0.959517 4.101313
v 1.073104 -0.966278 4.108459
v 1.081861 -0.956539 4.104246
v 1.075734 -0.973144 4.107189
v 1.081861 -0.976127 4.104246
v 0.449140 -0.943410 4.104412
v 0.471263 -0.944086 4.104300
v 0.471263 -0.925111 4.104300
v 0.449140 -0.924435 4.104412
v 0.477427 -0.935052 4.104269
v 0.444318 -0.933763 4.104437
v 0.459772 -0.947736 4.104359
v 0.459772 -0.920597 4.104359
v 0.444055 -0.939093 4.087898
v 0.461867 -0.939986 4.087807
v 0.461867 -0.926291 4.087807
v 0.444055 -0.925398 4.087898
v 0.466205 -0.933441 4.087786
v 0.440250 -0.932060 4.087917
v 0.452919 -0.942477 4.087851
v 0.452919 -0.922889 4.087851
v 0.435970 -0.906316 3.496111
v 0.449470 -0.906316 3.498674
v 0.449470 -0.892621 3.498674
v 0.435970 -0.892621 3.496111
v 0.452373 -0.899469 3.499226
v 0.433066 -0.899469 3.495562
v 0.442720 -0.909263 3.497393
v 0.442720 -0.889675 3.497393
v 0.469869 -0.899469 3.804317
v 0.467378 -0.892621 3.805910
v 0.455800 -0.892621 3.813309
v 0.453310 -0.899469 3.814901
v 0.461589 -0.889675 3.809610
v 0.455800 -0.906316 3.813309
v 0.461589 -0.909263 3.809610
v 0.467378 -0.906316 3.805910
v 0.461742 -0.918872 3.935522
v 0.458768 -0.925578 3.937351
v 0.458367 -0.911752 3.937632
v 0.452168 -0.908674 3.941599
v 0.452168 -0.928262 3.941599
v 0.463162 -0.901645 3.883514
v 0.447172 -0.900356 3.882584
v 0.459491 -0.896060 3.883633
v 0.445796 -0.907218 3.881294
v 0.449409 -0.912624 3.880867
v 0.461881 -0.908801 3.882734
v 0.452844 -0.895636 3.883228
v 0.456114 -0.913226 3.881580
v 0.570091 -0.927943 4.023180
v 0.575583 -0.927660 4.011461
v 0.575583 -0.913965 4.011461
v 0.570091 -0.914248 4.023180
v 0.576711 -0.920795 4.008785
v 0.568766 -0.921272 4.025280
v 0.572896 -0.930699 4.017494
v 0.572896 -0.911112 4.017494
v 0.446368 -0.925316 3.945280
v 0.457967 -0.925316 3.937912
v 0.446368 -0.911620 3.945280
v 0.460462 -0.918468 3.936327
v 0.443874 -0.918468 3.946863
v 2.431087 -0.840937 1.171431
v 2.456226 0.108670 1.225342
v 3.361107 -0.840937 0.737757
v 3.386245 0.108670 0.791668
v 2.599445 -0.161063 1.183916
v 2.587611 -0.569715 1.158541
v 3.243966 -0.569715 0.852478
v 3.255799 -0.161063 0.877855
v 2.558984 0.028877 1.297810
v 2.537804 -0.772433 1.252390
v 3.354529 -0.772433 0.871546
v 3.375709 0.028877 0.916965
v 2.977383 -1.003049 2.263897
v 2.991102 -0.956143 2.289024
v 2.959479 -0.952906 2.275248
v 3.013318 -0.022784 2.336668
v 3.001982 0.032770 2.316668
v 2.981752 -0.017140 2.323015
v 3.846833 -1.003049 1.858469
v 3.867035 -0.952906 1.852047
v 3.858191 -0.956143 1.884693
v 3.871444 0.032770 1.911230
v 3.880407 -0.022784 1.932339
v 3.889309 -0.017140 1.899815
v 2.431290 0.168778 1.247530
v 2.430643 0.140645 1.239258
v 2.411048 0.118871 1.253855
v 2.403359 -1.002311 1.187647
v 2.385554 -0.952168 1.199183
v 2.404006 -0.978464 1.182133
v 3.386712 -0.978464 0.723888
v 3.411634 -0.952168 0.720713
v 3.391353 -1.002311 0.726938
v 3.419271 0.168778 0.786827
v 3.437128 0.118871 0.775385
v 3.413351 0.140645 0.781013
v 2.449329 -0.941230 1.160677
v 2.449724 -0.866633 1.161526
v 2.681880 -0.866633 1.053270
v 2.681480 -0.941231 1.052410
v 3.619219 -0.995699 0.266443
v 3.405019 -0.995699 -0.192911
v 2.217459 -0.995699 0.920094
v 2.003259 -0.995699 0.460741
v 3.619219 -0.901306 0.266443
v 3.405019 -0.939063 -0.192911
v 2.217459 -0.901306 0.920094
v 2.003259 -0.939063 0.460741
v 1.827332 -0.998199 0.629768
v 1.799593 -0.998199 0.609501
v 1.656002 -0.998199 0.676458
v 1.653697 -0.998199 0.710735
v 1.930323 -0.998199 0.889853
v 1.932637 -0.998199 0.855597
v 1.759001 -0.998199 0.936563
v 1.786732 -0.998199 0.956812
v 1.653697 -0.938828 0.710735
v 1.656002 -0.948828 0.676458
v 1.668716 -0.918199 0.703724
v 1.759001 -0.903828 0.936563
v 1.774021 -0.893199 0.929552
v 1.786732 -0.903828 0.956812
v 1.932637 -0.903828 0.855597
v 1.930323 -0.903828 0.889853
v 1.917612 -0.893199 0.862595
v 1.827332 -0.938828 0.629768
v 1.812307 -0.918199 0.636766
v 1.799593 -0.948828 0.609501
v 1.737164 -0.908199 0.850512
v 1.722145 -0.918828 0.857525
v 1.880755 -0.908199 0.783554
v 1.895781 -0.918828 0.776556
v 1.895781 -0.998199 0.776556
v 1.722145 -0.998199 0.857525
v 1.748221 -0.893199 0.874224
v 1.906838 -0.903828 0.800268
v 1.906838 -0.998199 0.800268
v 1.733202 -0.998199 0.881235
v 1.733202 -0.903828 0.881235
v 1.891812 -0.893199 0.807266
v 1.867154 -0.975897 0.919308
v 1.849901 -0.975897 0.927355
v 1.849901 -0.956923 0.927355
v 1.867154 -0.956923 0.919308
v 1.846189 -0.966410 0.929085
v 1.870866 -0.966410 0.917578
v 1.858528 -0.979979 0.923332
v 1.858528 -0.952841 0.923332
v 1.871744 -0.973258 0.935419
v 1.859291 -0.973258 0.941227
v 1.859291 -0.959562 0.941227
v 1.871744 -0.959562 0.935419
v 1.856612 -0.966410 0.942474
v 1.874423 -0.966410 0.934170
v 1.865518 -0.976204 0.938322
v 1.865518 -0.956616 0.938322
v 2.270535 -0.951700 0.973005
v 2.267804 -0.951995 0.986864
v 2.267804 -0.938300 0.986864
v 2.270535 -0.938004 0.973005
v 2.267444 -0.945283 0.989996
v 2.271041 -0.944763 0.969971
v 2.268833 -0.954689 0.979715
v 2.268833 -0.935101 0.979715
v 2.059706 -0.963282 1.065958
v 2.060705 -0.956382 1.063107
v 2.065690 -0.956258 1.050138
v 2.066804 -0.963093 1.047384
v 2.063189 -0.953371 1.056614
v 2.065690 -0.969953 1.050138
v 2.063189 -0.972958 1.056614
v 2.060705 -0.970077 1.063107
v 1.938425 -0.966381 1.046667
v 1.948979 -0.959449 1.033945
v 1.940290 -0.973212 1.044415
v 1.940290 -0.959517 1.044415
v 1.950836 -0.966278 1.031693
v 1.944643 -0.956539 1.039183
v 1.948979 -0.973144 1.033945
v 1.944643 -0.976127 1.039183
v 2.519357 -0.943410 0.774532
v 2.499308 -0.944086 0.783882
v 2.499308 -0.925111 0.783882
v 2.519357 -0.924435 0.774532
v 2.493721 -0.935052 0.786486
v 2.523728 -0.933763 0.772495
v 2.509722 -0.947736 0.779024
v 2.509722 -0.920597 0.779024
v 2.530880 -0.939093 0.787409
v 2.514738 -0.939986 0.794937
v 2.514738 -0.926291 0.794937
v 2.530880 -0.925398 0.787409
v 2.510806 -0.933441 0.796770
v 2.534330 -0.932060 0.785801
v 2.522847 -0.942477 0.791155
v 2.522847 -0.922889 0.791155
v 2.785611 -0.906316 1.321627
v 2.772277 -0.906316 1.324942
v 2.772277 -0.892621 1.324942
v 2.785611 -0.892621 1.321627
v 2.769408 -0.899469 1.325655
v 2.788480 -0.899469 1.320913
v 2.778944 -0.909263 1.323284
v 2.778944 -0.889675 1.323284
v 2.625976 -0.899469 1.055813
v 2.627573 -0.892621 1.053324
v 2.634998 -0.892621 1.041763
v 2.636595 -0.899469 1.039276
v 2.631285 -0.889675 1.047544
v 2.634998 -0.906316 1.041763
v 2.631285 -0.909263 1.047544
v 2.627573 -0.906316 1.053324
v 2.578511 -0.918872 0.933226
v 2.580448 -0.925578 0.930321
v 2.580695 -0.911752 0.929899
v 2.584669 -0.908674 0.923702
v 2.584669 -0.928262 0.923702
v 2.598962 -0.901645 0.981064
v 2.613877 -0.900356 0.975225
v 2.602248 -0.896060 0.979424
v 2.615666 -0.907218 0.975821
v 2.612563 -0.912624 0.977720
v 2.600452 -0.908801 0.981239
v 2.608454 -0.895636 0.977011
v 2.606174 -0.913226 0.979876
v 2.443440 -0.927943 0.898888
v 2.443349 -0.927660 0.911827
v 2.443349 -0.913965 0.911827
v 2.443440 -0.914248 0.898888
v 2.443443 -0.920795 0.914732
v 2.443765 -0.921272 0.896425
v 2.443268 -0.930699 0.905224
v 2.443268 -0.911112 0.905224
v 2.588398 -0.925316 0.917934
v 2.580942 -0.925316 0.929476
v 2.588398 -0.911620 0.917934
v 2.579338 -0.918468 0.931959
v 2.590002 -0.918468 0.915451
v 1.923031 -0.947456 3.930075
v 1.932327 0.108670 3.871323
v 0.909476 -0.947456 3.769711
v 0.918772 0.108670 3.710958
v 1.834185 -0.161063 3.832525
v 1.829810 -0.658208 3.860182
v 1.026973 -0.658208 3.733158
v 1.031349 -0.161063 3.705502
v 1.925255 0.028878 3.759739
v 1.917423 -0.860926 3.809240
v 0.952113 -0.860926 3.656509
v 0.959945 0.028878 3.607010
v 2.080836 -1.003049 2.718868
v 2.083508 -0.956143 2.690367
v 2.102026 -0.952906 2.719469
v 2.091723 -0.022784 2.638445
v 2.089942 0.032770 2.661364
v 2.110263 -0.017140 2.667412
v 1.133291 -1.003049 2.568951
v 1.112951 -0.952906 2.562977
v 1.138536 -0.956143 2.540854
v 1.142383 0.032770 2.511440
v 1.146751 -0.022784 2.488932
v 1.121188 -0.017140 2.510921
v 1.965406 0.168778 3.866867
v 1.961319 0.140645 3.874086
v 1.985726 0.118871 3.872940
v 1.955087 -1.002311 3.932131
v 1.976299 -0.952168 3.932522
v 1.951468 -0.978464 3.936342
v 0.880494 -0.978464 3.766893
v 0.858055 -0.952168 3.755594
v 0.878351 -1.002311 3.761770
v 0.888684 0.168778 3.696507
v 0.867482 0.118871 3.696011
v 0.890343 0.140645 3.704636
v -0.516633 -0.947456 3.758739
v -0.535705 0.108670 3.702396
v -1.488621 -0.947456 4.087749
v -1.507693 0.108670 4.031406
v -0.640635 -0.161063 3.713648
v -0.631657 -0.658208 3.740171
v -1.401569 -0.658208 4.000780
v -1.410547 -0.161063 3.974258
v -0.593820 0.028878 3.606878
v -0.577752 -0.860926 3.654350
v -1.503474 -0.860926 3.967701
v -1.519542 0.028878 3.920229
v -0.939761 -1.003049 2.612926
v -0.950640 -0.956143 2.586449
v -0.920720 -0.952906 2.603609
v -0.967495 -0.022784 2.536654
v -0.958421 0.032770 2.557775
v -0.937617 -0.017140 2.553688
v -1.848446 -1.003049 2.920509
v -1.869231 -0.952906 2.924675
v -1.856858 -0.956143 2.893196
v -1.867120 0.032770 2.865364
v -1.873713 -0.022784 2.843401
v -1.886129 -0.017140 2.874754
v -0.508485 0.168778 3.683077
v -0.508749 0.140645 3.691370
v -0.487671 0.118871 3.679012
v -0.487293 -1.002311 3.745665
v -0.468329 -0.952168 3.736153
v -0.488541 -0.978464 3.751074
v -1.515594 -0.978464 4.098724
v -1.540713 -0.952168 4.099146
v -1.519871 -1.002311 4.095184
v -1.541050 0.168778 4.032593
v -1.560055 0.118871 4.042007
v -1.535804 0.140645 4.039021
vn -1.0000 -0.0000 -0.0000
vn -0.0000 -0.0000 -1.0000
vn 1.0000 -0.0000 -0.0000
vn -0.0000 -0.0000 1.0000
vn -0.0000 1.0000 -0.0000
vn -0.0000 -1.0000 -0.0000
vn -0.7661 -0.0000 -0.6427
vn 0.6427 -0.0000 -0.7661
vn -0.6427 -0.0000 0.7661
vn 0.7661 -0.0000 0.6427
vn -0.1835 0.9584 0.2188
vn -0.5765 0.4421 0.6872
vn -0.6145 0.2931 0.7325
vn 0.1884 0.9561 -0.2245
vn 0.6145 -0.2930 -0.7325
vn -0.1884 -0.9561 0.2245
vn 0.1884 0.9561 -0.2246
vn 0.6145 -0.2931 -0.7325
vn -0.1840 0.9582 0.2193
vn -0.1678 0.9653 0.2001
vn -0.3087 -0.2901 -0.9058
vn -0.3110 0.1484 -0.9387
vn 0.2973 0.1464 -0.9435
vn 0.2954 -0.2877 -0.9110
vn 0.0025 0.8657 0.5006
vn 0.0693 0.0578 0.9959
vn 0.0748 0.0426 0.9963
vn 0.1898 -0.0992 0.9768
vn 0.1771 0.1783 0.9679
vn -0.2432 0.8879 0.3904
vn 0.2460 0.8895 0.3851
vn 0.2571 0.8334 -0.4893
vn -0.2607 0.8351 -0.4845
vn 0.8984 -0.1977 -0.3921
vn 0.8889 0.1668 -0.4267
vn 0.6845 0.1595 0.7114
vn 0.6857 -0.0698 0.7246
vn -0.6766 -0.0692 0.7331
vn -0.6755 0.1590 0.7200
vn -0.8988 0.1689 -0.4045
vn -0.9080 -0.1982 -0.3692
vn -0.0594 0.0578 0.9966
vn -0.1680 0.1784 0.9695
vn -0.0648 0.0426 0.9970
vn -0.1807 -0.0993 0.9785
vn 0.2732 -0.0664 0.9597
vn 0.2703 0.1912 0.9436
vn -0.2506 0.1897 0.9493
vn -0.2532 -0.0645 0.9653
vn 0.0030 -0.8072 0.5903
vn -0.8743 0.0301 0.4845
vn 0.8791 0.0301 0.4756
vn 0.0869 -0.2680 0.9595
vn 0.0867 0.3816 0.9203
vn -0.0770 -0.2653 0.9611
vn -0.0772 0.3791 0.9221
vn 0.2453 -0.8878 -0.3895
vn -0.2480 -0.8893 -0.3843
vn 0.2587 -0.8482 0.4623
vn -0.2553 -0.8464 0.4673
vn 0.0051 0.0126 0.9999
vn -0.2880 -0.8029 -0.5219
vn 0.2843 -0.8005 -0.5276
vn 0.2880 -0.8029 0.5219
vn -0.2843 -0.8005 0.5276
vn 0.0004 0.9972 0.0743
vn 0.5091 -0.0000 0.8607
vn -0.5003 -0.0000 0.8658
vn -0.4560 -0.0000 -0.8900
vn 0.4470 -0.0000 -0.8946
vn 0.2308 -0.7946 0.5616
vn 0.3206 0.3614 0.8756
vn -0.3132 0.3604 0.8786
vn -0.2267 -0.7923 0.5664
vn 0.3362 -0.9418 -0.0017
vn 0.8948 0.4300 0.1205
vn 0.8615 0.4049 0.3064
vn 0.3579 -0.9290 0.0944
vn -0.2307 -0.7946 -0.5616
vn -0.2733 0.6308 -0.7262
vn 0.2676 0.6289 -0.7300
vn 0.2267 -0.7923 -0.5664
vn 0.2453 0.9221 0.2992
vn -0.2423 0.9223 0.3011
vn -0.2164 0.9142 0.3428
vn 0.2190 0.9149 0.3391
vn -0.3576 -0.9287 0.0984
vn -0.3362 -0.9418 0.0017
vn 0.7954 0.5667 -0.2150
vn 0.1895 0.9694 -0.1559
vn -0.7975 0.5670 -0.2062
vn -0.1908 0.9696 -0.1533
vn -0.8580 0.4049 0.3159
vn 0.1864 0.9570 0.2224
vn 0.7361 0.6456 0.2035
vn -0.8934 0.4303 0.1293
vn 0.3576 -0.9287 -0.0985
vn -0.3579 -0.9290 -0.0945
vn -0.7335 0.6458 0.2120
vn -0.1846 0.9566 0.2253
vn 0.5755 -0.7874 -0.2209
vn 0.6300 -0.7539 -0.1864
vn 0.9732 -0.0003 -0.2301
vn 0.9736 -0.0000 -0.2281
vn -0.0020 -0.9749 -0.2226
vn 0.0093 -0.9923 -0.1233
vn 0.6315 0.7526 -0.1865
vn 0.5755 0.7874 -0.2209
vn -0.5787 0.7867 -0.2152
vn -0.6323 0.7739 -0.0338
vn -1.0000 0.0001 0.0068
vn -0.9759 -0.0000 -0.2183
vn 0.0103 0.9924 -0.1229
vn -0.0020 0.9749 -0.2226
vn -0.6339 -0.7726 -0.0344
vn -0.5786 -0.7867 -0.2151
vn 0.2924 -0.0266 -0.9559
vn 0.0514 -0.0141 -0.9986
vn 0.1087 0.7088 -0.6970
vn 0.2475 0.6875 -0.6827
vn -0.1540 0.7291 0.6669
vn 0.0334 0.6518 0.7576
vn -0.0510 -0.0176 0.9985
vn -0.2850 -0.0228 0.9583
vn 0.1030 0.9935 0.0492
vn 0.0765 0.9961 -0.0440
vn -0.1129 -0.7257 0.6787
vn -0.2318 -0.7692 0.5955
vn -0.1008 -0.9941 -0.0411
vn -0.0201 -0.9939 -0.1083
vn 0.1781 -0.7105 -0.6807
vn -0.0322 -0.6955 -0.7178
vn 0.0415 -0.9989 -0.0211
vn 0.4901 -0.7697 -0.4091
vn 0.7760 -0.0105 -0.6306
vn -0.4865 -0.7970 0.3579
vn -0.7841 -0.0072 0.6206
vn 0.0594 0.9982 0.0033
vn -0.4736 0.7940 0.3811
vn 0.5167 0.7568 -0.4003
vn -0.4261 0.7866 0.4468
vn -0.8234 0.0653 0.5637
vn -0.9439 0.0154 0.3300
vn -0.4901 0.8213 0.2919
vn -0.0011 0.9554 0.2953
vn 0.0564 0.9793 0.1943
vn -0.5314 -0.7665 0.3608
vn -0.5872 -0.7922 0.1662
vn 0.5071 -0.8568 -0.0936
vn 0.9736 0.0403 -0.2246
vn 0.9942 -0.0144 -0.1062
vn 0.5743 -0.8134 -0.0921
vn -0.0424 -0.9889 0.1421
vn -0.0002 -0.9999 0.0150
vn 0.5214 0.8508 0.0648
vn 0.6353 0.7712 0.0400
vn -0.9925 0.1219 0.0002
vn -0.7247 -0.6889 -0.0133
vn -0.6225 -0.7818 0.0365
vn -0.9983 -0.0000 0.0577
vn 0.4804 -0.8761 -0.0416
vn 0.9848 -0.1732 0.0165
vn 0.9980 -0.0000 -0.0628
vn 0.6742 -0.7373 -0.0421
vn -0.0649 -0.9967 -0.0490
vn 0.0701 -0.9975 -0.0047
vn 0.7925 0.6075 0.0540
vn 0.6742 0.7373 -0.0421
vn 0.0681 0.9972 0.0295
vn 0.0701 0.9975 -0.0047
vn -0.5709 0.8208 0.0196
vn -0.6225 0.7818 0.0365
vn 0.1962 0.9687 0.1518
vn -0.3628 0.9224 0.1324
vn -0.9554 0.2950 -0.0098
vn 0.8990 0.4205 0.1225
vn 0.9402 -0.3403 0.0142
vn -0.1390 -0.9773 -0.1601
vn 0.3835 -0.9175 -0.1058
vn -0.8658 -0.4812 -0.1375
vn -0.7722 -0.6245 -0.1168
vn -0.9791 0.1969 0.0506
vn 0.9986 -0.0497 0.0161
vn 0.4820 -0.8726 -0.0786
vn -0.1857 -0.9785 -0.0900
vn 0.5978 0.7971 0.0850
vn 0.0870 0.9854 0.1464
vn -0.3693 0.9099 0.1887
vn 0.5848 -0.7964 -0.1541
vn 0.9799 -0.1993 -0.0131
vn -0.0333 -0.9728 -0.2292
vn 0.8781 0.4621 0.1236
vn 0.0215 0.9912 0.1308
vn -0.1380 0.6921 0.7085
vn -0.2492 0.0327 0.9679
vn -0.2311 -0.6738 0.7019
vn -0.1074 -0.9931 0.0473
vn 0.1247 -0.7446 -0.6557
vn 0.2719 0.0377 -0.9616
vn 0.2282 0.7941 -0.5633
vn -0.5322 0.0058 0.8466
vn -0.3628 -0.7508 0.5519
vn 0.0072 -0.9990 -0.0446
vn 0.3540 -0.7261 -0.5894
vn 0.5301 -0.0051 -0.8479
vn 0.3681 0.7396 -0.5635
vn -0.3438 0.7452 0.5714
vn 0.0232 0.9997 -0.0049
vn 0.3048 -0.2899 0.9072
vn 0.3069 0.1483 0.9401
vn -0.3014 0.1465 0.9422
vn -0.2993 -0.2879 0.9097
vn -0.0000 0.8657 -0.5006
vn -0.0644 0.0578 -0.9962
vn -0.0698 0.0426 -0.9967
vn -0.1853 -0.0992 -0.9777
vn -0.1726 0.1784 -0.9687
vn 0.2446 0.8887 -0.3878
vn -0.2446 0.8887 -0.3877
vn -0.2590 0.8341 0.4871
vn 0.2588 0.8343 0.4867
vn -0.9005 -0.1978 0.3871
vn -0.8912 0.1668 0.4217
vn -0.6800 0.1592 -0.7158
vn -0.6811 -0.0695 -0.7289
vn 0.6811 -0.0694 -0.7289
vn 0.6800 0.1592 -0.7158
vn 0.8965 0.1689 0.4095
vn 0.9059 -0.1981 0.3742
vn 0.0644 0.0578 -0.9963
vn 0.1725 0.1784 -0.9687
vn 0.0698 0.0426 -0.9967
vn 0.1853 -0.0992 -0.9777
vn -0.2690 -0.0662 -0.9609
vn -0.2662 0.1910 -0.9448
vn 0.2548 0.1899 -0.9482
vn 0.2575 -0.0648 -0.9641
vn -0.0000 -0.8072 -0.5903
vn 0.8767 0.0301 -0.4801
vn -0.8767 0.0301 -0.4801
vn -0.0820 -0.2681 -0.9599
vn -0.0820 0.3816 -0.9207
vn 0.0819 -0.2653 -0.9607
vn 0.0819 0.3790 -0.9217
vn -0.2468 -0.8884 0.3871
vn 0.2466 -0.8886 0.3867
vn -0.2570 -0.8473 -0.4648
vn 0.2570 -0.8473 -0.4648
vn -0.0000 0.0126 -0.9999
vn 0.2862 -0.8017 0.5248
vn -0.2862 -0.8017 0.5248
vn -0.2862 -0.8017 -0.5248
vn 0.2862 -0.8017 -0.5248
vn -0.0000 0.9972 -0.0743
vn -0.5047 -0.0000 -0.8633
vn 0.5047 -0.0000 -0.8633
vn 0.4515 -0.0000 0.8923
vn -0.4515 -0.0000 0.8923
vn -0.2288 -0.7934 -0.5640
vn -0.3169 0.3609 -0.8771
vn 0.3169 0.3609 -0.8771
vn 0.2287 -0.7934 -0.5640
vn -0.3362 -0.9418 -0.0000
vn -0.8941 0.4301 -0.1249
vn -0.8598 0.4049 -0.3111
vn -0.3578 -0.9288 -0.0964
vn 0.2287 -0.7934 0.5640
vn 0.2705 0.6298 0.7281
vn -0.2705 0.6298 0.7281
vn -0.2287 -0.7934 0.5640
vn -0.2438 0.9222 -0.3001
vn 0.2438 0.9222 -0.3001
vn 0.2177 0.9145 -0.3410
vn -0.2177 0.9145 -0.3410
vn 0.3578 -0.9288 -0.0964
vn 0.3362 -0.9418 -0.0000
vn -0.7965 0.5668 0.2106
vn -0.1902 0.9695 0.1546
vn 0.7965 0.5668 0.2106
vn 0.1902 0.9695 0.1546
vn 0.8598 0.4049 -0.3111
vn -0.1855 0.9568 -0.2239
vn -0.7348 0.6457 -0.2077
vn 0.8941 0.4301 -0.1249
vn -0.3578 -0.9288 0.0965
vn 0.3578 -0.9288 0.0965
vn 0.7348 0.6457 -0.2077
vn 0.1855 0.9568 -0.2239
vn -0.5770 -0.7871 0.2180
vn -0.6309 -0.7539 0.1834
vn -0.9743 -0.0003 0.2252
vn -0.9748 -0.0000 0.2233
vn -0.0000 -0.9749 0.2225
vn -0.0097 -0.9923 0.1234
vn -0.6324 0.7526 0.1834
vn -0.5770 0.7871 0.2180
vn 0.5770 0.7871 0.2180
vn 0.6321 0.7740 0.0369
vn 1.0000 0.0001 -0.0017
vn 0.9748 -0.0000 0.2232
vn -0.0107 0.9923 0.1230
vn -0.0000 0.9749 0.2225
vn 0.6337 -0.7727 0.0375
vn 0.5770 -0.7871 0.2180
vn -0.2969 -0.0266 0.9545
vn -0.0564 -0.0143 0.9983
vn -0.1122 0.7088 0.6964
vn -0.2507 0.6879 0.6811
vn 0.1573 0.7290 -0.6662
vn -0.0296 0.6520 -0.7576
vn 0.0561 -0.0175 -0.9983
vn 0.2896 -0.0228 -0.9569
vn -0.1028 0.9934 -0.0501
vn -0.0767 0.9961 0.0428
vn 0.1163 -0.7257 -0.6781
vn 0.2347 -0.7691 -0.5945
vn 0.1005 -0.9940 0.0420
vn 0.0197 -0.9940 0.1079
vn -0.1811 -0.7109 0.6795
vn 0.0287 -0.6956 0.7178
vn -0.0412 -0.9989 0.0208
vn -0.4921 -0.7699 0.4062
vn -0.7796 -0.0105 0.6262
vn 0.4884 -0.7970 -0.3553
vn 0.7874 -0.0072 -0.6163
vn -0.0591 0.9982 -0.0036
vn 0.4756 0.7940 -0.3786
vn -0.5187 0.7571 0.3972
vn -0.4287 -0.7863 0.4448
vn -0.4916 -0.8213 0.2895
vn -0.9455 -0.0154 0.3252
vn -0.8263 -0.0651 0.5595
vn -0.0032 -0.9553 0.2955
vn 0.0556 -0.9794 0.1943
vn -0.5880 0.7922 0.1633
vn -0.5335 0.7662 0.3583
vn 0.5070 0.8572 -0.0908
vn 0.5748 0.8134 -0.0893
vn 0.9948 0.0143 -0.1010
vn 0.9747 -0.0403 -0.2197
vn -0.0003 0.9999 0.0148
vn -0.0440 0.9889 0.1422
vn 0.6350 -0.7713 0.0432
vn 0.5207 -0.8511 0.0677
vn -0.9925 -0.1220 -0.0049
vn -0.9986 -0.0000 0.0527
vn -0.6223 0.7821 0.0333
vn -0.7248 0.6887 -0.0171
vn 0.4807 0.8760 -0.0392
vn 0.6749 0.7369 -0.0387
vn 0.9983 -0.0000 -0.0578
vn 0.9847 0.1731 0.0215
vn 0.0713 0.9974 -0.0044
vn -0.0648 0.9967 -0.0493
vn 0.6749 -0.7369 -0.0387
vn 0.7921 -0.6077 0.0579
vn 0.0713 -0.9974 -0.0044
vn 0.0680 -0.9972 0.0299
vn -0.5709 -0.8208 0.0167
vn -0.6223 -0.7821 0.0333
vn 0.1955 -0.9688 0.1525
vn -0.3634 -0.9224 0.1307
vn -0.9554 -0.2949 -0.0146
vn 0.8983 -0.4205 0.1270
vn 0.9402 0.3402 0.0190
vn -0.1385 0.9772 -0.1610
vn 0.3842 0.9174 -0.1036
vn -0.8650 0.4813 -0.1419
vn -0.9794 -0.1966 0.0456
vn -0.7715 0.6247 -0.1207
vn 0.4827 0.8725 -0.0761
vn 0.9985 0.0497 0.0212
vn -0.1848 0.9786 -0.0910
vn 0.5975 -0.7970 0.0880
vn 0.0866 -0.9854 0.1469
vn -0.3704 -0.9099 0.1867
vn 0.5850 0.7968 -0.1513
vn 0.9799 0.1993 -0.0082
vn -0.0329 0.9728 -0.2295
vn 0.8772 -0.4626 0.1282
vn -0.0208 0.9912 -0.1305
vn 0.1410 0.6925 -0.7075
vn 0.2536 0.0328 -0.9668
vn 0.2344 -0.6742 -0.7004
vn 0.1077 -0.9931 -0.0459
vn -0.1279 -0.7445 0.6553
vn -0.2765 0.0377 0.9603
vn -0.2310 0.7941 0.5622
vn 0.5365 0.0058 -0.8439
vn 0.3655 -0.7511 -0.5498
vn -0.0075 -0.9990 0.0446
vn -0.3569 -0.7263 0.5875
vn -0.5344 -0.0052 0.8452
vn -0.3708 0.7398 0.5614
vn 0.3466 0.7453 -0.5695
vn -0.0232 0.9997 0.0048
vn 0.2871 -0.2890 0.9133
vn 0.2885 0.1475 0.9460
vn -0.3200 0.1473 0.9359
vn -0.3172 -0.2888 0.9033
vn 0.0134 0.8075 -0.5897
vn 0.0227 0.0562 -0.9982
vn -0.1637 -0.0882 -0.9826
vn -0.1463 0.1784 -0.9730
vn 0.2507 0.8922 -0.3756
vn -0.2383 0.8852 -0.3996
vn -0.2672 0.8374 0.4768
vn 0.2505 0.8310 0.4966
vn -0.9098 -0.1981 0.3646
vn -0.9015 0.1669 0.3993
vn -0.6598 0.1582 -0.7346
vn -0.6607 -0.0681 -0.7475
vn 0.7013 -0.0709 -0.7093
vn 0.7000 0.1603 -0.6960
vn 0.8861 0.1689 0.4317
vn 0.8965 -0.1978 0.3965
vn 0.1873 0.1781 -0.9660
vn 0.2046 -0.0877 -0.9749
vn -0.2606 -0.0730 -0.9627
vn -0.2577 0.1849 -0.9484
vn 0.2830 0.1859 -0.9409
vn 0.2865 -0.0731 -0.9553
vn 0.0134 -0.8072 -0.5902
vn 0.9821 0.0118 -0.1879
vn -0.9726 0.0118 -0.2323
vn -0.0591 -0.2715 -0.9606
vn -0.0616 0.3830 -0.9217
vn 0.1031 -0.2686 -0.9577
vn 0.1042 0.3800 -0.9191
vn -0.2531 -0.8912 0.3764
vn 0.2400 -0.8858 0.3971
vn -0.2493 -0.8434 -0.4759
vn 0.2646 -0.8512 -0.4533
vn 0.7069 -0.0000 0.7074
vn -0.7074 -0.0000 0.7069
vn 0.7074 -0.0000 -0.7069
vn -0.7069 -0.0000 -0.7074
vn 0.2020 0.9584 -0.2018
vn 0.6345 0.4421 -0.6340
vn 0.6763 0.2931 -0.6758
vn -0.2073 0.9561 0.2072
vn -0.7069 0.0001 -0.7074
vn -0.6763 -0.2931 0.6758
vn 0.2073 -0.9561 -0.2072
vn 0.7068 -0.0000 0.7074
vn 0.2025 0.9582 -0.2023
vn 0.1847 0.9653 -0.1846
vn 0.6345 0.4422 -0.6340
vn 0.2571 0.8333 -0.4893
vn 0.8984 -0.1978 -0.3921
vn -0.3132 0.3604 0.8787
vn -0.8580 0.4050 0.3159
vn 0.1864 0.9570 0.2225
vn -0.7335 0.6458 0.2119
vn -0.1846 0.9566 0.2254
vn 0.6300 -0.7539 -0.1865
vn 0.9736 -0.0000 -0.2282
vn -0.5787 0.7867 -0.2151
vn -0.6324 0.7739 -0.0338
vn -0.5787 -0.7867 -0.2151
vn 0.2924 -0.0265 -0.9559
vn -0.1541 0.7290 0.6669
vn 0.0334 0.6519 0.7576
vn -0.2849 -0.0228 0.9583
vn -0.0202 -0.9939 -0.1083
vn 0.1781 -0.7105 -0.6808
vn -0.0323 -0.6955 -0.7178
vn 0.4261 -0.7866 -0.4469
vn 0.4901 -0.8213 -0.2919
vn 0.9439 -0.0154 -0.3300
vn 0.8234 -0.0653 -0.5637
vn 0.0010 -0.9554 -0.2953
vn -0.0564 -0.9793 -0.1943
vn 0.5872 0.7922 -0.1662
vn 0.5314 0.7665 -0.3608
vn -0.5071 0.8568 0.0936
vn -0.5744 0.8134 0.0921
vn -0.9942 0.0144 0.1062
vn -0.9736 -0.0403 0.2246
vn 0.0002 0.9999 -0.0150
vn 0.0424 0.9889 -0.1421
vn -0.6354 -0.7712 -0.0400
vn -0.5215 -0.8508 -0.0648
vn 0.9925 -0.1219 -0.0002
vn 0.9983 -0.0000 -0.0577
vn 0.6225 0.7818 -0.0365
vn 0.7247 0.6889 0.0133
vn -0.4804 0.8761 0.0416
vn -0.6743 0.7373 0.0421
vn -0.9980 -0.0000 0.0628
vn -0.9848 0.1732 -0.0165
vn -0.0701 0.9975 0.0047
vn 0.0649 0.9967 0.0490
vn -0.6742 -0.7373 0.0421
vn -0.7925 -0.6075 -0.0540
vn -0.0701 -0.9975 0.0047
vn -0.0681 -0.9972 -0.0295
vn 0.5709 -0.8208 -0.0196
vn 0.6225 -0.7818 -0.0365
vn -0.1962 -0.9687 -0.1518
vn 0.3628 -0.9224 -0.1324
vn 0.9554 -0.2950 0.0098
vn -0.8990 -0.4204 -0.1225
vn -0.9402 0.3403 -0.0142
vn 0.1390 0.9773 0.1601
vn -0.3835 0.9175 0.1058
vn 0.8658 0.4812 0.1375
vn 0.9791 -0.1969 -0.0506
vn 0.7722 0.6245 0.1168
vn -0.4820 0.8726 0.0786
vn -0.9986 0.0497 -0.0161
vn 0.1857 0.9785 0.0900
vn -0.5978 -0.7971 -0.0850
vn -0.0870 -0.9854 -0.1464
vn 0.3693 -0.9099 -0.1887
vn -0.5848 0.7964 0.1541
vn -0.9798 0.1993 0.0131
vn 0.0333 0.9728 0.2292
vn -0.8781 -0.4622 -0.1236
vn -0.1380 0.6921 0.7084
vn -0.2311 -0.6738 0.7018
vn -0.1074 -0.9931 0.0472
vn 0.5301 -0.0052 -0.8479
vn 0.6553 -0.3003 0.6931
vn 0.6721 0.1553 0.7240
vn 0.0205 0.1283 0.9915
vn 0.0093 -0.2725 0.9621
vn -0.2115 0.8657 -0.4537
vn -0.4768 0.0577 -0.8771
vn -0.4829 0.0418 -0.8747
vn -0.5699 -0.0972 -0.8160
vn -0.5564 0.1773 -0.8118
vn 0.1085 0.8394 -0.5326
vn -0.3087 0.9421 -0.1311
vn -0.0958 0.7861 0.6106
vn 0.3823 0.8875 0.2571
vn -0.6273 -0.1912 0.7550
vn -0.6016 0.1670 0.7812
vn -0.9597 0.1874 -0.2096
vn -0.9680 -0.1062 -0.2275
vn 0.3068 -0.0660 -0.9495
vn 0.3083 0.1556 -0.9385
vn 0.9843 0.1693 -0.0492
vn 0.9760 -0.2021 -0.0818
vn -0.3619 0.0578 -0.9304
vn -0.2209 0.1804 -0.9585
vn -0.3564 0.0433 -0.9333
vn -0.2046 -0.1019 -0.9735
vn -0.6395 -0.0731 -0.7653
vn -0.6290 0.2010 -0.7509
vn -0.0889 0.1624 -0.9827
vn -0.0905 -0.0416 -0.9950
vn -0.2495 -0.8072 -0.5350
vn 0.5917 0.0301 -0.8056
vn -0.9975 0.0301 -0.0646
vn -0.4977 -0.2599 -0.8275
vn -0.4832 0.3730 -0.7921
vn -0.3220 -0.2603 -0.9102
vn -0.3069 0.3749 -0.8748
vn -0.1081 -0.8448 0.5241
vn 0.3273 -0.9309 0.1622
vn -0.3558 -0.9111 -0.2082
vn 0.1024 -0.7956 -0.5972
vn -0.4226 0.0126 -0.9062
vn 0.3973 -0.8881 0.2311
vn -0.1170 -0.7271 0.6765
vn -0.3973 -0.8881 -0.2311
vn 0.1170 -0.7271 -0.6765
vn -0.0314 0.9972 -0.0673
vn -0.8816 -0.0000 -0.4721
vn 0.2050 -0.0000 -0.9788
vn 0.8452 -0.0000 0.5345
vn -0.1338 -0.0000 0.9910
vn -0.3524 -0.8822 -0.3122
vn -0.6493 0.3891 -0.6535
vn 0.0350 0.3146 -0.9486
vn 0.0413 -0.7323 -0.6797
vn -0.3232 -0.9343 0.1507
vn -0.8728 0.4093 0.2659
vn -0.9073 0.4033 0.1190
vn -0.3596 -0.9305 0.0703
vn 0.3524 -0.8822 0.3122
vn 0.5017 0.7045 0.5019
vn -0.0385 0.5726 0.8189
vn -0.0413 -0.7323 0.6797
vn -0.3696 0.9124 -0.1759
vn 0.1138 0.9249 -0.3628
vn 0.0885 0.8903 -0.4467
vn -0.3008 0.9394 -0.1644
vn 0.3255 -0.9016 -0.2848
vn 0.3232 -0.9343 -0.1507
vn -0.6230 0.5510 0.5553
vn -0.1164 0.9622 0.2464
vn 0.8004 0.5735 -0.1747
vn 0.2220 0.9743 0.0370
vn 0.6230 0.4060 -0.6687
vn -0.2356 0.9676 -0.0907
vn -0.7512 0.6388 0.1666
vn 0.7628 0.4346 -0.4788
vn -0.3255 -0.9016 0.2849
vn 0.3596 -0.9305 -0.0702
vn 0.5451 0.6523 -0.5267
vn 0.0897 0.9451 -0.3143
vn -0.4051 -0.8079 0.4280
vn -0.5040 -0.7485 0.4310
vn -0.7878 -0.0003 0.6160
vn -0.7891 -0.0000 0.6143
vn 0.1516 -0.9729 0.1743
vn 0.0224 -0.9931 0.1149
vn -0.5055 0.7470 0.4317
vn -0.4051 0.8079 0.4280
vn 0.6542 0.7537 -0.0629
vn 0.5964 0.7677 -0.2344
vn 0.9037 -0.0000 -0.4282
vn 0.9778 -0.0000 -0.2096
vn 0.0212 0.9932 0.1149
vn 0.1516 0.9729 0.1744
vn 0.5978 -0.7666 -0.2344
vn 0.6542 -0.7537 -0.0629
vn 0.0731 -0.0117 0.9973
vn 0.3667 0.0001 0.9303
vn 0.1861 0.7257 0.6623
vn 0.0351 0.6834 0.7292
vn -0.1209 0.7316 -0.6709
vn -0.3486 0.6550 -0.6704
vn -0.3718 -0.0243 -0.9280
vn -0.1123 -0.0171 -0.9935
vn -0.1008 0.9946 0.0263
vn -0.0218 0.9944 0.1032
vn -0.1709 -0.7424 -0.6478
vn -0.0261 -0.7687 -0.6391
vn 0.0962 -0.9944 -0.0430
vn 0.0805 -0.9925 0.0922
vn 0.0832 -0.6963 0.7129
vn 0.3243 -0.7018 0.6343
vn -0.0475 -0.9964 0.0696
vn -0.2832 -0.7394 0.6108
vn -0.4223 -0.0128 0.9064
vn 0.2841 -0.7990 -0.5299
vn 0.4371 -0.0104 -0.8994
vn -0.0743 0.9955 0.0586
vn 0.2632 0.7937 -0.5483
vn -0.3082 0.7244 0.6167
vn -0.1872 -0.7994 0.5709
vn -0.3292 -0.8174 0.4727
vn -0.7158 -0.0134 0.6982
vn -0.5109 -0.0796 0.8560
vn 0.1563 -0.9595 0.2343
vn 0.1343 -0.9756 0.1739
vn -0.4688 0.7862 0.4027
vn -0.3217 0.7797 0.5371
vn 0.4579 0.8234 -0.3353
vn 0.4958 0.8055 -0.3247
vn 0.8515 0.0253 -0.5237
vn 0.7907 -0.0435 -0.6107
vn 0.0176 0.9995 0.0273
vn 0.0587 0.9928 0.1047
vn 0.6070 -0.7580 -0.2387
vn 0.5275 -0.8276 -0.1919
vn -0.9010 -0.1137 0.4186
vn -0.8828 -0.0000 0.4698
vn -0.5848 0.7489 0.3117
vn -0.6567 0.6956 0.2914
vn 0.4167 0.8769 -0.2395
vn 0.5653 0.7668 -0.3040
vn 0.8804 -0.0000 -0.4743
vn 0.9012 0.1771 -0.3956
vn -0.0250 0.9996 0.0128
vn -0.0742 0.9970 -0.0217
vn 0.5653 -0.7668 -0.3040
vn 0.7499 -0.5970 -0.2849
vn -0.0250 -0.9996 0.0128
vn 0.0735 -0.9973 -0.0049
vn -0.5230 -0.8115 0.2607
vn -0.5848 -0.7489 0.3117
vn 0.2574 -0.9637 0.0709
vn -0.2968 -0.9176 0.2644
vn -0.8735 -0.2981 0.3849
vn 0.8717 -0.4104 -0.2677
vn 0.8546 0.3479 -0.3855
vn -0.1747 0.9815 -0.0783
vn 0.2990 0.9153 -0.2700
vn -0.8459 0.4753 0.2421
vn -0.8627 -0.2169 0.4569
vn -0.7606 0.6104 0.2212
vn 0.3926 0.8797 -0.2683
vn 0.9133 0.0565 -0.4033
vn -0.2338 0.9722 0.0093
vn 0.5727 -0.8020 -0.1697
vn 0.1221 -0.9873 0.1013
vn -0.2616 -0.9069 0.3304
vn 0.5170 0.7591 -0.3955
vn 0.8853 0.1971 -0.4213
vn -0.0945 0.9739 -0.2063
vn 0.8612 -0.4327 -0.2668
vn -0.0890 0.9905 -0.1048
vn -0.1176 0.6822 -0.7216
vn -0.1106 0.0142 -0.9938
vn -0.0560 -0.6755 -0.7352
vn 0.0435 -0.9926 -0.1131
vn 0.1384 -0.7502 0.6466
vn 0.1235 0.0292 0.9919
vn 0.0158 0.7932 0.6088
vn 0.1295 0.0078 -0.9915
vn 0.1038 -0.7110 -0.6955
vn 0.0195 -0.9997 -0.0134
vn -0.0749 -0.7286 0.6808
vn -0.1272 -0.0028 0.9919
vn -0.0984 0.7433 0.6616
vn 0.0790 0.7091 -0.7007
vn -0.0116 0.9990 -0.0425
vn -0.1872 -0.2839 -0.9404
vn -0.1845 0.1426 -0.9724
vn 0.4330 0.1508 -0.8887
vn 0.4257 -0.2934 -0.8560
vn -0.0922 0.8075 0.5826
vn -0.1560 0.0562 0.9862
vn -0.1560 0.0562 0.9861
vn 0.0439 -0.0896 0.9950
vn 0.0256 0.1793 0.9835
vn -0.2806 0.9125 0.2977
vn 0.1975 0.8656 0.4601
vn 0.3123 0.8567 -0.4105
vn -0.1996 0.8128 -0.5473
vn 0.9531 -0.1996 -0.2274
vn 0.9505 0.1671 -0.2621
vn 0.5384 0.1537 0.8285
vn 0.5384 -0.0627 0.8403
vn -0.8128 -0.0808 0.5770
vn -0.8098 0.1681 0.5621
vn -0.8136 0.1690 -0.5564
vn -0.8297 -0.1961 -0.5227
vn -0.3082 0.1776 0.9346
vn -0.3256 -0.0867 0.9415
vn 0.1531 -0.0668 0.9860
vn 0.1518 0.1770 0.9724
vn -0.3959 0.1912 0.8982
vn -0.4015 -0.0769 0.9126
vn -0.0922 -0.8072 0.5831
vn -0.9984 0.0118 0.0548
vn 0.9327 0.0118 0.3604
vn -0.0693 -0.2712 0.9600
vn -0.0621 0.3830 0.9217
vn -0.2340 -0.2670 0.9348
vn -0.2305 0.3782 0.8965
vn 0.2860 -0.9072 -0.3086
vn -0.1985 -0.8698 -0.4517
vn 0.2014 -0.8224 0.5321
vn -0.3043 -0.8743 0.3782
vn -0.5695 -0.2991 -0.7657
vn -0.5827 0.1548 -0.7978
vn 0.0560 0.1334 -0.9895
vn 0.0638 -0.2757 -0.9591
vn 0.1891 0.8075 0.5587
vn 0.3201 0.0562 0.9457
vn 0.4758 -0.0859 0.8753
vn 0.4579 0.1771 0.8712
vn -0.1428 0.8470 0.5120
vn 0.3027 0.9329 0.1949
vn 0.1356 0.7944 -0.5920
vn -0.3586 0.8776 -0.3182
vn 0.7108 -0.1931 -0.6763
vn 0.6885 0.1669 -0.7058
vn 0.9166 0.1797 0.3573
vn 0.9224 -0.0959 0.3741
vn -0.3916 -0.0622 0.9180
vn -0.3926 0.1530 0.9069
vn -0.9831 0.1692 -0.0695
vn -0.9789 -0.2013 -0.0354
vn 0.1268 0.1805 0.9754
vn 0.1069 -0.0916 0.9900
vn 0.5586 -0.0802 0.8255
vn 0.5499 0.1954 0.8120
vn -0.0091 0.1641 0.9864
vn -0.0087 -0.0554 0.9984
vn 0.1893 -0.8072 0.5591
vn -0.8586 0.0118 0.5125
vn 0.9934 0.0118 -0.1144
vn 0.3962 -0.2666 0.8786
vn 0.3871 0.3775 0.8412
vn 0.2257 -0.2664 0.9371
vn 0.2128 0.3784 0.9009
vn 0.1433 -0.8528 -0.5022
vn -0.3150 -0.9235 -0.2188
vn 0.3405 -0.8991 0.2750
vn -0.1401 -0.8032 0.5791
vt 0.594854 0.738004
vt 0.594854 0.748016
vt 0.547260 0.748016
vt 0.547260 0.738004
vt 0.545326 0.747456
vt 0.545326 0.733871
vt 0.543528 0.733871
vt 0.543528 0.747456
vt 0.596782 0.747456
vt 0.596782 0.733871
vt 0.598581 0.733871
vt 0.598581 0.747456
vt 0.543528 0.733871
vt 0.545326 0.733871
vt 0.598581 0.733871
vt 0.596782 0.733871
vt 0.541745 0.710324
vt 0.541744 0.748386
vt 0.524662 0.748386
vt 0.524662 0.710324
vt 0.598581 0.710899
vt 0.596782 0.710899
vt 0.545326 0.710899
vt 0.543528 0.710899
vt 0.547260 0.711062
vt 0.594854 0.711062
vt 0.539834 0.000000
vt 0.601086 0.000000
vt 0.601086 0.250000
vt 0.539834 0.250000
vt 0.541745 0.748386
vt 0.524662 0.748386
vt 0.524662 0.710324
vt 0.545326 0.747456
vt 0.545326 0.733871
vt 0.543528 0.733871
vt 0.543528 0.747456
vt 0.596782 0.747456
vt 0.596782 0.733871
vt 0.543528 0.710899
vt 0.543528 0.747456
vt 0.545326 0.747456
vt 0.545326 0.710899
vt 0.596782 0.710899
vt 0.596782 0.747456
vt 0.539834 0.770889
vt 0.539834 0.479111
vt 0.585656 0.758198
vt 0.585656 0.778464
vt 0.568477 0.778464
vt 0.568477 0.758198
vt 0.547669 0.747855
vt 0.547669 0.710895
vt 0.594055 0.710895
vt 0.594055 0.747855
vt 0.539834 0.270889
vt 0.539834 0.979111
vt 0.542587 0.716592
vt 0.599484 0.716592
vt 0.599484 0.740846
vt 0.542587 0.740846
vt 0.598096 0.712921
vt 0.543008 0.747267
vt 0.542282 0.746102
vt 0.597369 0.711755
vt 0.599710 0.716379
vt 0.599710 0.740933
vt 0.542108 0.740933
vt 0.542108 0.716379
vt 0.552201 0.758301
vt 0.552201 0.761062
vt 0.589764 0.761062
vt 0.589764 0.758301
vt 0.535386 0.767390
vt 0.535386 0.771140
vt 0.589315 0.771140
vt 0.589315 0.767390
vt 0.598957 0.778464
vt 0.598957 0.758198
vt 0.599570 0.761062
vt 0.599570 0.758301
vt 0.541328 0.749682
vt 0.575672 0.749682
vt 0.575672 0.786673
vt 0.541328 0.786673
vt 0.525220 0.761062
vt 0.525220 0.758301
vt 0.531531 0.749682
vt 0.531531 0.786673
vt 0.547447 0.778464
vt 0.547447 0.758198
vt 0.591507 0.749682
vt 0.591507 0.786673
vt 0.526108 0.769314
vt 0.597991 0.769314
vt 0.597991 0.774739
vt 0.526108 0.774739
vt 0.597993 0.769803
vt 0.526828 0.769803
vt 0.526828 0.764432
vt 0.597993 0.764432
vt 0.000000 0.000000
vt 0.442715 0.757329
vt 0.464183 0.763725
vt 0.514975 0.767189
vt 0.514975 0.757329
vt 0.522865 0.757969
vt 0.522865 0.763088
vt 0.443510 0.763088
vt 0.443510 0.757969
vt 0.442715 0.750517
vt 0.514975 0.750517
vt 0.514975 0.783699
vt 0.474030 0.783699
vt 0.522865 0.770497
vt 0.443510 0.770497
vt 0.509249 0.749893
vt 0.509249 0.761114
vt 0.458875 0.761114
vt 0.458875 0.749893
vt 0.458875 0.786034
vt 0.458875 0.769119
vt 0.509249 0.769119
vt 0.509249 0.786034
vt 0.522865 0.782903
vt 0.443510 0.782903
vt 0.485791 0.624432
vt 0.473279 0.624432
vt 0.473279 0.629284
vt 0.485791 0.629284
vt 0.853273 0.705522
vt 0.853273 0.650240
vt 0.995851 0.650240
vt 0.995851 0.705522
vt 0.855033 0.642425
vt 0.853230 0.642425
vt 0.853230 0.721135
vt 0.855033 0.721135
vt 0.473279 0.629071
vt 0.473279 0.629010
vt 0.485791 0.629010
vt 0.485791 0.629071
vt 0.473279 0.624371
vt 0.485791 0.624371
vt 0.853273 0.657395
vt 0.995851 0.657395
vt 0.473279 0.623699
vt 0.485791 0.623699
vt 0.485791 0.623899
vt 0.473279 0.623899
vt 0.879799 0.721135
vt 0.879799 0.642425
vt 0.473279 0.624570
vt 0.485791 0.624570
vt 0.497539 0.635008
vt 0.497539 0.646766
vt 0.452922 0.646766
vt 0.452922 0.635008
vt 0.475669 0.671460
vt 0.475669 0.664375
vt 0.494009 0.664375
vt 0.494009 0.671460
vt 0.346161 0.682438
vt 0.346161 0.688471
vt 0.308196 0.688471
vt 0.308196 0.682438
vt 0.508515 0.752620
vt 0.508515 0.784686
vt 0.469222 0.784686
vt 0.469222 0.752620
vt 0.459522 0.751376
vt 0.498628 0.751376
vt 0.497697 0.753890
vt 0.460452 0.753890
vt 0.498628 0.785044
vt 0.499735 0.750387
vt 0.499735 0.786063
vt 0.505764 0.749955
vt 0.505763 0.786107
vt 0.471980 0.783938
vt 0.472059 0.752123
vt 0.517799 0.759210
vt 0.519017 0.780957
vt 0.462831 0.780957
vt 0.461437 0.756067
vt 0.461437 0.756066
vt 0.519017 0.780957
vt 0.459522 0.785044
vt 0.458414 0.786063
vt 0.458414 0.750387
vt 0.894886 0.671583
vt 0.903705 0.671583
vt 0.903705 0.688819
vt 0.894886 0.688819
vt 0.460452 0.782256
vt 0.497697 0.782256
vt 0.891290 0.669917
vt 0.907074 0.669917
vt 0.891290 0.690641
vt 0.907074 0.690641
vt 0.472055 0.752123
vt 0.471361 0.752166
vt 0.471982 0.751431
vt 0.469168 0.786302
vt 0.468361 0.784588
vt 0.471977 0.783938
vt 0.471901 0.784630
vt 0.471282 0.783895
vt 0.519156 0.782112
vt 0.520178 0.780958
vt 0.499846 0.786860
vt 0.500647 0.785269
vt 0.499847 0.749527
vt 0.500647 0.751126
vt 0.457502 0.751126
vt 0.458303 0.749527
vt 0.458303 0.786860
vt 0.457502 0.785269
vt 0.505767 0.749954
vt 0.505687 0.749263
vt 0.468361 0.752439
vt 0.505802 0.786806
vt 0.472018 0.784638
vt 0.505766 0.786107
vt 0.505685 0.786799
vt 0.462971 0.782116
vt 0.519156 0.782116
vt 0.518964 0.759268
vt 0.508568 0.786398
vt 0.469168 0.786398
vt 0.919699 0.871055
vt 0.902141 0.871055
vt 0.902141 0.863653
vt 0.919699 0.863653
vt 0.505360 0.750170
vt 0.461219 0.750170
vt 0.461219 0.787162
vt 0.505360 0.787162
vt 0.442237 0.744225
vt 0.442237 0.720248
vt 0.523954 0.720248
vt 0.523954 0.744225
vt 0.500466 0.746365
vt 0.443050 0.746340
vt 0.443050 0.742371
vt 0.500466 0.742371
vt 0.464493 0.748494
vt 0.500466 0.742371
vt 0.464456 0.742389
vt 0.464493 0.748494
vt 0.523421 0.748494
vt 0.523384 0.742389
vt 0.464456 0.742389
vt 0.500466 0.746365
vt 0.464420 0.748494
vt 0.446130 0.709988
vt 0.443901 0.709988
vt 0.443901 0.718329
vt 0.446130 0.718329
vt 0.455665 0.712584
vt 0.455613 0.709249
vt 0.445450 0.709510
vt 0.445193 0.711517
vt 0.454062 0.718505
vt 0.449104 0.718505
vt 0.449104 0.710164
vt 0.454062 0.710164
vt 0.455750 0.709988
vt 0.455750 0.718329
vt 0.445450 0.718329
vt 0.445450 0.709988
vt 0.489215 0.750170
vt 0.463536 0.750170
vt 0.461219 0.755920
vt 0.461219 0.781412
vt 0.463536 0.787162
vt 0.489215 0.787162
vt 0.443537 0.709988
vt 0.461297 0.709521
vt 0.463209 0.709988
vt 0.461296 0.709988
vt 0.461297 0.718797
vt 0.461296 0.718329
vt 0.463209 0.718329
vt 0.445450 0.718807
vt 0.443537 0.718329
vt 0.456945 0.709988
vt 0.456931 0.709238
vt 0.455765 0.719080
vt 0.444049 0.711309
vt 0.448412 0.709988
vt 0.450324 0.709521
vt 0.450324 0.713107
vt 0.448412 0.713107
vt 0.455325 0.709656
vt 0.456469 0.709865
vt 0.455814 0.713454
vt 0.454670 0.713246
vt 0.452349 0.712822
vt 0.453003 0.709233
vt 0.450808 0.709388
vt 0.451353 0.712641
vt 0.456945 0.718329
vt 0.456931 0.719080
vt 0.455765 0.709238
vt 0.493364 0.750170
vt 0.493364 0.787162
vt 0.454664 0.712892
vt 0.454682 0.709244
vt 0.450342 0.709517
vt 0.503043 0.750170
vt 0.503043 0.787162
vt 0.505360 0.781412
vt 0.505360 0.755920
vt 0.464317 0.716492
vt 0.464413 0.716588
vt 0.464306 0.716838
vt 0.464168 0.716838
vt 0.464663 0.716343
vt 0.464663 0.716481
vt 0.464413 0.717087
vt 0.464317 0.717183
vt 0.465010 0.717183
vt 0.464914 0.717087
vt 0.465021 0.716838
vt 0.465159 0.716838
vt 0.464663 0.717194
vt 0.464663 0.717332
vt 0.464914 0.716588
vt 0.465010 0.716492
vt 0.594646 0.934239
vt 0.594646 0.869280
vt 0.593404 0.869253
vt 0.593404 0.934212
vt 0.596636 0.934212
vt 0.596636 0.999171
vt 0.597792 0.999197
vt 0.597792 0.934239
vt 0.592788 0.869191
vt 0.592788 0.934150
vt 0.596219 0.934150
vt 0.596219 0.999108
vt 0.599034 0.999171
vt 0.599034 0.934212
vt 0.599650 0.999108
vt 0.599650 0.934150
vt 0.595803 0.934212
vt 0.595803 0.869253
vt 0.596219 0.934150
vt 0.596219 0.869191
vt 0.596219 0.966629
vt 0.595803 0.966691
vt 0.594646 0.966718
vt 0.599034 0.901733
vt 0.599650 0.901671
vt 0.597792 0.901760
vt 0.596219 0.901671
vt 0.596636 0.901733
vt 0.593404 0.966691
vt 0.592788 0.966629
vt 0.594646 0.999197
vt 0.593404 0.999171
vt 0.596636 0.869253
vt 0.597792 0.869280
vt 0.592788 0.999108
vt 0.596219 0.869191
vt 0.599034 0.869253
vt 0.599650 0.869191
vt 0.595803 0.999171
vt 0.596219 0.999108
vt 0.596219 0.950390
vt 0.595803 0.950452
vt 0.594646 0.950478
vt 0.599034 0.917972
vt 0.599650 0.917910
vt 0.597792 0.917999
vt 0.596219 0.917910
vt 0.596636 0.917972
vt 0.593404 0.950452
vt 0.592788 0.950390
s 0
usemtl Material
f 20/1/1 8/2/1 5/3/1 17/4/1
f 24/5/2 14/6/2 6/7/2 18/8/2
f 18/4/3 6/3/3 7/2/3 19/1/3
f 22/9/4 16/10/4 8/11/4 20/12/4
f 19/8/4 7/13/4 15/14/4 21/5/4
f 21/5/4 15/14/4 16/10/4 22/9/4
f 17/12/2 5/15/2 13/16/2 23/9/2
f 10/17/2 23/18/2 24/19/2 9/20/2
f 2/21/2 17/12/2 23/9/2 10/22/2
f 12/23/4 21/5/4 22/9/4 11/22/4
f 3/24/4 19/8/4 21/5/4 12/23/4
f 11/22/4 22/9/4 20/12/4 1/21/4
f 4/25/3 18/4/3 19/1/3 3/26/3
f 9/23/2 24/5/2 18/8/2 4/24/2
f 1/26/1 20/1/1 17/4/1 2/25/1
f 13/4/3 16/1/3 22/2/3 23/3/3
f 15/2/1 14/3/1 24/4/1 21/1/1
f 44/27/1 32/28/1 29/29/1 41/30/1
f 48/5/2 38/6/2 30/7/2 42/8/2
f 42/4/3 30/3/3 31/2/3 43/1/3
f 46/9/4 40/10/4 32/11/4 44/12/4
f 43/8/4 31/13/4 39/14/4 45/5/4
f 45/5/4 39/14/4 40/10/4 46/9/4
f 41/12/2 29/15/2 37/16/2 47/9/2
f 34/17/2 47/31/2 48/32/2 33/33/2
f 26/21/2 41/12/2 47/9/2 34/22/2
f 36/23/4 45/5/4 46/9/4 35/22/4
f 27/24/4 43/8/4 45/5/4 36/23/4
f 35/22/4 46/9/4 44/12/4 25/21/4
f 28/25/3 42/4/3 43/1/3 27/26/3
f 33/23/2 48/5/2 42/8/2 28/24/2
f 37/3/3 40/2/3 46/1/3 47/4/3
f 39/2/1 38/3/1 48/4/1 45/1/1
f 60/17/2 55/31/2 29/32/2 41/33/2
f 58/1/1 52/2/1 51/3/1 57/4/1
f 59/34/4 56/35/4 52/36/4 58/37/4
f 44/38/4 32/39/4 56/35/4 59/34/4
f 57/37/2 51/13/2 55/14/2 60/34/2
f 53/17/2 60/31/2 41/32/2 26/33/2
f 50/40/2 57/41/2 60/42/2 53/43/2
f 25/44/4 44/45/4 59/42/4 54/43/4
f 54/43/4 59/42/4 58/41/4 49/40/4
f 49/26/1 58/1/1 57/4/1 50/25/1
f 82/1/3 70/2/3 67/3/3 79/4/3
f 86/5/4 76/6/4 68/7/4 80/8/4
f 80/4/1 68/3/1 69/2/1 81/1/1
f 84/9/2 78/10/2 70/11/2 82/12/2
f 81/8/2 69/13/2 77/14/2 83/5/2
f 83/5/2 77/14/2 78/10/2 84/9/2
f 79/12/4 67/15/4 75/16/4 85/9/4
f 72/17/4 85/18/4 86/19/4 71/20/4
f 64/21/4 79/12/4 85/9/4 72/22/4
f 74/23/2 83/5/2 84/9/2 73/22/2
f 65/24/2 81/8/2 83/5/2 74/23/2
f 73/22/2 84/9/2 82/12/2 63/21/2
f 66/25/1 80/4/1 81/1/1 65/26/1
f 71/23/4 86/5/4 80/8/4 66/24/4
f 63/26/3 82/1/3 79/4/3 64/25/3
f 75/4/1 78/1/1 84/2/1 85/3/1
f 77/2/3 76/3/3 86/4/3 83/1/3
f 106/27/3 94/28/3 91/29/3 103/30/3
f 110/5/4 100/6/4 92/7/4 104/8/4
f 104/4/1 92/3/1 93/2/1 105/1/1
f 108/9/2 102/10/2 94/11/2 106/12/2
f 105/8/2 93/13/2 101/14/2 107/5/2
f 107/5/2 101/14/2 102/10/2 108/9/2
f 103/12/4 91/15/4 99/16/4 109/9/4
f 83/46/1 86/47/1 124/47/1 125/46/1
f 96/17/4 109/31/4 110/32/4 95/33/4
f 88/21/4 103/12/4 109/9/4 96/22/4
f 98/23/2 107/5/2 108/9/2 97/22/2
f 89/24/2 105/8/2 107/5/2 98/23/2
f 97/22/2 108/9/2 106/12/2 87/21/2
f 90/25/1 104/4/1 105/1/1 89/26/1
f 95/23/4 110/5/4 104/8/4 90/24/4
f 99/3/1 102/2/1 108/1/1 109/4/1
f 101/2/3 100/3/3 110/4/3 107/1/3
f 121/17/4 116/31/4 91/32/4 103/33/4
f 119/1/3 113/2/3 112/3/3 118/4/3
f 120/34/2 117/35/2 113/36/2 119/37/2
f 106/38/2 94/39/2 117/35/2 120/34/2
f 118/37/4 112/13/4 116/14/4 121/34/4
f 114/17/4 121/31/4 103/32/4 88/33/4
f 111/40/4 118/41/4 121/42/4 114/43/4
f 87/44/2 106/45/2 120/42/2 115/43/2
f 115/43/2 120/42/2 119/41/2 131/40/2
f 142/48/5 143/49/5 152/50/5 151/51/5
f 123/52/5 125/53/5 124/54/5 122/55/5
f 86/19/4 85/18/4 122/18/4 124/19/4
f 85/56/3 84/57/3 123/57/3 122/56/3
f 127/58/2 126/59/2 129/60/2 128/61/2
f 128/62/5 129/63/5 132/64/5 130/65/5
f 131/66/4 130/67/4 132/68/4 133/69/4
f 127/62/3 128/63/3 130/64/3 131/65/3
f 134/58/4 133/59/4 132/60/4 135/61/4
f 135/62/5 132/63/5 129/64/5 136/65/5
f 137/66/2 136/67/2 129/68/2 126/69/2
f 134/62/1 135/63/1 136/64/1 137/65/1
f 141/26/3 140/1/3 139/4/3 138/25/3
f 147/70/2 143/71/2 145/72/2 148/73/2
f 148/74/3 145/75/3 144/76/3 149/77/3
f 145/78/5 143/49/5 142/48/5 144/79/5
f 149/73/4 144/72/4 142/71/4 151/80/4 150/81/4 146/70/4
f 149/82/6 146/83/6 147/84/6 148/85/6
f 150/81/4 151/80/4 156/86/4 157/87/4
f 143/71/2 147/70/2 153/81/2 152/80/2
f 147/84/6 146/83/6 150/88/6 153/89/6
f 151/51/5 152/50/5 155/90/5 156/91/5
f 153/89/6 150/88/6 157/92/6 154/93/6
f 158/48/5 159/49/5 168/50/5 167/51/5
f 163/70/4 159/71/4 161/72/4 164/73/4
f 164/74/1 161/75/1 160/76/1 165/77/1
f 161/78/5 159/49/5 158/48/5 160/79/5
f 165/73/2 160/72/2 158/71/2 167/80/2 166/81/2 162/70/2
f 165/82/6 162/83/6 163/84/6 164/85/6
f 166/81/2 167/80/2 172/86/2 173/87/2
f 159/71/4 163/70/4 169/81/4 168/80/4
f 163/84/6 162/83/6 166/88/6 169/89/6
f 167/51/5 168/50/5 171/90/5 172/91/5
f 169/89/6 166/88/6 173/92/6 170/93/6
f 154/94/1 157/95/1 156/96/1 155/97/1
f 170/98/3 173/99/3 172/100/3 171/101/3
f 23/17/2 13/31/2 14/32/2 24/33/2
f 177/102/6 174/102/6 176/102/6 175/102/6
f 180/103/7 184/104/7 185/105/7 181/106/7
f 177/107/8 181/108/8 178/109/8 174/110/8
f 176/102/9 179/102/9 180/102/9 175/102/9
f 175/111/7 180/103/7 181/106/7 177/112/7
f 174/112/10 178/106/10 179/103/10 176/111/10
f 182/105/10 186/113/10 187/114/10 183/104/10
f 178/106/10 182/105/10 183/104/10 179/103/10
f 181/108/8 185/115/8 182/116/8 178/109/8
f 179/117/11 183/118/11 184/119/11 180/120/11
f 189/121/5 188/122/5 187/123/5 186/124/5
f 185/115/8 189/125/8 186/126/8 182/116/8
f 183/118/12 187/123/12 188/122/12 184/119/12
f 184/104/7 188/114/7 189/113/7 185/105/7
f 193/127/6 190/128/6 191/129/6 192/130/6
f 197/131/5 196/132/5 195/133/5 194/134/5
f 192/130/7 196/130/7 197/127/7 193/127/7
f 190/128/10 194/128/10 195/129/10 191/129/10
f 193/135/8 197/136/8 194/137/8 190/138/8
f 191/129/9 195/129/9 196/130/9 192/130/9
f 198/139/13 202/140/13 203/141/13 199/142/13
f 201/131/14 203/132/14 202/133/14 200/134/14
f 194/128/10 200/143/10 202/140/10 198/139/10
f 197/135/15 201/136/15 200/137/15 194/138/15
f 199/142/7 203/141/7 201/144/7 197/127/7
f 194/128/16 198/139/16 199/142/16 197/127/16
f 209/145/13 208/146/13 205/134/13 204/131/13
f 207/147/17 206/148/17 204/149/17 205/150/17
f 200/151/18 201/152/18 206/136/18 207/137/18
f 208/153/10 200/143/10 207/147/10 205/150/10
f 201/144/7 209/154/7 204/149/7 206/148/7
f 210/155/19 212/156/19 213/157/19 211/158/19
f 214/159/20 216/160/20 217/161/20 215/162/20
f 218/163/12 220/164/12 221/165/12 219/166/12
s 1
f 242/167/21 244/168/22 237/169/23 235/170/24
s 0
f 224/171/25 222/172/25 231/173/25 232/174/25
s 1
f 223/175/26 222/172/27 251/176/28 247/177/29
f 255/178/30 246/179/31 238/180/32 243/181/33
f 236/182/34 239/183/35 248/184/36 250/185/37
f 253/186/38 256/184/39 245/187/40 241/182/41
f 225/188/42 223/175/26 247/177/29 257/189/43
f 224/171/44 225/188/42 257/189/43 252/190/45
f 222/172/27 224/171/44 252/190/45 251/176/28
f 227/191/46 226/192/47 229/193/48 228/194/49
s 0
f 223/175/50 225/188/50 233/195/50 230/196/50
f 222/172/51 223/175/51 230/196/51 231/173/51
f 225/188/52 224/171/52 232/174/52 233/195/52
s 1
f 226/192/47 227/191/46 231/197/53 230/198/54
f 227/191/46 228/194/49 232/199/55 231/197/53
f 229/193/48 226/192/47 230/198/54 233/200/56
f 228/194/49 229/193/48 233/200/56 232/199/55
f 234/201/57 235/202/24 236/203/34
f 237/169/23 238/204/32 239/205/35
f 240/206/58 241/207/41 242/208/21
f 243/209/33 244/210/22 245/187/40
f 246/211/31 247/177/29 248/212/36
f 249/213/59 250/214/37 251/176/28
f 252/190/45 253/215/38 254/216/60
f 255/217/30 256/218/39 257/189/43
f 249/219/59 234/201/57 236/203/34 250/220/37
f 235/170/24 237/169/23 239/205/35 236/221/34
f 238/180/32 246/179/31 248/222/36 239/223/35
f 247/177/29 251/176/28 250/214/37 248/212/36
f 254/216/60 249/213/59 251/176/28 252/190/45
f 246/211/31 255/217/30 257/189/43 247/177/29
f 256/218/39 253/215/38 252/190/45 257/189/43
f 240/206/58 254/224/60 253/225/38 241/207/41
f 255/226/30 243/227/33 245/187/40 256/184/39
f 244/210/22 242/228/21 241/182/41 245/187/40
f 234/201/57 240/206/58 242/208/21 235/202/24
f 243/229/33 238/230/32 237/169/23 244/168/22
f 249/219/59 254/224/60 240/206/58 234/201/57
f 259/231/61 260/232/61 261/233/61 258/234/61
f 262/235/62 264/236/63 265/237/64 263/238/65
s 0
f 266/239/66 267/240/66 269/241/66 268/242/66
s 1
f 263/243/65 265/244/64 269/245/67 267/246/68
f 262/247/62 263/243/65 267/248/68 266/249/69
f 264/250/63 262/251/62 266/252/69 268/253/70
f 265/254/64 264/255/63 268/249/70 269/248/67
f 272/256/71 279/257/72 289/258/73 271/259/74
f 295/260/75 291/261/76 278/262/77 273/263/78
f 274/264/79 285/265/80 283/266/81 277/267/82
f 290/268/83 292/269/84 288/270/85 280/271/86
f 295/272/75 273/273/78 272/274/71 271/275/74 270/276/87 294/277/88
f 278/262/77 280/271/86 279/278/72
f 281/279/89 283/280/81 282/281/90
f 284/282/91 286/283/92 285/284/80
f 287/285/93 289/286/73 288/270/85
f 296/287/94 300/288/95 281/279/89 282/281/90
f 292/269/84 293/289/96 287/285/93 288/270/85
f 279/257/72 280/271/86 288/270/85 289/258/73
f 282/281/90 283/280/81 285/284/80 286/283/92
f 270/263/87 271/290/74 289/278/73 287/262/93
f 278/262/77 279/278/72 272/290/71 273/263/78
f 283/291/81 281/292/89 276/293/97 277/294/82
f 284/295/91 285/296/80 274/297/79 275/298/98
f 298/299/88 297/300/99 284/295/91 275/298/98
f 270/263/87 287/262/93 293/301/96 294/302/88
f 301/303/100 297/304/99 293/289/96 292/269/84
f 280/271/86 278/262/77 291/305/76 290/268/83
f 299/306/75 295/272/75 294/277/88 298/307/88
f 296/287/94 301/303/100 292/269/84 290/268/83
f 299/308/75 300/309/95 291/261/76 295/260/75
f 276/293/97 281/310/89 300/309/95 299/308/75
f 282/281/90 286/283/92 301/303/100 296/287/94
f 276/311/97 299/306/75 298/307/88 275/312/98 274/313/79 277/314/82
f 286/283/92 284/282/91 297/304/99 301/303/100
f 294/302/88 293/301/96 297/300/99 298/299/88
f 290/268/83 291/305/76 300/288/95 296/287/94
f 303/315/101 311/316/102 314/317/103 306/318/104
f 308/319/105 316/320/106 311/316/102 303/315/101
f 306/318/104 314/317/103 312/321/107 304/322/108
f 305/323/109 313/324/110 315/325/111 307/326/112
f 304/322/108 312/321/107 317/327/113 309/328/114
f 309/328/114 317/327/113 313/324/110 305/323/109
f 307/326/112 315/325/111 310/329/115 302/330/116
f 302/330/116 310/329/115 316/320/106 308/319/105
f 326/331/117 322/332/118 320/333/119 327/334/120
f 328/335/121 321/336/122 323/337/123 329/338/124
f 327/334/120 320/333/119 325/339/125 330/340/126
f 330/341/126 325/342/125 321/336/122 328/335/121
f 329/338/124 323/337/123 318/343/127 331/344/128
f 331/344/128 318/343/127 324/345/129 332/346/130
f 333/347/131 319/348/132 322/332/118 326/331/117
f 332/349/130 324/350/129 319/348/132 333/347/131
f 341/351/133 332/349/130 333/347/131 336/352/134
f 336/352/134 333/347/131 326/331/117 334/353/135
f 340/354/136 331/344/128 332/346/130 341/355/133
f 338/356/137 329/338/124 331/344/128 340/354/136
f 339/357/138 330/341/126 328/335/121 335/358/139
f 337/359/140 327/334/120 330/340/126 339/360/138
f 335/358/139 328/335/121 329/338/124 338/356/137
f 334/353/135 326/331/117 327/334/120 337/359/140
f 314/361/103 334/353/135 337/359/140 312/362/107
f 313/363/110 335/358/139 338/356/137 315/364/111
f 312/362/107 337/359/140 339/360/138 317/365/113
f 317/366/113 339/357/138 335/358/139 313/363/110
f 315/364/111 338/356/137 340/354/136 310/367/115
f 310/367/115 340/354/136 341/355/133 316/368/106
f 311/369/102 336/352/134 334/353/135 314/361/103
f 316/370/106 341/351/133 336/352/134 311/369/102
f 343/315/141 346/318/142 354/317/143 351/316/144
f 348/319/145 343/315/141 351/316/144 356/320/146
f 346/318/142 344/322/147 352/321/148 354/317/143
f 345/323/149 347/326/150 355/325/151 353/324/152
f 344/322/147 349/328/153 357/327/154 352/321/148
f 349/328/153 345/323/149 353/324/152 357/327/154
f 347/326/150 342/330/155 350/329/156 355/325/151
f 342/330/155 348/319/145 356/320/146 350/329/156
f 366/331/157 367/334/158 360/333/159 362/332/160
f 368/335/161 369/338/162 363/337/163 361/336/164
f 367/334/158 370/340/165 365/339/166 360/333/159
f 370/341/165 368/335/161 361/336/164 365/342/166
f 369/338/162 371/344/167 358/343/168 363/337/163
f 371/344/167 372/346/169 364/345/170 358/343/168
f 373/347/171 366/331/157 362/332/160 359/348/172
f 372/349/169 373/347/171 359/348/172 364/350/170
f 383/371/173 386/372/174 373/347/171 372/349/169
f 386/372/174 384/373/175 366/331/157 373/347/171
f 382/374/176 383/375/173 372/346/169 371/344/167
f 380/376/177 382/374/176 371/344/167 369/338/162
f 381/377/178 385/378/179 368/335/161 370/341/165
f 379/379/180 381/380/178 370/340/165 367/334/158
f 385/378/179 380/376/177 369/338/162 368/335/161
f 384/373/175 379/379/180 367/334/158 366/331/157
f 354/361/143 352/362/148 376/359/181 374/353/182
f 353/363/152 355/364/151 399/356/183 397/358/184
f 352/362/148 357/365/154 377/360/185 376/359/181
f 357/366/154 353/363/152 397/358/184 377/357/185
f 355/364/151 350/367/156 395/354/186 399/356/183
f 350/367/156 356/368/146 378/355/187 395/354/186
f 351/369/144 354/361/143 374/353/182 375/352/188
f 356/370/146 351/369/144 375/352/188 378/351/187
f 374/353/182 376/359/181 379/379/180 384/373/175
f 397/358/189 399/356/190 380/376/177 385/378/179
f 376/359/181 377/360/191 381/380/178 379/379/180
f 377/357/191 397/358/189 385/378/179 381/377/178
f 399/356/190 395/354/192 382/374/176 380/376/177
f 395/354/192 378/355/187 383/375/173 382/374/176
f 375/352/188 374/353/182 384/373/175 386/372/174
f 378/351/187 375/352/188 386/372/174 383/371/173
f 325/342/125 394/342/193 390/336/194 321/336/122
f 323/337/123 392/337/195 387/343/196 318/343/127
f 318/343/127 387/343/196 393/345/197 324/345/129
f 319/348/132 388/348/198 391/332/199 322/332/118
f 324/350/129 393/350/197 388/348/198 319/348/132
f 322/332/118 391/332/199 389/333/200 320/333/119
f 321/336/122 390/336/194 392/337/195 323/337/123
f 320/333/119 389/333/200 394/339/193 325/339/125
f 392/337/195 399/337/201 395/343/202 387/343/196
f 387/343/196 395/343/202 378/345/203 393/345/197
f 388/348/198 396/348/204 398/332/205 391/332/199
f 393/350/197 378/350/203 396/348/204 388/348/198
f 391/332/199 398/332/205 376/333/206 389/333/200
f 390/336/194 397/336/207 399/337/201 392/337/195
f 389/333/200 376/333/206 377/339/208 394/339/193
f 394/342/193 377/342/208 397/336/207 390/336/194
f 420/167/209 422/168/210 415/169/211 413/170/212
s 0
f 402/171/213 400/172/213 409/173/213 410/174/213
s 1
f 401/175/214 400/172/215 429/176/216 425/177/217
f 433/178/218 424/179/219 416/180/220 421/181/221
f 414/182/222 417/183/223 426/184/224 428/185/225
f 431/186/226 434/184/227 423/187/228 419/182/229
f 403/188/230 401/175/214 425/177/217 435/189/231
f 402/171/232 403/188/230 435/189/231 430/190/233
f 400/172/215 402/171/232 430/190/233 429/176/216
f 405/191/234 404/192/235 407/193/236 406/194/237
s 0
f 401/175/238 403/188/238 411/195/238 408/196/238
f 400/172/239 401/175/239 408/196/239 409/173/239
f 403/188/240 402/171/240 410/174/240 411/195/240
s 1
f 404/192/235 405/191/234 409/197/241 408/198/242
f 405/191/234 406/194/237 410/199/243 409/197/241
f 407/193/236 404/192/235 408/198/242 411/200/244
f 406/194/237 407/193/236 411/200/244 410/199/243
f 412/201/245 413/202/212 414/203/222
f 415/169/211 416/204/220 417/205/223
f 418/206/246 419/207/229 420/208/209
f 421/209/221 422/210/210 423/187/228
f 424/211/219 425/177/217 426/212/224
f 427/213/247 428/214/225 429/176/216
f 430/190/233 431/215/226 432/216/248
f 433/217/218 434/218/227 435/189/231
f 427/219/247 412/201/245 414/203/222 428/220/225
f 413/170/212 415/169/211 417/205/223 414/221/222
f 416/180/220 424/179/219 426/222/224 417/223/223
f 425/177/217 429/176/216 428/214/225 426/212/224
f 432/216/248 427/213/247 429/176/216 430/190/233
f 424/211/219 433/217/218 435/189/231 425/177/217
f 434/218/227 431/215/226 430/190/233 435/189/231
f 418/206/246 432/224/248 431/225/226 419/207/229
f 433/226/218 421/227/221 423/187/228 434/184/227
f 422/210/210 420/228/209 419/182/229 423/187/228
f 412/201/245 418/206/246 420/208/209 413/202/212
f 421/229/221 416/230/220 415/169/211 422/168/210
f 427/219/247 432/224/248 418/206/246 412/201/245
f 437/231/249 438/232/249 439/233/249 436/234/249
f 440/235/250 442/236/251 443/237/252 441/238/253
s 0
f 444/239/254 445/240/254 447/241/254 446/242/254
s 1
f 441/243/253 443/244/252 447/245/255 445/246/256
f 440/247/250 441/243/253 445/248/256 444/249/257
f 442/250/251 440/251/250 444/252/257 446/253/258
f 443/254/252 442/255/251 446/249/258 447/248/255
f 450/256/259 457/257/260 467/258/261 449/259/262
f 473/260/263 469/261/264 456/262/265 451/263/266
f 452/264/267 463/265/268 461/266/269 455/267/270
f 468/268/271 470/269/272 466/270/273 458/271/274
f 473/272/263 451/273/266 450/274/259 449/275/262 448/276/275 472/277/276
f 456/262/265 458/271/274 457/278/260
f 459/279/277 461/280/269 460/281/278
f 462/282/279 464/283/280 463/284/268
f 465/285/281 467/286/261 466/270/273
f 474/287/282 478/288/283 459/279/277 460/281/278
f 470/269/272 471/289/284 465/285/281 466/270/273
f 457/257/260 458/271/274 466/270/273 467/258/261
f 460/281/278 461/280/269 463/284/268 464/283/280
f 448/263/275 449/290/262 467/278/261 465/262/281
f 456/262/265 457/278/260 450/290/259 451/263/266
f 461/291/269 459/292/277 454/293/285 455/294/270
f 462/295/279 463/296/268 452/297/267 453/298/286
f 476/299/276 475/300/287 462/295/279 453/298/286
f 448/263/275 465/262/281 471/301/284 472/302/276
f 479/303/288 475/304/287 471/289/284 470/269/272
f 458/271/274 456/262/265 469/305/264 468/268/271
f 477/306/263 473/272/263 472/277/276 476/307/276
f 474/287/282 479/303/288 470/269/272 468/268/271
f 477/308/263 478/309/283 469/261/264 473/260/263
f 454/293/285 459/310/277 478/309/283 477/308/263
f 460/281/278 464/283/280 479/303/288 474/287/282
f 454/311/285 477/306/263 476/307/276 453/312/286 452/313/267 455/314/270
f 464/283/280 462/282/279 475/304/287 479/303/288
f 472/302/276 471/301/284 475/300/287 476/299/276
f 468/268/271 469/305/264 478/288/283 474/287/282
f 481/315/289 489/316/290 492/317/291 484/318/292
f 486/319/293 494/320/294 489/316/290 481/315/289
f 484/318/292 492/317/291 490/321/295 482/322/296
f 483/323/297 491/324/298 493/325/299 485/326/300
f 482/322/296 490/321/295 495/327/301 487/328/302
f 487/328/302 495/327/301 491/324/298 483/323/297
f 485/326/300 493/325/299 488/329/303 480/330/304
f 480/330/304 488/329/303 494/320/294 486/319/293
f 504/331/305 500/332/306 498/333/307 505/334/308
f 506/335/309 499/336/310 501/337/311 507/338/312
f 505/334/308 498/333/307 503/339/313 508/340/314
f 508/341/314 503/342/313 499/336/310 506/335/309
f 507/338/312 501/337/311 496/343/315 509/344/316
f 509/344/316 496/343/315 502/345/317 510/346/318
f 511/347/319 497/348/320 500/332/306 504/331/305
f 510/349/318 502/350/317 497/348/320 511/347/319
f 519/351/321 510/349/318 511/347/319 514/352/322
f 514/352/322 511/347/319 504/331/305 512/353/323
f 518/354/324 509/344/316 510/346/318 519/355/321
f 516/356/325 507/338/312 509/344/316 518/354/324
f 517/357/326 508/341/314 506/335/309 513/358/327
f 515/359/328 505/334/308 508/340/314 517/360/326
f 513/358/327 506/335/309 507/338/312 516/356/325
f 512/353/323 504/331/305 505/334/308 515/359/328
f 492/361/291 512/353/323 515/359/328 490/362/295
f 491/363/298 513/358/327 516/356/325 493/364/299
f 490/362/295 515/359/328 517/360/326 495/365/301
f 495/366/301 517/357/326 513/358/327 491/363/298
f 493/364/299 516/356/325 518/354/324 488/367/303
f 488/367/303 518/354/324 519/355/321 494/368/294
f 489/369/290 514/352/322 512/353/323 492/361/291
f 494/370/294 519/351/321 514/352/322 489/369/290
f 521/315/329 529/316/330 532/317/331 524/318/332
f 526/319/333 534/320/334 529/316/330 521/315/329
f 524/318/332 532/317/331 530/321/335 522/322/336
f 523/323/337 531/324/338 533/325/339 525/326/340
f 522/322/336 530/321/335 535/327/341 527/328/342
f 527/328/342 535/327/341 531/324/338 523/323/337
f 525/326/340 533/325/339 528/329/343 520/330/344
f 520/330/344 528/329/343 534/320/334 526/319/333
f 544/331/345 540/332/346 538/333/347 545/334/348
f 546/335/349 539/336/350 541/337/351 547/338/352
f 545/334/348 538/333/347 543/339/353 548/340/354
f 548/341/354 543/342/353 539/336/350 546/335/349
f 547/338/352 541/337/351 536/343/355 549/344/356
f 549/344/356 536/343/355 542/345/357 550/346/358
f 551/347/359 537/348/360 540/332/346 544/331/345
f 550/349/358 542/350/357 537/348/360 551/347/359
f 561/371/361 550/349/358 551/347/359 564/372/362
f 564/372/362 551/347/359 544/331/345 562/373/363
f 560/374/364 549/344/356 550/346/358 561/375/361
f 558/376/365 547/338/352 549/344/356 560/374/364
f 559/377/366 548/341/354 546/335/349 563/378/367
f 557/379/368 545/334/348 548/340/354 559/380/366
f 563/378/367 546/335/349 547/338/352 558/376/365
f 562/373/363 544/331/345 545/334/348 557/379/368
f 532/361/331 552/353/369 554/359/370 530/362/335
f 531/363/338 575/358/371 577/356/372 533/364/339
f 530/362/335 554/359/370 555/360/373 535/365/341
f 535/366/341 555/357/373 575/358/371 531/363/338
f 533/364/339 577/356/372 573/354/374 528/367/343
f 528/367/343 573/354/374 556/355/375 534/368/334
f 529/369/330 553/352/376 552/353/369 532/361/331
f 534/370/334 556/351/375 553/352/376 529/369/330
f 552/353/369 562/373/363 557/379/368 554/359/370
f 575/358/377 563/378/367 558/376/365 577/356/378
f 554/359/370 557/379/368 559/380/366 555/360/379
f 555/357/379 559/377/366 563/378/367 575/358/377
f 577/356/378 558/376/365 560/374/364 573/354/380
f 573/354/380 560/374/364 561/375/361 556/355/375
f 553/352/376 564/372/362 562/373/363 552/353/369
f 556/351/375 561/371/361 564/372/362 553/352/376
f 503/342/313 572/342/381 568/336/382 499/336/310
f 501/337/311 570/337/383 565/343/384 496/343/315
f 496/343/315 565/343/384 571/345/385 502/345/317
f 497/348/320 566/348/386 569/332/387 500/332/306
f 502/350/317 571/350/385 566/348/386 497/348/320
f 500/332/306 569/332/387 567/333/388 498/333/307
f 499/336/310 568/336/382 570/337/383 501/337/311
f 498/333/307 567/333/388 572/339/381 503/339/313
f 570/337/383 577/337/389 573/343/390 565/343/384
f 565/343/384 573/343/390 556/345/391 571/345/385
f 566/348/386 574/348/392 576/332/393 569/332/387
f 571/350/385 556/350/391 574/348/392 566/348/386
f 569/332/387 576/332/393 554/333/394 567/333/388
f 568/336/382 575/336/395 577/337/389 570/337/383
f 567/333/388 554/333/394 555/339/396 572/339/381
f 572/342/381 555/342/396 575/336/395 568/336/382
f 598/167/397 600/168/398 593/169/399 591/170/400
s 0
f 580/171/401 578/172/401 587/173/401 588/174/401
s 1
f 579/175/402 578/172/402 607/176/403 603/177/404
f 611/178/405 602/179/406 594/180/407 599/181/408
f 592/182/409 595/183/410 604/184/411 606/185/412
f 609/186/413 612/184/414 601/187/415 597/182/416
f 581/188/402 579/175/402 603/177/404 613/189/417
f 580/171/402 581/188/402 613/189/417 608/190/418
f 578/172/402 580/171/402 608/190/418 607/176/403
f 583/191/419 582/192/420 585/193/421 584/194/422
s 0
f 579/175/423 581/188/423 589/195/423 586/196/423
f 578/172/424 579/175/424 586/196/424 587/173/424
f 581/188/425 580/171/425 588/174/425 589/195/425
s 1
f 582/192/420 583/191/419 587/197/426 586/198/427
f 583/191/419 584/194/422 588/199/428 587/197/426
f 585/193/421 582/192/420 586/198/427 589/200/429
f 584/194/422 585/193/421 589/200/429 588/199/428
f 590/201/430 591/202/400 592/203/409
f 593/169/399 594/204/407 595/205/410
f 596/206/431 597/207/416 598/208/397
f 599/209/408 600/210/398 601/187/415
f 602/211/406 603/177/404 604/212/411
f 605/213/432 606/214/412 607/176/403
f 608/190/418 609/215/413 610/216/433
f 611/217/405 612/218/414 613/189/417
f 605/219/432 590/201/430 592/203/409 606/220/412
f 591/170/400 593/169/399 595/205/410 592/221/409
f 594/180/407 602/179/406 604/222/411 595/223/410
f 603/177/404 607/176/403 606/214/412 604/212/411
f 610/216/433 605/213/432 607/176/403 608/190/418
f 602/211/406 611/217/405 613/189/417 603/177/404
f 612/218/414 609/215/413 608/190/418 613/189/417
f 596/206/431 610/224/433 609/225/413 597/207/416
f 611/226/405 599/227/408 601/187/415 612/184/414
f 600/210/398 598/228/397 597/182/416 601/187/415
f 590/201/430 596/206/431 598/208/397 591/202/400
f 599/229/408 594/230/407 593/169/399 600/168/398
f 605/219/432 610/224/433 596/206/431 590/201/430
s 0
f 633/1/1 621/2/1 618/3/1 630/4/1
f 637/5/2 627/6/2 619/7/2 631/8/2
f 631/4/3 619/3/3 620/2/3 632/1/3
f 635/9/4 629/10/4 621/11/4 633/12/4
f 632/8/4 620/13/4 628/14/4 634/5/4
f 634/5/4 628/14/4 629/10/4 635/9/4
f 630/12/2 618/15/2 626/16/2 636/9/2
f 660/56/1 659/57/1 675/57/1 674/56/1
f 623/17/2 636/18/2 637/19/2 622/20/2
f 615/21/2 630/12/2 636/9/2 623/22/2
f 625/23/4 634/5/4 635/9/4 624/22/4
f 616/24/4 632/8/4 634/5/4 625/23/4
f 624/22/4 635/9/4 633/12/4 614/21/4
f 617/25/3 631/4/3 632/1/3 616/26/3
f 622/23/2 637/5/2 631/8/2 617/24/2
f 614/26/1 633/1/1 630/4/1 615/25/1
f 626/4/3 629/1/3 635/2/3 636/3/3
f 628/2/1 627/3/1 637/4/1 634/1/1
f 657/27/1 645/28/1 642/29/1 654/30/1
f 661/5/2 651/6/2 643/7/2 655/8/2
f 655/4/3 643/3/3 644/2/3 656/1/3
f 659/9/4 653/10/4 645/11/4 657/12/4
f 656/8/4 644/13/4 652/14/4 658/5/4
f 658/5/4 652/14/4 653/10/4 659/9/4
f 654/12/2 642/15/2 650/16/2 660/9/2
f 636/17/2 626/31/2 627/32/2 637/33/2
f 647/17/2 660/31/2 661/32/2 646/33/2
f 639/21/2 654/12/2 660/9/2 647/22/2
f 649/23/4 658/5/4 659/9/4 648/22/4
f 640/24/4 656/8/4 658/5/4 649/23/4
f 648/22/4 659/9/4 657/12/4 638/21/4
f 641/25/3 655/4/3 656/1/3 640/26/3
f 646/23/2 661/5/2 655/8/2 641/24/2
f 650/3/3 653/2/3 659/1/3 660/4/3
f 652/2/1 651/3/1 661/4/1 658/1/1
f 673/17/2 668/31/2 642/32/2 654/33/2
f 671/1/1 665/2/1 664/3/1 670/4/1
f 672/34/4 669/35/4 665/36/4 671/37/4
f 657/38/4 645/39/4 669/35/4 672/34/4
f 670/37/2 664/13/2 668/14/2 673/34/2
f 666/17/2 673/31/2 654/32/2 639/33/2
f 663/40/2 670/41/2 673/42/2 666/43/2
f 638/44/4 657/45/4 672/42/4 667/43/4
f 667/43/4 672/42/4 671/41/4 662/40/4
f 662/26/1 671/1/1 670/4/1 663/25/1
f 700/17/4 690/31/4 691/32/4 701/33/4
f 675/52/5 677/53/5 676/54/5 674/55/5
f 47/17/2 37/31/2 38/32/2 48/33/2
f 658/46/3 661/47/3 676/47/3 677/46/3
f 109/17/4 99/31/4 100/32/4 110/33/4
f 661/32/2 660/31/2 674/31/2 676/32/2
f 697/1/3 685/2/3 682/3/3 694/4/3
f 701/5/4 691/6/4 683/7/4 695/8/4
f 695/4/1 683/3/1 684/2/1 696/1/1
f 699/9/2 693/10/2 685/11/2 697/12/2
f 696/8/2 684/13/2 692/14/2 698/5/2
f 698/5/2 692/14/2 693/10/2 699/9/2
f 694/12/4 682/15/4 690/16/4 700/9/4
f 724/56/3 723/57/3 738/57/3 737/56/3
f 687/17/4 700/18/4 701/19/4 686/20/4
f 679/21/4 694/12/4 700/9/4 687/22/4
f 689/23/2 698/5/2 699/9/2 688/22/2
f 680/24/2 696/8/2 698/5/2 689/23/2
f 688/22/2 699/9/2 697/12/2 678/21/2
f 681/25/1 695/4/1 696/1/1 680/26/1
f 686/23/4 701/5/4 695/8/4 681/24/4
f 678/26/3 697/1/3 694/4/3 679/25/3
f 690/4/1 693/1/1 699/2/1 700/3/1
f 692/2/3 691/3/3 701/4/3 698/1/3
f 721/27/3 709/28/3 706/29/3 718/30/3
f 725/5/4 715/6/4 707/7/4 719/8/4
f 719/4/1 707/3/1 708/2/1 720/1/1
f 723/9/2 717/10/2 709/11/2 721/12/2
f 720/8/2 708/13/2 716/14/2 722/5/2
f 722/5/2 716/14/2 717/10/2 723/9/2
f 718/12/4 706/15/4 714/16/4 724/9/4
f 711/17/4 724/31/4 725/32/4 710/33/4
f 703/21/4 718/12/4 724/9/4 711/22/4
f 713/23/2 722/5/2 723/9/2 712/22/2
f 704/24/2 720/8/2 722/5/2 713/23/2
f 712/22/2 723/9/2 721/12/2 702/21/2
f 705/25/1 719/4/1 720/1/1 704/26/1
f 710/23/4 725/5/4 719/8/4 705/24/4
f 714/3/1 717/2/1 723/1/1 724/4/1
f 716/2/3 715/3/3 725/4/3 722/1/3
f 736/17/4 731/31/4 706/32/4 718/33/4
f 734/1/3 728/2/3 727/3/3 733/4/3
f 735/34/2 732/35/2 728/36/2 734/37/2
f 721/38/2 709/39/2 732/35/2 735/34/2
f 733/37/4 727/13/4 731/14/4 736/34/4
f 729/17/4 736/31/4 718/32/4 703/33/4
f 726/40/4 733/41/4 736/42/4 729/43/4
f 702/44/2 721/45/2 735/42/2 730/43/2
f 730/43/2 735/42/2 734/41/2 746/40/2
f 757/48/5 758/49/5 767/50/5 766/51/5
f 738/52/5 740/53/5 739/54/5 737/55/5
f 722/46/1 725/47/1 739/47/1 740/46/1
f 725/32/4 724/31/4 737/31/4 739/32/4
f 742/58/2 741/59/2 744/60/2 743/61/2
f 743/62/5 744/63/5 747/64/5 745/65/5
f 746/66/4 745/67/4 747/68/4 748/69/4
f 742/62/3 743/63/3 745/64/3 746/65/3
f 749/58/4 748/59/4 747/60/4 750/61/4
f 750/62/5 747/63/5 744/64/5 751/65/5
f 752/66/2 751/67/2 744/68/2 741/69/2
f 749/62/1 750/63/1 751/64/1 752/65/1
f 756/26/3 755/1/3 754/4/3 753/25/3
f 762/70/2 758/71/2 760/72/2 763/73/2
f 763/74/3 760/75/3 759/76/3 764/77/3
f 760/78/5 758/49/5 757/48/5 759/79/5
f 764/73/4 759/72/4 757/71/4 766/80/4 765/81/4 761/70/4
f 764/82/6 761/83/6 762/84/6 763/85/6
f 765/81/4 766/80/4 771/86/4 772/87/4
f 758/71/2 762/70/2 768/81/2 767/80/2
f 762/84/6 761/83/6 765/88/6 768/89/6
f 766/51/5 767/50/5 770/90/5 771/91/5
f 768/89/6 765/88/6 772/92/6 769/93/6
f 773/48/5 774/49/5 783/50/5 782/51/5
f 778/70/4 774/71/4 776/72/4 779/73/4
f 779/74/1 776/75/1 775/76/1 780/77/1
f 776/78/5 774/49/5 773/48/5 775/79/5
f 780/73/2 775/72/2 773/71/2 782/80/2 781/81/2 777/70/2
f 780/82/6 777/83/6 778/84/6 779/85/6
f 781/81/2 782/80/2 787/86/2 788/87/2
f 774/71/4 778/70/4 784/81/4 783/80/4
f 778/84/6 777/83/6 781/88/6 784/89/6
f 782/51/5 783/50/5 786/90/5 787/91/5
f 784/89/6 781/88/6 788/92/6 785/93/6
f 769/94/1 772/95/1 771/96/1 770/97/1
f 785/98/3 788/99/3 787/100/3 786/101/3
f 792/102/6 789/102/6 791/102/6 790/102/6
f 795/103/434 799/104/434 800/105/434 796/106/434
f 792/107/435 796/108/435 793/109/435 789/110/435
f 791/102/436 794/102/436 795/102/436 790/102/436
f 790/111/434 795/103/434 796/106/434 792/112/434
f 789/112/437 793/106/437 794/103/437 791/111/437
f 797/105/437 801/113/437 802/114/437 798/104/437
f 793/106/437 797/105/437 798/104/437 794/103/437
f 796/108/435 800/115/435 797/116/435 793/109/435
f 794/117/438 798/118/438 799/119/438 795/120/438
f 804/121/5 803/122/5 802/123/5 801/124/5
f 800/115/435 804/125/435 801/126/435 797/116/435
f 798/118/439 802/123/439 803/122/439 799/119/439
f 799/104/434 803/114/434 804/113/434 800/105/434
f 808/127/6 805/128/6 806/129/6 807/130/6
f 812/131/5 811/132/5 810/133/5 809/134/5
f 807/130/434 811/130/434 812/127/434 808/127/434
f 805/128/437 809/128/437 810/129/437 806/129/437
f 808/135/435 812/136/435 809/137/435 805/138/435
f 806/129/436 810/129/436 811/130/436 807/130/436
f 813/139/440 817/140/440 818/141/440 814/142/440
f 816/131/441 818/132/441 817/133/441 815/134/441
f 809/128/442 815/143/442 817/140/442 813/139/442
f 812/135/443 816/136/443 815/137/443 809/138/443
f 814/142/434 818/141/434 816/144/434 812/127/434
f 809/128/444 813/139/444 814/142/444 812/127/444
f 824/145/440 823/146/440 820/134/440 819/131/440
f 822/147/441 821/148/441 819/149/441 820/150/441
f 815/151/443 816/152/443 821/136/443 822/137/443
f 823/153/437 815/143/437 822/147/437 820/150/437
f 816/144/445 824/154/445 819/149/445 821/148/445
f 825/155/446 827/156/446 828/157/446 826/158/446
f 829/159/447 831/160/447 832/161/447 830/162/447
f 833/163/448 835/164/448 836/165/448 834/166/448
s 1
f 857/167/21 859/168/22 852/169/23 850/170/24
s 0
f 839/171/25 837/172/25 846/173/25 847/174/25
s 1
f 838/175/26 837/172/27 866/176/28 862/177/29
f 870/178/30 861/179/31 853/180/449 858/181/33
f 851/182/450 854/183/35 863/184/36 865/185/37
f 868/186/38 871/184/39 860/187/40 856/182/41
f 840/188/42 838/175/26 862/177/29 872/189/43
f 839/171/44 840/188/42 872/189/43 867/190/45
f 837/172/27 839/171/44 867/190/45 866/176/28
f 842/191/46 841/192/47 844/193/48 843/194/49
s 0
f 838/175/50 840/188/50 848/195/50 845/196/50
f 837/172/51 838/175/51 845/196/51 846/173/51
f 840/188/52 839/171/52 847/174/52 848/195/52
s 1
f 841/192/47 842/191/46 846/197/53 845/198/54
f 842/191/46 843/194/49 847/199/55 846/197/53
f 844/193/48 841/192/47 845/198/54 848/200/56
f 843/194/49 844/193/48 848/200/56 847/199/55
f 849/201/57 850/202/24 851/203/450
f 852/169/23 853/204/449 854/205/35
f 855/206/58 856/207/41 857/208/21
f 858/209/33 859/210/22 860/187/40
f 861/211/31 862/177/29 863/212/36
f 864/213/59 865/214/37 866/176/28
f 867/190/45 868/215/38 869/216/60
f 870/217/30 871/218/39 872/189/43
f 864/219/59 849/201/57 851/203/450 865/220/37
f 850/170/24 852/169/23 854/205/35 851/221/450
f 853/180/449 861/179/31 863/222/36 854/223/35
f 862/177/29 866/176/28 865/214/37 863/212/36
f 869/216/60 864/213/59 866/176/28 867/190/45
f 861/211/31 870/217/30 872/189/43 862/177/29
f 871/218/39 868/215/38 867/190/45 872/189/43
f 855/206/58 869/224/60 868/225/38 856/207/41
f 870/226/30 858/227/33 860/187/40 871/184/39
f 859/210/22 857/228/21 856/182/41 860/187/40
f 849/201/57 855/206/58 857/208/21 850/202/24
f 858/229/33 853/230/449 852/169/23 859/168/22
f 864/219/59 869/224/60 855/206/58 849/201/57
f 874/231/61 875/232/61 876/233/61 873/234/61
f 877/235/62 879/236/63 880/237/64 878/238/65
s 0
f 881/239/66 882/240/66 884/241/66 883/242/66
s 1
f 878/243/65 880/244/64 884/245/67 882/246/68
f 877/247/62 878/243/65 882/248/68 881/249/69
f 879/250/63 877/251/62 881/252/69 883/253/70
f 880/254/64 879/255/63 883/249/70 884/248/67
f 887/256/71 894/257/72 904/258/451 886/259/74
f 910/260/75 906/261/76 893/262/77 888/263/78
f 889/264/79 900/265/80 898/266/81 892/267/82
f 905/268/83 907/269/84 903/270/85 895/271/86
f 910/272/75 888/273/78 887/274/71 886/275/74 885/276/87 909/277/88
f 893/262/77 895/271/86 894/278/72
f 896/279/89 898/280/81 897/281/90
f 899/282/91 901/283/92 900/284/80
f 902/285/452 904/286/451 903/270/85
f 911/287/453 915/288/95 896/279/89 897/281/90
f 907/269/84 908/289/96 902/285/452 903/270/85
f 894/257/72 895/271/86 903/270/85 904/258/451
f 897/281/90 898/280/81 900/284/80 901/283/92
f 885/263/87 886/290/74 904/278/451 902/262/452
f 893/262/77 894/278/72 887/290/71 888/263/78
f 898/291/81 896/292/89 891/293/97 892/294/82
f 899/295/91 900/296/80 889/297/79 890/298/98
f 913/299/88 912/300/454 899/295/91 890/298/98
f 885/263/87 902/262/452 908/301/96 909/302/88
f 916/303/455 912/304/454 908/289/96 907/269/84
f 895/271/86 893/262/77 906/305/76 905/268/83
f 914/306/75 910/272/75 909/277/88 913/307/88
f 911/287/453 916/303/455 907/269/84 905/268/83
f 914/308/75 915/309/95 906/261/76 910/260/75
f 891/293/97 896/310/89 915/309/95 914/308/75
f 897/281/90 901/283/92 916/303/455 911/287/453
f 891/311/97 914/306/75 913/307/88 890/312/98 889/313/79 892/314/82
f 901/283/92 899/282/91 912/304/454 916/303/455
f 909/302/88 908/301/96 912/300/454 913/299/88
f 905/268/83 906/305/76 915/288/95 911/287/453
f 918/315/101 926/316/456 929/317/103 921/318/457
f 923/319/105 931/320/106 926/316/456 918/315/101
f 921/318/457 929/317/103 927/321/107 919/322/108
f 920/323/458 928/324/459 930/325/111 922/326/112
f 919/322/108 927/321/107 932/327/113 924/328/114
f 924/328/114 932/327/113 928/324/459 920/323/458
f 922/326/112 930/325/111 925/329/115 917/330/460
f 917/330/460 925/329/115 931/320/106 923/319/105
f 941/331/461 937/332/118 935/333/119 942/334/120
f 943/335/462 936/336/463 938/337/123 944/338/464
f 942/334/120 935/333/119 940/339/125 945/340/126
f 945/341/126 940/342/125 936/336/463 943/335/462
f 944/338/464 938/337/123 933/343/127 946/344/128
f 946/344/128 933/343/127 939/345/129 947/346/465
f 948/347/466 934/348/467 937/332/118 941/331/461
f 947/349/465 939/350/129 934/348/467 948/347/466
f 956/351/133 947/349/465 948/347/466 951/352/134
f 951/352/134 948/347/466 941/331/461 949/353/135
f 955/354/136 946/344/128 947/346/465 956/355/133
f 953/356/137 944/338/464 946/344/128 955/354/136
f 954/357/138 945/341/126 943/335/462 950/358/139
f 952/359/140 942/334/120 945/340/126 954/360/138
f 950/358/139 943/335/462 944/338/464 953/356/137
f 949/353/135 941/331/461 942/334/120 952/359/140
f 929/361/103 949/353/135 952/359/140 927/362/107
f 928/363/459 950/358/139 953/356/137 930/364/111
f 927/362/107 952/359/140 954/360/138 932/365/113
f 932/366/113 954/357/138 950/358/139 928/363/459
f 930/364/111 953/356/137 955/354/136 925/367/115
f 925/367/115 955/354/136 956/355/133 931/368/106
f 926/369/456 951/352/134 949/353/135 929/361/103
f 931/370/106 956/351/133 951/352/134 926/369/456
f 958/315/468 966/316/469 969/317/470 961/318/471
f 963/319/472 971/320/473 966/316/469 958/315/468
f 961/318/471 969/317/470 967/321/474 959/322/475
f 960/323/476 968/324/477 970/325/478 962/326/479
f 959/322/475 967/321/474 972/327/480 964/328/481
f 964/328/481 972/327/480 968/324/477 960/323/476
f 962/326/479 970/325/478 965/329/482 957/330/483
f 957/330/483 965/329/482 971/320/473 963/319/472
f 981/331/484 977/332/485 975/333/486 982/334/487
f 983/335/488 976/336/489 978/337/490 984/338/491
f 982/334/487 975/333/486 980/339/492 985/340/493
f 985/341/493 980/342/492 976/336/489 983/335/488
f 984/338/491 978/337/490 973/343/494 986/344/495
f 986/344/495 973/343/494 979/345/496 987/346/497
f 988/347/498 974/348/499 977/332/485 981/331/484
f 987/349/497 979/350/496 974/348/499 988/347/498
f 998/371/500 987/349/497 988/347/498 1001/372/501
f 1001/372/501 988/347/498 981/331/484 999/373/502
f 997/374/503 986/344/495 987/346/497 998/375/500
f 995/376/504 984/338/491 986/344/495 997/374/503
f 996/377/505 985/341/493 983/335/488 1000/378/506
f 994/379/507 982/334/487 985/340/493 996/380/505
f 1000/378/506 983/335/488 984/338/491 995/376/504
f 999/373/502 981/331/484 982/334/487 994/379/507
f 969/361/470 989/353/508 991/359/509 967/362/474
f 968/363/477 1012/358/510 1014/356/511 970/364/478
f 967/362/474 991/359/509 992/360/512 972/365/480
f 972/366/480 992/357/512 1012/358/510 968/363/477
f 970/364/478 1014/356/511 1010/354/513 965/367/482
f 965/367/482 1010/354/513 993/355/514 971/368/473
f 966/369/469 990/352/515 989/353/508 969/361/470
f 971/370/473 993/351/514 990/352/515 966/369/469
f 989/353/508 999/373/502 994/379/507 991/359/509
f 1012/358/516 1000/378/506 995/376/504 1014/356/517
f 991/359/509 994/379/507 996/380/505 992/360/518
f 992/357/518 996/377/505 1000/378/506 1012/358/516
f 1014/356/517 995/376/504 997/374/503 1010/354/519
f 1010/354/519 997/374/503 998/375/500 993/355/514
f 990/352/515 1001/372/501 999/373/502 989/353/508
f 993/351/514 998/371/500 1001/372/501 990/352/515
f 940/342/125 1009/342/193 1005/336/520 936/336/463
f 938/337/123 1007/337/195 1002/343/521 933/343/127
f 933/343/127 1002/343/521 1008/345/522 939/345/129
f 934/348/467 1003/348/198 1006/332/199 937/332/118
f 939/350/129 1008/350/522 1003/348/198 934/348/467
f 937/332/118 1006/332/199 1004/333/200 935/333/119
f 936/336/463 1005/336/520 1007/337/195 938/337/123
f 935/333/119 1004/333/200 1009/339/193 940/339/125
f 1007/337/195 1014/337/201 1010/343/202 1002/343/521
f 1002/343/521 1010/343/202 993/345/203 1008/345/522
f 1003/348/198 1011/348/204 1013/332/523 1006/332/199
f 1008/350/522 993/350/203 1011/348/204 1003/348/198
f 1006/332/199 1013/332/523 991/333/206 1004/333/200
f 1005/336/520 1012/336/207 1014/337/201 1007/337/195
f 1004/333/200 991/333/206 992/339/208 1009/339/193
f 1009/342/193 992/342/208 1012/336/207 1005/336/520
f 1035/167/524 1037/168/525 1030/169/526 1028/170/527
s 0
f 1017/171/528 1015/172/528 1024/173/528 1025/174/528
s 1
f 1016/175/529 1015/172/530 1044/176/531 1040/177/532
f 1048/178/533 1039/179/534 1031/180/535 1036/181/536
f 1029/182/537 1032/183/538 1041/184/539 1043/185/540
f 1046/186/541 1049/184/542 1038/187/543 1034/182/544
f 1018/188/545 1016/175/529 1040/177/532 1050/189/546
f 1017/171/547 1018/188/545 1050/189/546 1045/190/548
f 1015/172/530 1017/171/547 1045/190/548 1044/176/531
f 1020/191/549 1019/192/550 1022/193/551 1021/194/552
s 0
f 1016/175/553 1018/188/553 1026/195/553 1023/196/553
f 1015/172/554 1016/175/554 1023/196/554 1024/173/554
f 1018/188/555 1017/171/555 1025/174/555 1026/195/555
s 1
f 1019/192/550 1020/191/549 1024/197/556 1023/198/557
f 1020/191/549 1021/194/552 1025/199/558 1024/197/556
f 1022/193/551 1019/192/550 1023/198/557 1026/200/559
f 1021/194/552 1022/193/551 1026/200/559 1025/199/558
f 1027/201/560 1028/202/527 1029/203/537
f 1030/169/526 1031/204/535 1032/205/538
f 1033/206/561 1034/207/544 1035/208/524
f 1036/209/536 1037/210/525 1038/187/543
f 1039/211/534 1040/177/532 1041/212/539
f 1042/213/562 1043/214/540 1044/176/531
f 1045/190/548 1046/215/541 1047/216/563
f 1048/217/533 1049/218/542 1050/189/546
f 1042/219/562 1027/201/560 1029/203/537 1043/220/540
f 1028/170/527 1030/169/526 1032/205/538 1029/221/537
f 1031/180/535 1039/179/534 1041/222/539 1032/223/538
f 1040/177/532 1044/176/531 1043/214/540 1041/212/539
f 1047/216/563 1042/213/562 1044/176/531 1045/190/548
f 1039/211/534 1048/217/533 1050/189/546 1040/177/532
f 1049/218/542 1046/215/541 1045/190/548 1050/189/546
f 1033/206/561 1047/224/563 1046/225/541 1034/207/544
f 1048/226/533 1036/227/536 1038/187/543 1049/184/542
f 1037/210/525 1035/228/524 1034/182/544 1038/187/543
f 1027/201/560 1033/206/561 1035/208/524 1028/202/527
f 1036/229/536 1031/230/535 1030/169/526 1037/168/525
f 1042/219/562 1047/224/563 1033/206/561 1027/201/560
f 1052/231/564 1053/232/564 1054/233/564 1051/234/564
f 1055/235/565 1057/236/566 1058/237/567 1056/238/568
s 0
f 1059/239/569 1060/240/569 1062/241/569 1061/242/569
s 1
f 1056/243/568 1058/244/567 1062/245/570 1060/246/571
f 1055/247/565 1056/243/568 1060/248/571 1059/249/572
f 1057/250/566 1055/251/565 1059/252/572 1061/253/573
f 1058/254/567 1057/255/566 1061/249/573 1062/248/570
f 1065/256/574 1072/257/575 1082/258/576 1064/259/577
f 1088/260/578 1084/261/579 1071/262/580 1066/263/581
f 1067/264/582 1078/265/583 1076/266/584 1070/267/585
f 1083/268/586 1085/269/587 1081/270/588 1073/271/589
f 1088/272/578 1066/273/581 1065/274/574 1064/275/577 1063/276/590 1087/277/591
f 1071/262/580 1073/271/589 1072/278/575
f 1074/279/592 1076/280/584 1075/281/593
f 1077/282/594 1079/283/595 1078/284/583
f 1080/285/596 1082/286/576 1081/270/588
f 1089/287/597 1093/288/598 1074/279/592 1075/281/593
f 1085/269/587 1086/289/599 1080/285/596 1081/270/588
f 1072/257/575 1073/271/589 1081/270/588 1082/258/576
f 1075/281/593 1076/280/584 1078/284/583 1079/283/595
f 1063/263/590 1064/290/577 1082/278/576 1080/262/596
f 1071/262/580 1072/278/575 1065/290/574 1066/263/581
f 1076/291/584 1074/292/592 1069/293/600 1070/294/585
f 1077/295/594 1078/296/583 1067/297/582 1068/298/601
f 1091/299/591 1090/300/602 1077/295/594 1068/298/601
f 1063/263/590 1080/262/596 1086/301/599 1087/302/591
f 1094/303/603 1090/304/602 1086/289/599 1085/269/587
f 1073/271/589 1071/262/580 1084/305/579 1083/268/586
f 1092/306/578 1088/272/578 1087/277/591 1091/307/591
f 1089/287/597 1094/303/603 1085/269/587 1083/268/586
f 1092/308/578 1093/309/598 1084/261/579 1088/260/578
f 1069/293/600 1074/310/592 1093/309/598 1092/308/578
f 1075/281/593 1079/283/595 1094/303/603 1089/287/597
f 1069/311/600 1092/306/578 1091/307/591 1068/312/601 1067/313/582 1070/314/585
f 1079/283/595 1077/282/594 1090/304/602 1094/303/603
f 1087/302/591 1086/301/599 1090/300/602 1091/299/591
f 1083/268/586 1084/305/579 1093/288/598 1089/287/597
f 1096/315/604 1104/316/605 1107/317/606 1099/318/607
f 1101/319/608 1109/320/609 1104/316/605 1096/315/604
f 1099/318/607 1107/317/606 1105/321/610 1097/322/611
f 1098/323/612 1106/324/613 1108/325/614 1100/326/615
f 1097/322/611 1105/321/610 1110/327/616 1102/328/617
f 1102/328/617 1110/327/616 1106/324/613 1098/323/612
f 1100/326/615 1108/325/614 1103/329/618 1095/330/619
f 1095/330/619 1103/329/618 1109/320/609 1101/319/608
f 1119/331/620 1115/332/621 1113/333/622 1120/334/623
f 1121/335/624 1114/336/625 1116/337/626 1122/338/627
f 1120/334/623 1113/333/622 1118/339/628 1123/340/629
f 1123/341/629 1118/342/628 1114/336/625 1121/335/624
f 1122/338/627 1116/337/626 1111/343/630 1124/344/631
f 1124/344/631 1111/343/630 1117/345/632 1125/346/633
f 1126/347/634 1112/348/635 1115/332/621 1119/331/620
f 1125/349/633 1117/350/632 1112/348/635 1126/347/634
f 1134/351/636 1125/349/633 1126/347/634 1129/352/637
f 1129/352/637 1126/347/634 1119/331/620 1127/353/638
f 1133/354/639 1124/344/631 1125/346/633 1134/355/636
f 1131/356/640 1122/338/627 1124/344/631 1133/354/639
f 1132/357/641 1123/341/629 1121/335/624 1128/358/642
f 1130/359/643 1120/334/623 1123/340/629 1132/360/641
f 1128/358/642 1121/335/624 1122/338/627 1131/356/640
f 1127/353/638 1119/331/620 1120/334/623 1130/359/643
f 1107/361/606 1127/353/638 1130/359/643 1105/362/610
f 1106/363/613 1128/358/642 1131/356/640 1108/364/614
f 1105/362/610 1130/359/643 1132/360/641 1110/365/616
f 1110/366/616 1132/357/641 1128/358/642 1106/363/613
f 1108/364/614 1131/356/640 1133/354/639 1103/367/618
f 1103/367/618 1133/354/639 1134/355/636 1109/368/609
f 1104/369/605 1129/352/637 1127/353/638 1107/361/606
f 1109/370/609 1134/351/636 1129/352/637 1104/369/605
f 1136/315/644 1144/316/645 1147/317/646 1139/318/647
f 1141/319/648 1149/320/649 1144/316/645 1136/315/644
f 1139/318/647 1147/317/646 1145/321/650 1137/322/651
f 1138/323/652 1146/324/653 1148/325/654 1140/326/655
f 1137/322/651 1145/321/650 1150/327/656 1142/328/657
f 1142/328/657 1150/327/656 1146/324/653 1138/323/652
f 1140/326/655 1148/325/654 1143/329/658 1135/330/659
f 1135/330/659 1143/329/658 1149/320/649 1141/319/648
f 1159/331/660 1155/332/661 1153/333/662 1160/334/663
f 1161/335/664 1154/336/665 1156/337/666 1162/338/667
f 1160/334/663 1153/333/662 1158/339/668 1163/340/669
f 1163/341/669 1158/342/668 1154/336/665 1161/335/664
f 1162/338/667 1156/337/666 1151/343/670 1164/344/671
f 1164/344/671 1151/343/670 1157/345/672 1165/346/673
f 1166/347/674 1152/348/675 1155/332/661 1159/331/660
f 1165/349/673 1157/350/672 1152/348/675 1166/347/674
f 1176/371/676 1165/349/673 1166/347/674 1179/372/677
f 1179/372/677 1166/347/674 1159/331/660 1177/373/678
f 1175/374/679 1164/344/671 1165/346/673 1176/375/676
f 1173/376/680 1162/338/667 1164/344/671 1175/374/679
f 1174/377/681 1163/341/669 1161/335/664 1178/378/682
f 1172/379/683 1160/334/663 1163/340/669 1174/380/681
f 1178/378/682 1161/335/664 1162/338/667 1173/376/680
f 1177/373/678 1159/331/660 1160/334/663 1172/379/683
f 1147/361/646 1167/353/684 1169/359/685 1145/362/650
f 1146/363/653 1190/358/686 1192/356/687 1148/364/654
f 1145/362/650 1169/359/685 1170/360/688 1150/365/656
f 1150/366/656 1170/357/688 1190/358/686 1146/363/653
f 1148/364/654 1192/356/687 1188/354/689 1143/367/658
f 1143/367/658 1188/354/689 1171/355/690 1149/368/649
f 1144/369/645 1168/352/691 1167/353/684 1147/361/646
f 1149/370/649 1171/351/690 1168/352/691 1144/369/645
f 1167/353/684 1177/373/678 1172/379/683 1169/359/685
f 1190/358/692 1178/378/682 1173/376/680 1192/356/693
f 1169/359/685 1172/379/683 1174/380/681 1170/360/694
f 1170/357/694 1174/377/681 1178/378/682 1190/358/692
f 1192/356/693 1173/376/680 1175/374/679 1188/354/695
f 1188/354/695 1175/374/679 1176/375/676 1171/355/690
f 1168/352/691 1179/372/677 1177/373/678 1167/353/684
f 1171/351/690 1176/371/676 1179/372/677 1168/352/691
f 1118/342/628 1187/342/696 1183/336/697 1114/336/625
f 1116/337/626 1185/337/698 1180/343/699 1111/343/630
f 1111/343/630 1180/343/699 1186/345/700 1117/345/632
f 1112/348/635 1181/348/701 1184/332/702 1115/332/621
f 1117/350/632 1186/350/700 1181/348/701 1112/348/635
f 1115/332/621 1184/332/702 1182/333/703 1113/333/622
f 1114/336/625 1183/336/697 1185/337/698 1116/337/626
f 1113/333/622 1182/333/703 1187/339/696 1118/339/628
f 1185/337/698 1192/337/704 1188/343/705 1180/343/699
f 1180/343/699 1188/343/705 1171/345/706 1186/345/700
f 1181/348/701 1189/348/707 1191/332/708 1184/332/702
f 1186/350/700 1171/350/706 1189/348/707 1181/348/701
f 1184/332/702 1191/332/708 1169/333/709 1182/333/703
f 1183/336/697 1190/336/710 1192/337/704 1185/337/698
f 1182/333/703 1169/333/709 1170/339/711 1187/339/696
f 1187/342/696 1170/342/711 1190/336/710 1183/336/697
f 1213/167/712 1215/168/713 1208/169/714 1206/170/715
s 0
f 1195/171/716 1193/172/716 1202/173/716 1203/174/716
s 1
f 1194/175/717 1193/172/718 1222/176/719 1218/177/720
f 1226/178/721 1217/179/722 1209/180/723 1214/181/724
f 1207/182/725 1210/183/726 1219/184/727 1221/185/728
f 1224/186/729 1227/184/730 1216/187/731 1212/182/732
f 1196/188/718 1194/175/717 1218/177/720 1228/189/733
f 1195/171/718 1196/188/718 1228/189/733 1223/190/734
f 1193/172/718 1195/171/718 1223/190/734 1222/176/719
f 1198/191/735 1197/192/736 1200/193/737 1199/194/738
s 0
f 1194/175/739 1196/188/739 1204/195/739 1201/196/739
f 1193/172/740 1194/175/740 1201/196/740 1202/173/740
f 1196/188/741 1195/171/741 1203/174/741 1204/195/741
s 1
f 1197/192/736 1198/191/735 1202/197/742 1201/198/743
f 1198/191/735 1199/194/738 1203/199/744 1202/197/742
f 1200/193/737 1197/192/736 1201/198/743 1204/200/745
f 1199/194/738 1200/193/737 1204/200/745 1203/199/744
f 1205/201/746 1206/202/715 1207/203/725
f 1208/169/714 1209/204/723 1210/205/726
f 1211/206/747 1212/207/732 1213/208/712
f 1214/209/724 1215/210/713 1216/187/731
f 1217/211/722 1218/177/720 1219/212/727
f 1220/213/748 1221/214/728 1222/176/719
f 1223/190/734 1224/215/729 1225/216/749
f 1226/217/721 1227/218/730 1228/189/733
f 1220/219/748 1205/201/746 1207/203/725 1221/220/728
f 1206/170/715 1208/169/714 1210/205/726 1207/221/725
f 1209/180/723 1217/179/722 1219/222/727 1210/223/726
f 1218/177/720 1222/176/719 1221/214/728 1219/212/727
f 1225/216/749 1220/213/748 1222/176/719 1223/190/734
f 1217/211/722 1226/217/721 1228/189/733 1218/177/720
f 1227/218/730 1224/215/729 1223/190/734 1228/189/733
f 1211/206/747 1225/224/749 1224/225/729 1212/207/732
f 1226/226/721 1214/227/724 1216/187/731 1227/184/730
f 1215/210/713 1213/228/712 1212/182/732 1216/187/731
f 1205/201/746 1211/206/747 1213/208/712 1206/202/715
f 1214/229/724 1209/230/723 1208/169/714 1215/168/713
f 1220/219/748 1225/224/749 1211/206/747 1205/201/746
f 1249/167/750 1251/168/751 1244/169/752 1242/170/753
s 0
f 1231/171/754 1229/172/754 1238/173/754 1239/174/754
s 1
f 1230/175/755 1229/172/755 1258/176/756 1254/177/757
f 1262/178/758 1253/179/759 1245/180/760 1250/181/761
f 1243/182/762 1246/183/763 1255/184/764 1257/185/765
f 1260/186/766 1263/184/767 1252/187/768 1248/182/769
f 1232/188/755 1230/175/755 1254/177/757 1264/189/770
f 1231/171/755 1232/188/755 1264/189/770 1259/190/771
f 1229/172/755 1231/171/755 1259/190/771 1258/176/756
f 1234/191/772 1233/192/773 1236/193/774 1235/194/775
s 0
f 1230/175/776 1232/188/776 1240/195/776 1237/196/776
f 1229/172/777 1230/175/777 1237/196/777 1238/173/777
f 1232/188/778 1231/171/778 1239/174/778 1240/195/778
s 1
f 1233/192/773 1234/191/772 1238/197/779 1237/198/780
f 1234/191/772 1235/194/775 1239/199/781 1238/197/779
f 1236/193/774 1233/192/773 1237/198/780 1240/200/782
f 1235/194/775 1236/193/774 1240/200/782 1239/199/781
f 1241/201/783 1242/202/753 1243/203/762
f 1244/169/752 1245/204/760 1246/205/763
f 1247/206/784 1248/207/769 1249/208/750
f 1250/209/761 1251/210/751 1252/187/768
f 1253/211/759 1254/177/757 1255/212/764
f 1256/213/785 1257/214/765 1258/176/756
f 1259/190/771 1260/215/766 1261/216/786
f 1262/217/758 1263/218/767 1264/189/770
f 1256/219/785 1241/201/783 1243/203/762 1257/220/765
f 1242/170/753 1244/169/752 1246/205/763 1243/221/762
f 1245/180/760 1253/179/759 1255/222/764 1246/223/763
f 1254/177/757 1258/176/756 1257/214/765 1255/212/764
f 1261/216/786 1256/213/785 1258/176/756 1259/190/771
f 1253/211/759 1262/217/758 1264/189/770 1254/177/757
f 1263/218/767 1260/215/766 1259/190/771 1264/189/770
f 1247/206/784 1261/224/786 1260/225/766 1248/207/769
f 1262/226/758 1250/227/761 1252/187/768 1263/184/767
f 1251/210/751 1249/228/750 1248/182/769 1252/187/768
f 1241/201/783 1247/206/784 1249/208/750 1242/202/753
f 1250/229/761 1245/230/760 1244/169/752 1251/168/751
f 1256/219/785 1261/224/786 1247/206/784 1241/201/783
l 62 61
l 21 62
l 61 22
