# Blender 5.2.1 LTS
# www.blender.org
mtllib subLiera.mtl
o corridor_straight.014
v 2.677675 2.375000 7.625000
v 2.677675 2.968905 7.625000
v 2.677675 2.968905 7.375000
v 2.677675 2.375000 7.375000
v -2.375000 -2.500000 7.625000
v -2.625000 -2.500000 7.625000
v -2.625000 -2.500000 7.375000
v -2.375000 -2.500000 7.375000
v -2.677675 2.375000 7.625000
v -2.677675 2.968905 7.625000
v -2.677675 2.968905 7.375000
v -2.677675 2.375000 7.375000
v -2.375000 2.375000 7.625000
v -2.625000 2.375000 7.625000
v -2.625000 2.375000 7.375000
v -2.375000 2.375000 7.375000
v 2.625000 -2.500000 7.625000
v 2.375000 -2.500000 7.625000
v 2.375000 -2.500000 7.375000
v 2.625000 -2.500000 7.375000
v 2.625000 2.375000 7.625000
v 2.375000 2.375000 7.625000
v 2.375000 2.375000 7.375000
v 2.625000 2.375000 7.375000
v -36.736179 -13.809995 6.750561
v -25.000000 -12.500002 7.500001
v -74.711800 -11.282066 18.813812
v -64.562019 -10.650677 13.566810
v -64.031677 -3.236406 11.891050
v -53.313316 -14.078283 8.253289
v -43.110775 -9.143630 9.041039
v -44.479958 -2.749642 7.988930
v -72.374222 -4.974504 17.927103
v -63.707832 7.364530 14.128809
v -55.037132 -2.464623 6.645999
v -44.942284 7.766849 8.103150
v -34.480373 -2.419703 8.047800
v -35.627220 6.862782 6.313667
v -25.000000 -2.500001 7.500000
v -76.698952 8.912063 11.686105
v -76.924026 16.934067 12.323588
v -55.436474 5.318290 10.150442
v -53.142601 15.744476 11.524886
v -42.426029 17.588223 7.384742
v -25.000000 7.500002 7.500000
v -25.000000 17.500004 7.499999
v -76.501862 29.298792 17.659185
v -66.389534 19.017685 10.280064
v -67.566971 27.330620 10.182837
v -53.542347 27.499786 8.000563
v -46.696602 25.275642 7.534345
v -33.430111 16.943092 6.556543
v -33.877827 25.763107 7.733152
v -25.000000 27.492580 7.474516
v -83.299171 -13.600149 22.937767
v -103.635162 -12.237216 54.325478
v -102.535049 -8.960836 47.282188
v -103.475792 -5.235712 47.322216
v -94.990250 -11.695505 36.912491
v -87.940025 -11.436312 30.890341
v -88.766693 -2.406100 29.317856
v -103.219460 -1.895544 55.424622
v -98.445389 7.888968 45.773346
v -94.644196 -2.820612 37.260303
v -90.005219 5.968592 31.643686
v -80.950745 -2.472764 22.833462
v -83.346603 8.981145 21.237793
v -106.629936 7.128526 57.059204
v -106.545975 16.271683 54.515572
v -94.699417 4.504219 38.019428
v -92.093704 16.398268 39.372242
v -86.069405 16.384073 28.912991
v -104.752899 26.833344 55.720058
v -104.101517 17.223948 45.628616
v -101.903694 27.176697 45.593151
v -94.558556 25.944519 36.602821
v -91.288368 27.085201 29.391506
v -83.571213 18.670885 22.586811
v -80.795204 26.734858 25.134686
v -73.499489 -74.063477 13.791758
v -64.130867 -72.476349 10.387312
v -52.594639 -72.552605 12.258755
v -43.209267 -73.260368 9.688045
v -35.750378 -71.552193 5.037551
v -36.320900 -62.873207 5.002761
v -26.758041 -74.845398 8.387857
v -26.574219 -62.371334 7.518258
v -74.265144 -60.158852 20.368160
v -67.905327 -61.729706 10.876613
v -64.283424 -54.258514 11.711210
v -54.950882 -62.493534 9.555907
v -45.193329 -60.715233 10.216613
v -45.180107 -53.807320 8.784265
v -73.271660 -53.558849 20.099176
v -64.894760 -42.127396 14.838451
v -54.406487 -50.997066 7.719788
v -45.746464 -42.933498 8.715232
v -34.791348 -53.007092 6.948141
v -34.384251 -44.180607 6.329168
v -24.832962 -52.702003 9.677657
v -75.019081 -43.121723 13.183893
v -75.894409 -36.642601 15.128844
v -53.133751 -44.907265 9.634804
v -54.682957 -34.488121 12.155755
v -44.116856 -31.493757 6.656358
v -25.148676 -42.965622 7.434090
v -27.573826 -33.438953 8.650830
v -77.054398 -20.159288 17.484447
v -64.617088 -31.296898 9.564588
v -63.145599 -22.873512 11.113560
v -53.771358 -21.326645 9.115731
v -48.569923 -25.143742 5.303590
v -35.444050 -32.265591 6.675193
v -35.257851 -23.976366 8.820560
v -25.000000 -22.500002 7.500002
v -105.385727 -72.385880 58.232952
v -100.885773 -72.699677 45.388653
v -92.058189 -71.907776 38.827873
v -86.349022 -73.209236 30.810038
v -83.575966 -73.260323 21.619431
v -83.434639 -63.492619 20.958828
v -104.003380 -62.449680 54.795116
v -100.922310 -62.421329 46.110035
v -102.198563 -51.804012 46.344181
v -94.442513 -63.748035 35.892292
v -89.185249 -62.365841 28.767370
v -88.082977 -53.149208 29.254421
v -106.356743 -52.247540 56.466213
v -97.857742 -42.895737 46.904789
v -94.745377 -52.435852 38.627541
v -87.766228 -44.384747 28.856234
v -80.839951 -52.811119 22.828382
v -82.250473 -42.838524 22.411350
v -103.763565 -41.628704 54.883617
v -106.445457 -32.004974 55.215000
v -95.753830 -45.189960 39.177086
v -93.234665 -34.142921 38.573341
v -86.287796 -30.733423 28.505604
v -104.965012 -23.243937 54.627457
v -102.555740 -31.206675 43.953281
v -101.185677 -22.291906 47.304497
v -94.528191 -21.994295 35.650398
v -88.490067 -24.980391 29.976227
v -81.942589 -31.547543 22.664864
v -80.558350 -23.764006 22.951729
v -83.101425 37.349556 22.283092
v -25.172174 77.921127 7.456054
v -34.164650 76.778793 7.982267
v -36.533813 66.351212 7.388759
v -47.276951 74.839249 7.523817
v -54.165455 77.153641 8.264312
v -65.093155 77.382935 12.641195
v -67.513275 68.079033 11.745448
v -76.728737 80.774117 16.912703
v -27.360771 67.866158 6.615381
v -23.514673 57.702156 8.743181
v -44.675217 69.931664 9.871649
v -52.774239 67.627472 10.631557
v -54.403587 56.137650 10.729643
v -77.187019 65.985817 14.092155
v -77.039978 57.294735 13.706289
v -25.856651 48.403687 7.248407
v -35.268646 57.388763 6.674500
v -32.653667 47.937210 7.235752
v -44.674587 59.007133 8.960123
v -55.234299 47.790421 9.734484
v -64.075493 57.633736 13.841921
v -72.250214 46.555130 18.085123
v -42.163204 47.393898 8.279978
v -44.636330 39.342670 6.626980
v -53.561935 38.056152 6.441686
v -65.737923 44.131435 8.813564
v -66.429085 41.194912 10.644671
v -72.724731 38.581215 21.086777
v -27.794666 37.008438 7.915203
v -36.322845 36.713978 6.196835
v -104.992744 37.803440 55.533512
v -101.656944 39.890373 46.878696
v -102.590408 46.429371 45.750614
v -93.428490 36.809967 36.185310
v -87.945496 38.259457 31.675745
v -89.034607 47.759003 29.048077
v -105.228813 47.702381 56.023212
v -98.649094 58.760681 46.820141
v -96.056557 46.971806 37.519566
v -88.263138 57.749649 31.111017
v -79.101219 48.651573 24.963709
v -81.402435 59.588753 21.353432
v -107.129318 58.496918 55.283039
v -105.007187 67.889015 55.161854
v -93.914375 55.974133 38.603348
v -94.348030 65.595924 39.937691
v -87.019897 66.901024 30.231613
v -104.434349 78.672173 56.159470
v -103.984612 66.267555 45.661617
v -101.234596 78.316605 47.038376
v -94.937927 76.411789 37.540428
v -90.076866 75.732658 31.031546
v -80.849472 68.994049 22.975346
v -79.786087 74.972267 22.564568
v 36.736179 -13.809995 6.750561
v 27.500008 -12.500002 7.500001
v 74.711800 -11.282066 18.813812
v 64.562019 -10.650677 13.566810
v 64.031677 -3.236406 11.891050
v 53.313316 -14.078283 8.253289
v 43.110775 -9.143630 9.041039
v 44.479958 -2.749642 7.988930
v 72.374222 -4.974504 17.927103
v 63.707832 7.364530 14.128809
v 55.037132 -2.464623 6.645999
v 44.942284 7.766849 8.103150
v 34.480373 -2.419703 8.047800
v 35.627220 6.862782 6.313667
v 27.500008 -2.500001 7.500000
v 76.698952 8.912063 11.686105
v 76.924026 16.934067 12.323588
v 55.436474 5.318290 10.150442
v 53.142601 15.744476 11.524886
v 42.426029 17.588223 7.384742
v 27.500008 7.500002 7.500000
v 27.500008 17.500004 7.499999
v 76.501862 29.298792 17.659185
v 66.389534 19.017685 10.280064
v 67.566971 27.330620 10.182837
v 53.542347 27.499786 8.000563
v 46.696602 25.275642 7.534345
v 33.430111 16.943092 6.556543
v 33.877827 25.763107 7.733152
v 27.500008 27.492580 7.474516
v 83.299171 -13.600149 22.937767
v 103.635162 -12.237216 54.325478
v 102.535049 -8.960836 47.282188
v 103.475792 -5.235712 47.322216
v 94.990250 -11.695505 36.912491
v 87.940025 -11.436312 30.890341
v 88.766693 -2.406100 29.317856
v 103.219460 -1.895544 55.424622
v 98.445389 7.888968 45.773346
v 94.644196 -2.820612 37.260303
v 90.005219 5.968592 31.643686
v 80.950745 -2.472764 22.833462
v 83.346603 8.981145 21.237793
v 106.629936 7.128526 57.059204
v 106.545975 16.271683 54.515572
v 94.699417 4.504219 38.019428
v 92.093704 16.398268 39.372242
v 86.069405 16.384073 28.912991
v 104.752899 26.833344 55.720058
v 104.101517 17.223948 45.628616
v 101.903694 27.176697 45.593151
v 94.558556 25.944519 36.602821
v 91.288368 27.085201 29.391506
v 83.571213 18.670885 22.586811
v 80.795204 26.734858 25.134686
v 73.499489 -74.063477 13.791758
v 64.130867 -72.476349 10.387312
v 52.594639 -72.552605 12.258755
v 43.209267 -73.260368 9.688045
v 35.750378 -71.552193 5.037551
v 36.320900 -62.873207 5.002761
v 26.758041 -74.845398 8.387857
v 26.574219 -62.371334 7.518258
v 74.265144 -60.158852 20.368160
v 67.905327 -61.729706 10.876613
v 64.283424 -54.258514 11.711210
v 54.950882 -62.493534 9.555907
v 45.193329 -60.715233 10.216613
v 45.180107 -53.807320 8.784265
v 73.271660 -53.558849 20.099176
v 64.894760 -42.127396 14.838451
v 54.406487 -50.997066 7.719788
v 45.746464 -42.933498 8.715232
v 34.791348 -53.007092 6.948141
v 34.384251 -44.180607 6.329168
v 24.832962 -52.702003 9.677657
v 75.019081 -43.121723 13.183893
v 75.894409 -36.642601 15.128844
v 53.133751 -44.907265 9.634804
v 54.682957 -34.488121 12.155755
v 44.116856 -31.493757 6.656358
v 25.148676 -42.965622 7.434090
v 27.573826 -33.438953 8.650830
v 77.054398 -20.159288 17.484447
v 64.617088 -31.296898 9.564588
v 63.145599 -22.873512 11.113560
v 53.771358 -21.326645 9.115731
v 48.569923 -25.143742 5.303590
v 35.444050 -32.265591 6.675193
v 35.257851 -23.976366 8.820560
v 27.500008 -22.500002 7.500002
v 105.385727 -72.385880 58.232952
v 100.885773 -72.699677 45.388653
v 92.058189 -71.907776 38.827873
v 86.349022 -73.209236 30.810038
v 83.575966 -73.260323 21.619431
v 83.434639 -63.492619 20.958828
v 104.003380 -62.449680 54.795116
v 100.922310 -62.421329 46.110035
v 102.198563 -51.804012 46.344181
v 94.442513 -63.748035 35.892292
v 89.185249 -62.365841 28.767370
v 88.082977 -53.149208 29.254421
v 106.356743 -52.247540 56.466213
v 97.857742 -42.895737 46.904789
v 94.745377 -52.435852 38.627541
v 87.766228 -44.384747 28.856234
v 80.839951 -52.811119 22.828382
v 82.250473 -42.838524 22.411350
v 103.763565 -41.628704 54.883617
v 106.445457 -32.004974 55.215000
v 95.753830 -45.189960 39.177086
v 93.234665 -34.142921 38.573341
v 86.287796 -30.733423 28.505604
v 104.965012 -23.243937 54.627457
v 102.555740 -31.206675 43.953281
v 101.185677 -22.291906 47.304497
v 94.528191 -21.994295 35.650398
v 88.490067 -24.980391 29.976227
v 81.942589 -31.547543 22.664864
v 80.558350 -23.764006 22.951729
v 83.101425 37.349556 22.283092
v 25.172174 77.921127 7.456054
v 34.164650 76.778793 7.982267
v 36.533813 66.351212 7.388759
v 47.276951 74.839249 7.523817
v 54.165455 77.153641 8.264312
v 65.093155 77.382935 12.641195
v 67.513275 68.079033 11.745448
v 76.728737 80.774117 16.912703
v 27.172878 67.134819 5.668864
v 23.899038 57.893776 8.198218
v 44.675217 69.931664 9.871649
v 52.774239 67.627472 10.631557
v 54.403587 56.137650 10.729643
v 77.187019 65.985817 14.092155
v 77.039978 57.294735 13.706289
v 25.559204 49.006126 8.003765
v 35.268646 57.388763 6.674500
v 32.653667 47.937210 7.235752
v 44.674587 59.007133 8.960123
v 55.234299 47.790421 9.734484
v 64.075493 57.633736 13.841921
v 72.250214 46.555130 18.085123
v 42.163204 47.393898 8.279978
v 44.636330 39.342670 6.626980
v 53.561935 38.056152 6.441686
v 65.737923 44.131435 8.813564
v 66.429085 41.194912 10.644671
v 72.724731 38.581215 21.086777
v 27.279030 37.286453 8.165919
v 36.322845 36.713978 6.196835
v 104.992744 37.803440 55.533512
v 101.656944 39.890373 46.878696
v 102.590408 46.429371 45.750614
v 93.428490 36.809967 36.185310
v 87.945496 38.259457 31.675745
v 89.034607 47.759003 29.048077
v 105.228813 47.702381 56.023212
v 98.649094 58.760681 46.820141
v 96.056557 46.971806 37.519566
v 88.263138 57.749649 31.111017
v 79.101219 48.651573 24.963709
v 81.402435 59.588753 21.353432
v 107.129318 58.496918 55.283039
v 105.007187 67.889015 55.161854
v 93.914375 55.974133 38.603348
v 94.348030 65.595924 39.937691
v 87.019897 66.901024 30.231613
v 104.434349 78.672173 56.159470
v 103.984612 66.267555 45.661617
v 101.234596 78.316605 47.038376
v 94.937927 76.411789 37.540428
v 90.076866 75.732658 31.031546
v 80.849472 68.994049 22.975346
v 79.786087 74.972267 22.564568
v -15.033537 27.492580 7.474516
v -2.496929 27.492580 7.474516
v 5.016669 27.492580 7.474516
v 17.555191 27.492580 7.474516
v 17.480314 76.174103 12.772650
v 15.256482 65.954384 11.829152
v 5.012903 74.961800 9.414329
v -2.669792 77.341988 8.422708
v -14.224508 77.476074 11.169437
v -15.725783 68.201607 9.024749
v 6.654287 70.225464 11.957296
v -1.116847 67.309929 11.268020
v -2.316244 56.287247 11.699987
v 16.545042 57.511406 10.869088
v 19.072466 47.995323 11.873909
v 6.361695 59.486576 11.440711
v -3.674758 48.051842 9.884783
v -12.686289 57.524902 12.299257
v 9.514995 47.409328 11.027285
v 7.056991 39.255070 9.347546
v -0.930077 37.412476 6.813838
v -13.180429 44.446587 6.356822
v -14.793805 40.936691 8.649842
v 15.767407 36.881447 9.816706
v 27.500008 -22.539055 7.537639
v -12.516205 -73.836945 9.896141
v -4.571336 -73.330566 4.573909
v 2.658072 -74.684982 5.537349
v 15.970651 -75.069473 8.430253
v 17.524782 -22.539055 7.537639
v 15.428656 -34.466747 11.873096
v 7.507349 -22.539055 7.537639
v -2.182899 -22.539055 7.537639
v -14.852724 -22.539055 7.537639
v -15.553612 -32.219524 9.068691
v 6.826459 -30.195667 12.001240
v -0.944675 -33.111202 11.311963
v -2.144072 -44.133888 11.743940
v 16.717215 -42.909729 10.913041
v 19.244638 -52.425808 11.917862
v 6.533867 -40.934559 11.484664
v -3.502586 -52.369289 9.928726
v -12.514116 -42.896229 12.343209
v 9.687167 -53.011799 11.071238
v 7.229163 -61.166069 9.391489
v -0.757905 -63.008656 6.857781
v -13.008257 -55.974545 6.400766
v -14.621632 -59.484440 8.693786
v 15.939580 -63.539688 9.860649
v -22.439177 -22.539059 7.537636
v -17.404095 -22.539059 7.537636
v -17.265488 -17.590843 7.737761
v -22.724663 -17.540205 7.205535
v -22.753082 -12.675644 7.301882
v -22.749828 -7.231982 7.628851
v -22.689857 -2.798377 7.445901
v -22.542339 2.504973 7.465277
v -22.424070 7.761020 7.583215
v -17.504747 7.463367 7.427239
v -22.387550 12.440790 7.944218
v -22.467361 17.446688 7.512768
v -17.506824 22.491161 7.493764
v -22.444761 22.504543 7.553971
v -22.573837 27.492580 7.474516
v -17.468573 27.492580 7.474516
v -12.478423 -22.539059 7.537636
v -17.322205 -12.438727 7.583722
v -17.714369 -7.405828 7.408970
v -17.702118 -2.453430 7.722457
v -17.355728 2.561285 7.329350
v -17.818913 12.158333 7.388975
v -17.543367 17.646908 7.446342
v -12.384615 -17.658775 7.533449
v -12.176123 -12.425200 7.863141
v -12.525047 -7.438680 7.535041
v -7.487059 -7.470945 7.502780
v -12.780474 -2.260280 7.634683
v -12.547103 2.630711 7.525687
v -7.312486 2.445584 7.597914
v -12.502039 7.507718 7.511920
v -12.683224 12.456206 7.727641
v -12.321223 17.178164 7.437786
v -7.244144 22.657581 7.255867
v -12.530329 22.370893 7.573682
v -12.444686 27.492580 7.474516
v -7.471879 27.492580 7.474516
v -7.752504 -22.539059 7.537636
v -7.522696 -17.624044 7.676116
v -7.500669 -12.499884 7.499898
v -7.221951 -2.253609 7.212222
v -2.500000 -2.500000 7.499995
v -2.500000 2.500000 7.499995
v -7.495857 7.500002 7.506113
v -2.346453 7.151480 7.691032
v -7.184093 12.561917 7.272016
v -2.198084 12.704725 7.695958
v -7.341004 17.696959 7.538754
v -2.745759 17.485214 7.359932
v -2.681141 22.747267 7.608562
v -2.496929 27.492580 7.474516
v -2.182899 -22.539059 7.537636
v 2.672040 -22.539059 7.537636
v -2.556951 -17.179470 7.398910
v 2.691274 -17.772539 7.721740
v -2.204547 -12.548247 7.534765
v 2.508594 -12.531251 7.066756
v -2.526005 -7.210086 7.805980
v 2.514135 12.496938 7.564489
v 7.268639 -12.465757 7.415153
v 2.485144 -7.505925 7.492614
v 7.424948 -7.739984 7.647040
v 2.500000 -2.500000 7.499995
v 7.491615 -2.655256 7.749186
v 2.500000 2.500000 7.499995
v 7.793009 2.849086 7.352018
v 7.762372 7.436744 7.496950
v 2.660074 7.180147 7.478702
v 7.832561 12.597829 7.653903
v 2.288882 17.452900 7.331859
v 7.523104 17.462086 7.411746
v 2.657239 22.421749 7.249973
v 7.574358 22.639444 7.332724
v 2.725508 27.492580 7.474516
v 7.693080 27.492580 7.474516
v 7.507349 -22.539059 7.537636
v 12.666677 -22.539059 7.537636
v 7.545011 -17.452761 7.677041
v 12.348084 -17.363379 7.551385
v 12.472162 -12.508148 7.137052
v 12.251455 -7.505197 7.486709
v 12.349978 -2.144116 7.323125
v 12.294015 2.557053 7.669659
v 12.542364 7.591128 7.303823
v 12.579694 17.351759 7.843855
v 17.524784 -22.539059 7.537636
v 17.928976 -2.385321 7.308187
v 17.548733 2.514768 7.475467
v 17.319983 7.351845 7.652697
v 12.086987 12.567015 7.708019
v 12.513130 22.323917 7.349179
v 12.825166 27.492580 7.474516
v 17.555193 27.492580 7.474516
v 17.682909 -17.454527 7.344450
v 17.439907 -12.468490 7.540740
v 17.608545 -7.560838 7.076393
v 22.516804 -7.465847 7.417238
v 22.390020 -2.573230 7.494915
v 17.511494 12.485557 7.367362
v 17.499794 17.544712 7.641495
v 17.520548 22.447985 7.841745
v 22.378157 -22.539059 7.537636
v 27.500008 -22.539059 7.500582
v 22.409992 -17.286909 7.633146
v 27.500008 -17.500004 7.500582
v 22.542990 -12.956190 7.418874
v 27.500008 -7.500002 7.500582
v 22.378389 2.671165 7.743711
v 27.500008 2.500000 7.500582
v 22.762859 7.696847 7.701423
v 22.414177 12.529757 7.560066
v 27.500008 12.500004 7.500582
v 22.770384 17.416113 7.370852
v 22.379370 22.464933 7.487541
v 27.500008 22.500004 7.500582
v 22.516201 27.492580 7.474516
v -22.595118 -19.736536 7.676801
v -20.014326 -22.539059 7.537636
v -22.529144 -15.087060 7.495438
v -20.161823 -17.687033 7.634617
v -17.214840 -15.124320 7.579390
v -22.165270 -9.895835 7.345808
v -20.055603 -12.466407 7.493082
v -17.644747 -10.274970 7.676461
v -19.961582 -7.417825 7.677312
v -22.440533 -5.163195 7.806769
v -22.447634 -0.029924 7.470663
v -20.062016 -2.564812 7.557650
v -20.275114 2.529916 7.624288
v -22.475988 4.946347 7.521755
v -20.030884 7.510084 7.430579
v -22.560471 9.901437 7.621035
v -19.996780 12.481818 7.507321
v -22.524775 15.013435 7.484168
v -19.788662 17.890373 7.495981
v -22.415810 20.153793 7.504538
v -17.446667 20.171017 7.491084
v -22.613899 25.118092 7.453416
v -19.722799 22.549675 7.289222
v -17.531025 24.953022 7.570763
v -19.600046 27.492580 7.474516
v -17.694859 -20.011974 7.372054
v -14.852725 -22.539059 7.537636
v -12.801233 -20.167662 7.557863
v -15.019823 -17.523287 7.487184
v -14.960064 -12.488374 7.495910
v -12.437205 -9.980791 7.399646
v -14.957586 -7.612015 7.443777
v -17.529995 -5.031125 7.493833
v -17.836746 -0.016327 7.629111
v -15.037449 -2.708032 7.369941
v -14.880159 2.450281 7.429471
v -17.468943 4.970501 7.475054
v -14.970209 7.558083 7.556881
v -17.953936 10.033054 7.416772
v -12.461069 10.005913 7.848250
v -15.233865 12.464285 7.930786
v -17.494179 15.315057 7.814799
v -12.438955 14.704208 7.692562
v -15.122137 17.483953 7.358936
v -14.644056 22.575386 7.364760
v -15.033537 27.492580 7.474516
v -9.982429 -22.539059 7.537636
v -9.993047 -17.578377 7.505034
v -12.417182 -15.067939 7.517804
v -10.316095 -12.328022 7.694880
v -9.969245 -7.313558 7.216692
v -12.452699 -5.027802 7.594460
v -7.443084 -4.981730 7.444685
v -12.514220 -0.217325 7.501652
v -9.790749 -2.413284 7.456689
v -12.537770 5.001550 7.301001
v -10.329585 2.364612 7.151072
v -7.695954 4.602213 7.671761
v -9.626333 7.385850 7.568051
v -9.980022 12.487168 7.588247
v -7.497316 15.003972 7.441429
v -12.395514 20.170938 7.265695
v -10.048199 17.713110 7.388793
v -10.075495 22.356644 7.421976
v -12.227856 25.351589 7.522049
v -7.464950 24.962479 7.515023
v -10.019197 27.492580 7.474516
v -7.536116 -19.995115 7.448400
v -5.183643 -22.539059 7.537636
v -2.685064 -19.685486 7.495109
v -7.529161 -14.784006 7.407914
v -5.126549 -17.355793 7.384554
v -5.184190 -12.610466 7.793432
v -7.362303 -9.857735 7.882834
v -5.428039 -7.665126 7.438388
v -2.234644 -5.042380 7.593225
v -5.015987 -2.506620 7.458906
v -7.826315 -0.102215 7.573242
v -2.500000 0.000000 7.499995
v -4.954841 2.526983 7.521629
v -4.968379 7.562101 7.495079
v -7.371609 9.879479 7.403220
v -2.516662 9.996611 7.493813
v -4.887640 12.334776 7.776975
v -2.547225 15.014640 7.503265
v -7.621161 19.827787 7.634448
v -4.966712 17.469238 7.528835
v -4.912369 22.026079 7.603618
v -5.037179 27.492580 7.474516
v -0.043153 -22.539059 7.537636
v 2.312543 -20.080832 7.413470
v -0.068035 -17.202259 7.874766
v -2.339626 -14.635344 7.358275
v -2.665410 -10.050332 7.344382
v -0.061368 -12.592617 7.560407
v -0.307514 -7.506888 7.534347
v 0.000000 -2.500000 7.499995
v -2.812835 4.826842 7.342476
v 0.000000 2.500000 7.499995
v 2.537000 4.971358 7.526161
v 0.045411 7.681939 7.721766
v 0.308670 12.388958 7.631890
v 0.047323 17.546185 7.579616
v -2.585365 19.940487 7.363239
v 2.762536 20.028898 7.473966
v -2.501768 24.999859 7.272513
v -0.168769 22.368893 7.639590
v 2.424946 25.123093 7.535282
v 0.091903 27.492580 7.474516
v 5.098724 -22.539059 7.537636
v 5.137801 -17.548437 7.288490
v 2.431096 -15.012962 7.851290
v 7.188696 -14.711788 7.445985
v 2.627797 -10.379943 7.281548
v 5.242216 -12.318598 7.652248
v 4.910953 -7.347204 7.379187
v 2.224024 -5.189088 7.479122
v 7.426388 -5.017827 7.435225
v 5.045631 -2.595553 7.922182
v 2.500000 0.000000 7.499995
v 5.227599 2.429299 7.653122
v 7.743695 4.815919 7.795290
v 5.218576 7.754411 7.148451
v 2.465810 10.003498 7.415864
v 2.113020 15.213964 7.715153
v 5.056497 12.464954 7.300722
v 5.307458 17.865288 7.487911
v 7.525136 19.983370 7.526716
v 4.589099 22.638990 7.276724
v 7.903404 24.838829 7.512742
v 5.016669 27.492580 7.474516
v 7.489192 -19.991077 7.490310
v 9.975555 -22.539059 7.537636
v 9.652729 -17.258718 7.743340
v 7.227393 -9.930244 7.632266
v 9.870054 -12.461689 7.403015
v 9.920446 -7.852180 7.431589
v 10.280257 -2.439581 7.611113
v 7.630866 0.252839 7.772925
v 10.121685 2.382410 7.757587
v 9.985303 7.486667 7.508800
v 7.412126 9.989180 7.501900
v 9.901700 12.482782 7.265486
v 7.436642 15.041492 7.467932
v 10.054991 17.699463 7.698942
v 9.971460 22.553205 7.515374
v 10.034229 27.492580 7.474516
v 12.515502 -20.006744 7.489497
v 14.811377 -22.539059 7.537636
v 15.020474 -17.478615 7.483879
v 12.556871 -14.877165 7.424232
v 17.559345 -14.943640 7.491220
v 12.077578 -9.939327 7.753631
v 15.098698 -12.612907 7.530013
v 14.968304 -7.536839 7.507368
v 12.374191 -5.109798 7.400070
v 17.463226 -4.909764 7.510031
v 15.150786 -2.617133 7.798679
v 12.719445 0.148621 7.448912
v -25.000000 -20.000004 7.499994
v -25.000000 -15.000002 7.499996
v 14.626396 2.762740 7.391889
v 12.785425 4.654531 7.386496
v -25.000000 -10.000002 7.499996
v 17.813568 4.783421 7.735343
v -25.000000 -5.000001 7.499995
v 12.458228 9.817734 7.522871
v 14.857722 7.235371 7.463176
v -25.000000 0.000000 7.499995
v -25.000000 5.000001 7.499995
v 12.738642 14.946027 7.193881
v 14.995445 12.585571 7.556437
v -25.000000 10.000004 7.499994
v -25.000000 15.000005 7.499994
v 12.564148 19.947617 7.404850
v 15.148243 17.831020 7.184347
v 17.658962 19.880762 7.226127
v -25.000000 20.000004 7.499996
v 12.342664 25.139902 7.836266
v 14.957042 22.432934 7.595408
v 17.585808 24.958263 7.622166
v 15.271626 27.492580 7.474516
v 17.532656 -19.893217 7.491166
v 19.753651 -22.539059 7.537636
v 22.408348 -19.966118 7.509099
v -25.000000 25.000004 7.499996
v -25.000000 27.492580 7.474516
v 19.990067 -17.524488 7.110106
v 22.456623 -14.983961 7.538690
v 19.997383 -12.702686 7.325667
v 17.499849 -10.003553 7.485884
v -25.000000 22.500004 7.499996
v -25.000000 17.500006 7.499996
v 20.085649 -7.791677 7.486809
v -25.000000 12.500004 7.499994
v 17.497423 0.120939 7.563136
v 20.221600 -2.623609 7.535608
v 22.736492 0.222433 7.425768
v 19.848135 2.409007 7.297473
v -25.000000 7.500002 7.499995
v -25.000000 2.500000 7.499995
v 17.543116 9.962515 7.508895
v 19.814564 7.593302 7.859814
v -25.000000 -2.500000 7.499995
v 17.500395 15.006819 7.499543
v 19.999817 12.497360 7.519409
v 22.864502 15.092049 7.411347
v 19.964554 17.420099 7.470282
v -25.000000 -7.500002 7.499996
v 22.521454 20.292099 7.505634
v 19.951942 22.551374 7.470337
v -25.000000 -12.500001 7.499996
v 20.018230 27.492580 7.474516
v -25.000000 -17.500004 7.499994
v 24.985132 -22.539059 7.537636
v 27.500008 -20.000004 7.500582
v -25.000000 -22.539059 7.537636
v 24.991711 -17.530628 7.591215
v 27.500008 -15.000002 7.500582
v 24.987967 -12.378908 7.375687
v 22.475555 -10.238708 7.694765
v 27.500008 -10.000002 7.500582
v 24.969503 -7.580742 7.503145
v 22.451389 -4.973762 7.437642
v 27.500008 -5.000001 7.500582
v 25.233715 -2.486107 7.543254
v 27.500008 -0.000000 7.500582
v 25.169973 2.316085 7.866116
v 22.456053 4.887637 7.605662
v 27.500008 5.000001 7.500582
v 22.496603 9.689592 7.689383
v 24.943171 7.687027 7.506989
v 27.500008 10.000004 7.500582
v 24.800112 12.501038 7.473003
v 27.500008 15.000005 7.500582
v 24.963310 17.779356 7.765275
v 27.500008 20.000004 7.500582
v 24.604654 22.516615 7.415019
v 22.339905 25.103224 7.456892
v 27.500008 25.000004 7.500582
v 25.316795 27.492580 7.474516
v 25.096298 24.936226 7.304266
v 24.943443 19.960974 7.526678
v 24.855980 15.130699 7.348269
v 24.941219 10.192037 7.851657
v 24.718380 4.718878 7.278471
v 25.016525 -0.039162 7.471149
v 25.167568 -5.286812 7.828248
v 25.279896 -10.302521 7.703701
v 25.015209 -15.099867 7.474457
v 25.066013 -19.963316 7.562558
v 19.995983 24.974497 7.533176
v 20.118008 20.142069 7.876376
v 19.983612 15.008791 7.498003
v 20.015642 10.207338 7.856130
v 19.918739 4.946192 7.428019
v 20.067116 0.113163 7.810266
v 20.123962 -4.925878 7.422975
v 19.915472 -10.022994 7.529760
v 19.754951 -14.904018 7.417446
v 20.272259 -20.078585 7.551188
v 15.194723 25.217613 7.469290
v 15.004643 20.009693 7.483724
v 14.900870 14.947636 7.639207
v 15.359133 9.752702 7.529857
v 14.890640 4.629863 7.396612
v 14.574920 -0.029902 7.759807
v 15.000969 -4.991634 7.498631
v 15.017644 -10.017630 7.500532
v 14.987302 -14.957108 7.593354
v 15.008411 -20.146763 7.408895
v 9.781067 24.657509 7.672339
v 9.884061 19.935190 7.371779
v 9.983877 14.950321 7.487329
v 9.806105 10.327102 7.544825
v 10.064180 4.749098 7.442502
v 10.044297 -0.172458 7.379649
v 10.162921 -5.075405 7.645028
v 9.813116 -9.968287 7.598649
v 10.103253 -15.051353 7.353376
v 10.000971 -19.988041 7.498368
v 4.951350 25.020454 7.529164
v 4.796080 19.867226 7.229470
v 4.922258 14.954267 7.292489
v 5.095907 10.149755 7.435125
v 5.002234 4.632956 7.278850
v 4.923148 0.022305 7.545657
v 4.917700 -5.009100 7.566264
v 4.816722 -10.411600 7.379685
v 4.972673 -15.017912 7.746993
v 5.368216 -19.816181 7.327219
v 0.241155 25.006132 7.412301
v -0.058729 19.701969 7.278179
v -0.214739 15.332880 7.275905
v 0.011268 10.005215 7.496389
v 0.081584 5.258132 7.609541
v 0.076856 -4.969868 7.708214
v -0.273415 -10.132830 7.555640
v 0.032811 -15.327855 7.707525
v -0.051103 -19.921177 7.419666
v -5.023471 24.974545 7.479899
v -5.003849 20.213833 7.297698
v -5.092316 14.958065 7.547790
v -5.023234 10.202145 7.077233
v -5.012754 5.040975 7.501316
v -5.107084 -0.013551 7.361598
v -5.229118 -5.221568 7.739559
v -5.061804 -10.004843 7.447463
v -5.051343 -14.979567 7.658462
v -4.745798 -20.285908 7.486907
v -10.023020 25.182116 7.207382
v -9.991175 19.976446 7.564903
v -10.046439 15.090406 7.552461
v -10.178867 9.912102 7.294623
v -10.093422 4.699522 7.337090
v -10.003919 -0.065062 7.461910
v -9.946522 -5.100106 7.684994
v -10.050371 -10.176102 7.511375
v -10.025383 -14.977898 7.516016
v -10.006075 -19.884220 7.496139
v -14.756241 25.038473 7.802353
v -15.016094 20.019266 7.516206
v -15.019189 14.998197 7.495512
v -15.036192 10.082513 7.418941
v -14.726710 5.086076 7.658901
v -14.708979 0.011277 7.642186
v -15.352709 -4.965483 7.533434
v -14.889400 -10.058148 7.298022
v -15.119347 -15.194979 7.417974
v -14.935889 -19.959379 7.302023
v -20.177292 25.028801 7.399166
v -20.174398 19.752373 7.824744
v -19.610268 15.069344 7.572755
v -20.149298 10.161465 7.622706
v -20.169575 4.764523 7.687251
v -20.267935 -0.148554 7.876542
v -19.774294 -5.119836 7.425879
v -20.404991 -10.179388 7.629536
v -20.101240 -15.149050 7.447120
v -20.054169 -19.915976 7.729346
v -12.386698 3.630340 7.592916
v -11.013914 2.185323 7.731802
v -7.448826 3.735365 7.498498
v -11.016875 7.668271 7.836155
v -7.358808 -1.186734 7.501130
v -2.500000 -1.250000 7.499995
v -3.574993 7.490793 7.630507
v -5.998436 12.530003 7.352952
v 3.983000 2.364709 7.087085
v 6.371565 -2.421510 7.506967
v 6.147757 7.453305 7.742378
v 2.637297 8.819559 7.702677
v 11.100732 -2.161755 7.282763
v 11.318310 7.568920 7.117898
v 16.028698 -2.641738 7.464760
v 16.249508 2.499504 7.498794
v -17.718212 1.237848 7.618151
v -16.352020 2.341925 7.106382
v -8.734408 2.497424 7.462213
v -11.315144 12.737980 7.612504
v -5.005656 -1.499086 7.823169
v -3.380177 2.222697 7.528515
v -6.198093 7.431623 7.672574
v -3.730154 12.493643 7.393588
v -6.118288 -2.380435 7.279742
v -3.772402 -2.712506 7.861574
v 3.534181 -2.491781 7.610467
v 2.500000 1.250000 7.499995
v 7.526940 6.461433 7.888894
v 6.074863 12.474901 7.066602
v 12.380217 11.609076 7.399179
v 16.085823 7.590328 7.347626
v 14.990223 8.738500 7.507996
v 13.712255 9.896694 7.519273
v 13.822784 5.340505 7.601928
v 15.843625 5.077752 7.351260
v 15.178670 1.611306 7.508068
v 13.766836 0.010685 7.515662
v 10.303862 11.244941 7.636365
v 8.718689 9.906553 7.491378
v 10.024462 6.269731 7.485153
v 10.008241 3.887982 7.744670
v 8.507619 -0.269601 7.159245
v 3.827394 10.033780 7.608106
v 5.257523 6.225276 7.863483
v 5.021892 3.714475 7.635753
v 5.998654 4.951463 7.631230
v 3.747766 -0.002106 7.498219
v -0.096203 8.674751 7.594387
v 0.275065 3.659808 7.423603
v -1.289933 4.785146 7.342610
v 1.255301 5.123338 7.518370
v -6.729729 9.923971 7.413382
v -3.735324 9.982819 7.579753
v -4.832465 6.026938 7.511920
v -5.135011 3.593514 7.807384
v -6.425850 -0.028501 7.400947
v -3.739293 -0.017649 7.533550
v -10.060500 11.135880 7.222275
v -9.929216 8.689743 7.580525
v -9.673744 3.827808 7.351604
v -11.639944 4.778855 7.429244
v -8.779518 5.096621 7.459321
v -10.068030 -1.361377 7.471824
v -11.625785 -0.063414 7.266839
v -13.732051 10.062380 7.434572
v -15.216384 6.146606 7.576007
v -16.059210 4.617401 7.271645
v -15.368900 1.369145 7.570612
v -14.648081 -1.555986 7.487221
v -16.457819 -0.194293 7.633228
v -2.549939 3.768235 7.428765
v -1.250000 2.500000 7.499995
v 2.500000 -1.250000 7.499995
v -17.698952 -1.199915 7.562008
v -17.914402 3.850924 7.444148
v -13.697626 -2.603351 7.513680
v -16.277090 -2.530113 7.496655
v -12.632019 -1.382654 7.487555
v -13.691189 2.490213 7.502205
v -13.814711 7.493935 7.614827
v -16.166069 7.598449 7.322377
v -12.098885 8.579122 7.431371
v -8.965703 -2.778900 7.487245
v -11.334194 -2.378584 7.282705
v -8.934158 7.700956 7.743484
v -7.277546 8.652737 7.287776
v -9.016849 12.485882 7.425305
v -6.263305 2.560333 7.408907
v -2.427919 8.794957 7.779705
v 2.503554 3.754339 7.429757
v 1.279926 7.483390 7.517714
v -0.886897 7.201383 7.613976
v 1.001913 12.372884 7.586628
v -1.221588 12.496128 7.441424
v 7.558218 -0.847953 7.717474
v 6.251797 2.497706 7.474329
v 7.266608 3.834837 7.847896
v 3.847102 7.362535 7.546048
v 7.569063 8.803265 7.430457
v 4.056122 12.831598 7.553617
v 8.632582 -2.190406 7.261460
v 12.389713 -1.431489 7.321889
v 11.065569 2.900751 7.435195
v 9.114519 2.655390 7.734275
v 12.695848 3.599519 7.786918
v 8.824059 7.730511 7.271716
v 12.308282 9.092068 7.721828
v 11.255832 12.495510 7.482380
v 8.711200 12.498760 7.516839
v 13.859182 -2.419542 7.522657
v 17.426743 -1.271304 7.454813
v 13.782913 2.336519 7.666240
v 17.511322 3.958341 7.178831
v 13.617666 7.300239 7.637524
v -17.503197 6.230429 7.499935
v -12.549429 1.083116 7.890732
v -12.811468 6.218261 7.689254
v -12.589128 11.546413 7.748362
v -7.490280 1.285653 7.517447
v -7.308746 5.853656 7.608437
v -7.511670 11.364517 7.659017
v -2.500000 1.250000 7.499995
v -2.560899 6.183445 7.467224
v -2.340213 11.009679 7.535142
v 1.250000 2.500000 7.499995
v 2.525657 6.316907 7.670488
v 2.723802 11.264043 7.558185
v 7.445912 1.641634 7.784073
v 7.619577 11.007217 7.620827
v 12.548179 1.209093 7.549262
v 12.613661 6.021308 7.604143
v 17.739214 1.444594 7.725541
v 17.774273 6.213136 7.702782
v 14.976281 6.305923 7.362868
v 15.107122 3.575214 7.439561
v 15.431586 -1.097238 7.611494
v 16.210793 0.072571 7.561586
v 10.042042 8.960899 7.168578
v 11.222038 10.021763 7.481026
v 8.773781 5.011973 7.521860
v 11.090165 5.437207 7.663719
v 10.187149 0.881584 7.384896
v 10.012294 -1.259360 7.497232
v 11.251066 -0.009440 7.469537
v 4.921293 11.058917 7.163188
v 4.953877 8.694208 7.349915
v 6.160183 9.963301 7.683126
v 3.883298 5.072893 7.482633
v 4.821638 1.347074 7.702653
v 4.953921 -1.202050 7.086990
v 6.477412 -0.006068 7.072270
v -0.195380 11.322385 7.884888
v -0.981316 10.298653 7.296108
v 1.386356 9.999684 7.451956
v 0.357584 6.089203 7.496373
v -4.960116 11.547029 7.266251
v -4.793849 9.002707 7.244562
v -6.305964 5.054159 7.567269
v -3.842750 4.624641 7.489388
v -4.762622 1.266910 7.445147
v -10.865170 9.773587 7.275871
v -8.435194 9.921527 7.392361
v -10.193956 6.335557 7.113478
v -10.005683 1.175264 7.174811
v -8.774406 0.062650 7.537386
v -15.125402 8.794076 7.851490
v -14.763671 3.732637 7.812421
v -13.743828 5.297643 7.625305
v -13.767031 -0.020267 7.524529
v -13.758186 -1.166067 7.619135
v -16.297283 -0.881524 7.551599
v -16.357523 1.546165 7.428174
v -13.744888 3.755037 7.512328
v -16.343054 3.584097 7.635862
v -16.139139 5.931191 7.580151
v -13.899604 8.677748 7.370328
v -15.663857 8.066313 7.500727
v -8.780256 -1.262622 7.490270
v -11.197899 -0.921428 7.512283
v -10.931446 1.478902 7.581491
v -8.645740 3.480783 7.325608
v -11.320777 3.718598 7.695842
v -10.899850 6.489214 7.436087
v -8.686999 8.635186 7.668833
v -11.225814 8.780908 7.536911
v -11.260672 11.226368 7.432214
v -3.755990 -1.240142 7.502985
v -6.357181 -1.688328 7.515032
v -6.477819 1.551051 7.211592
v -3.696403 3.768692 7.164433
v -6.148625 3.722620 7.577796
v -6.372664 6.154757 7.608261
v -3.667435 8.761744 7.354061
v -5.924423 8.433599 7.565953
v -6.509154 11.393824 7.317018
v 1.216693 4.224436 7.468357
v -1.008667 3.811870 7.859244
v -1.539319 6.300391 7.473866
v 1.073318 8.709726 7.335026
v -0.828939 8.941806 7.463397
v -1.145406 11.315390 7.516216
v 6.259880 -1.145439 7.445905
v 3.745396 -1.252249 7.500763
v 3.837174 1.502714 7.116356
v 6.068473 3.884893 7.500140
v 3.773777 3.658745 7.564251
v 3.677951 6.192158 7.542474
v 5.891150 8.563251 7.359669
v 3.772998 8.799481 7.514965
v 3.781061 11.275376 7.782544
v 11.292526 -1.077835 7.568643
v 8.833287 -1.437442 7.258220
v 8.725289 1.262941 7.597239
v 11.118587 3.716558 7.454011
v 8.695413 3.778507 7.258821
v 8.847222 5.860137 7.756731
v 11.247806 8.742830 7.502212
v 8.817652 8.709460 7.441699
v 8.553506 11.341444 7.812478
v 16.241911 -1.201257 7.494898
v 14.160565 -1.320601 7.237246
v 13.910511 1.449701 7.183187
v 16.206110 3.707222 7.534163
v 13.748088 3.851840 7.605052
v 13.924129 6.096220 7.149932
v 16.089466 8.124231 7.329749
v 13.604799 8.615581 7.491672
v 13.156882 10.334264 7.521838
v 16.191145 6.136901 7.657160
v 16.096024 1.134119 7.543874
v 11.039316 10.812691 7.503723
v 11.242554 6.257926 7.507193
v 11.486840 0.974103 7.713599
v 6.162309 11.178682 7.594887
v 6.079937 5.824004 7.497482
v 6.135960 1.420208 7.220680
v 1.174404 11.194456 7.515329
v 1.278459 6.271153 7.409274
v -3.686096 10.850291 7.512206
v -3.763747 6.273309 7.306041
v -3.767568 1.184903 7.547352
v -8.822256 11.343531 7.744333
v -8.675096 6.368472 7.758519
v -8.340115 1.155140 7.575836
v -13.349102 10.767984 7.399627
v -13.772769 6.187167 7.517168
v -14.017800 0.890385 7.673700
v -2.499999 -2.500000 12.500000
v -2.500000 -2.500000 7.500001
v 2.500000 -2.500000 12.499999
v 2.499999 -2.500000 7.500000
v 2.500001 -2.500000 12.500000
v 2.500000 -2.500000 7.500001
v 7.500000 -2.500000 12.499999
v 7.499999 -2.500000 7.500000
v -7.499999 -2.500000 12.500000
v -7.500000 -2.500000 7.500001
v -2.500000 -2.500000 12.499999
v -2.500001 -2.500000 7.500000
v 7.500001 -2.500000 12.500000
v 7.500000 -2.500000 7.500001
v 12.291668 -2.500000 7.500015
v -12.499999 -2.500000 12.500000
v -12.500000 -2.500000 7.500001
v -7.500000 -2.500000 12.499999
v -7.500001 -2.500000 7.500000
v -12.499999 -2.500000 22.500000
v 12.500000 -2.500000 22.500000
v 2.500000 -2.500000 17.500000
v 2.499999 -2.500000 12.500000
v -2.500000 -2.500000 22.500000
v 7.500000 -2.500000 17.500000
v 7.499999 -2.500000 12.500000
v 7.500000 -2.500000 22.500000
v -2.500000 -2.500000 17.500000
v -2.500001 -2.500000 12.500000
v 2.500000 -2.500000 22.500000
v 12.500000 -2.500000 17.500000
v -12.499999 -2.500000 17.500000
v -7.500000 -2.500000 17.500000
v -7.500001 -2.500000 12.500000
v -7.500000 -2.500000 22.500000
v -12.499999 -2.500000 27.500000
v 12.500000 -2.500000 27.499998
v -2.500000 -2.500000 27.499998
v 7.500000 -2.500000 27.499998
v 2.500000 -2.500000 27.499998
v -7.500000 -2.500000 27.499998
v -17.499996 -2.500000 12.500003
v -17.499996 -2.500000 22.500002
v -17.499996 -2.500000 17.500004
v -17.499996 -2.500000 27.500002
v 12.708332 -2.500000 17.499996
v 12.708332 -1.666667 17.499996
v 12.708332 -1.666667 22.499994
v 12.291666 -1.666667 17.499996
v 12.291666 -2.500000 22.499994
v 12.291666 -2.500000 17.499996
v -2.500000 -1.666667 27.708328
v -2.500000 -1.666667 27.291662
v 12.291666 7.500001 22.499994
v -2.500000 -2.500000 27.291662
v 12.291666 7.500001 27.499996
v 12.708334 7.500001 27.499996
v 7.500000 -2.500000 27.708328
v 2.500000 -2.500000 27.708330
v 7.500000 -1.666667 27.708328
v 2.500000 -1.666667 27.708328
v 2.500000 -1.666667 27.291662
v 2.500000 -2.500000 27.291662
v -2.500000 -2.500000 27.708330
v -12.500000 7.500001 27.291662
v -12.500000 7.500001 27.708330
v -7.500000 -2.500000 27.708330
v -12.500000 -2.500000 27.708330
v -7.500000 -1.666667 27.708328
v -12.500000 -1.666667 27.708330
v -12.500000 -1.666667 27.291662
v -7.500000 -1.666667 27.291662
v -12.500000 -2.500000 27.291662
v -7.500000 -2.500000 27.291662
v 12.500000 -2.500000 27.708328
v 12.500000 -1.666667 27.708328
v 7.500000 -1.666667 27.291662
v 12.500000 -1.666667 27.291662
v 7.500000 -2.500000 27.291662
v 12.500000 -2.500000 27.291662
v 12.708332 -2.500000 22.499994
v 12.708334 -2.500000 27.499994
v 12.291665 7.500000 17.499996
v 12.708332 7.500001 22.499994
v 12.708332 -1.666667 27.499994
v 12.291666 -1.666667 27.499994
v 12.291666 -1.666667 22.499994
v 12.291666 -2.500000 27.499994
v 12.708332 7.500000 17.499996
v -12.500000 2.499999 27.291660
v -12.500000 -2.500001 27.291660
v -17.500000 2.499999 27.291660
v -17.500000 -2.500001 27.291660
v 12.291668 -2.500000 17.500000
v 12.291668 2.500000 17.500000
v 12.291668 -2.500000 12.500005
v 12.291668 2.500000 12.500005
v 12.708332 -2.500000 17.500000
v 12.708332 2.500000 17.500000
v -17.500002 -2.500000 12.291660
v -17.500002 2.499999 12.291660
v -12.500000 -2.500001 12.708330
v -12.500000 2.499999 12.708330
v -17.500000 -2.500001 12.708330
v -17.500000 2.499999 12.708330
v -12.499998 2.499999 27.708330
v -12.499998 -2.500000 27.708330
v -12.291668 2.499999 12.499995
v -12.291668 -2.500001 12.499995
v -12.291668 -2.500001 7.499995
v -12.291668 2.499999 7.499995
v -12.500000 7.499999 27.291660
v -12.500000 2.499999 27.291660
v -17.500000 7.499999 27.291660
v -17.500000 2.499999 27.291660
v 12.291668 2.500000 17.500000
v 12.291668 7.500000 17.500000
v 12.291668 2.500000 12.500005
v 12.291668 7.499999 12.500004
v 12.708332 2.500000 17.500000
v 12.708332 7.500000 17.500000
v -17.500002 2.500000 12.291660
v -17.500002 7.499999 12.291660
v -12.500000 2.499999 12.708330
v -12.500000 7.499999 12.708330
v -17.500000 2.499999 12.708330
v -17.500000 7.499999 12.708330
v -12.291668 7.499999 12.499994
v -12.291668 2.499999 12.499995
v -12.291668 2.499999 7.499995
v -12.291668 7.499999 7.499995
v 12.708334 6.666667 27.499996
v 12.291666 6.666667 27.499996
v 12.291666 6.666667 22.499996
v 12.500000 7.500000 27.291664
v 7.500000 7.500000 27.291664
v 12.500000 6.666666 27.291664
v 7.500000 6.666667 27.291664
v 12.500000 6.666666 27.708330
v 12.500000 7.500000 27.708330
v -7.500000 7.500000 27.291664
v -7.500000 6.666667 27.291664
v -12.500000 6.666667 27.291664
v -12.500000 6.666667 27.708332
v -7.500000 6.666667 27.708332
v -7.500000 7.500000 27.708332
v -2.500000 7.500000 27.708332
v 2.500000 7.500000 27.291664
v 2.500000 6.666667 27.291664
v 2.500000 6.666667 27.708332
v 7.500000 6.666667 27.708330
v 2.500000 7.500000 27.708332
v 7.500000 7.500000 27.708332
v -2.500000 7.500000 27.291664
v -2.500000 6.666667 27.291664
v -2.500000 6.666667 27.708332
v 12.291665 6.666666 17.499996
v 12.708332 6.666667 22.499996
v 12.708332 6.666666 17.499996
v 12.291668 2.499999 7.500012
v 12.291668 7.499999 7.500011
vn 1.0000 -0.0000 -0.0000
vn -1.0000 -0.0000 -0.0000
vn -0.0000 -0.0000 -1.0000
vn -0.0000 -0.0000 1.0000
vn -0.0000 -1.0000 -0.0000
vn -0.0000 1.0000 -0.0000
vn 0.4492 0.0033 0.8934
vn 0.4944 -0.0750 0.8660
vn 0.5805 -0.1056 0.8074
vn 0.2765 -0.0682 0.9586
vn 0.2298 -0.0132 0.9732
vn 0.2572 -0.0027 0.9663
vn 0.0233 -0.0042 0.9997
vn 0.2210 0.0537 0.9738
vn -0.0002 -0.0094 1.0000
vn -0.0598 -0.0222 0.9980
vn 0.0027 0.0159 0.9999
vn -0.0148 0.0770 0.9969
vn 0.4026 0.0446 0.9143
vn 0.4725 0.1249 0.8724
vn 0.2236 -0.0404 0.9738
vn 0.0273 0.0080 0.9996
vn 0.0388 0.0236 0.9990
vn -0.0200 0.0134 0.9997
vn 0.1881 0.0606 0.9803
vn 0.4512 0.1833 0.8734
vn 0.2498 -0.1296 0.9596
vn 0.1629 -0.0581 0.9849
vn 0.0327 0.0436 0.9985
vn -0.0741 0.0422 0.9964
vn 0.1563 0.0639 0.9856
vn 0.5491 -0.0834 0.8316
vn 0.2012 0.0868 0.9757
vn 0.1550 -0.0014 0.9879
vn -0.0019 -0.0341 0.9994
vn -0.0696 -0.0322 0.9971
vn 0.3907 -0.0763 0.9173
vn 0.6587 -0.2163 0.7206
vn 0.1317 0.1281 0.9830
vn 0.1119 0.1173 0.9868
vn -0.0190 -0.0055 0.9998
vn -0.0442 -0.0369 0.9983
vn 0.9203 0.0246 0.3904
vn 0.9745 0.0157 0.2240
vn 0.9319 -0.1140 0.3443
vn 0.8794 -0.0489 0.4736
vn 0.7627 0.0143 0.6465
vn 0.7447 0.0239 0.6670
vn 0.7291 0.0087 0.6844
vn 0.7379 0.0624 0.6720
vn 0.6812 -0.0104 0.7320
vn 0.7461 -0.0318 0.6651
vn 0.9207 -0.0322 0.3890
vn 0.9601 -0.0348 0.2774
vn 0.7839 -0.0379 0.6197
vn 0.7598 0.0379 0.6491
vn 0.6770 0.1256 0.7252
vn 0.8093 0.0332 0.5865
vn 0.8921 0.1279 0.4334
vn 0.7916 -0.1059 0.6018
vn 0.8221 -0.0800 0.5637
vn 0.8082 0.0721 0.5845
vn 0.8286 0.0716 0.5553
vn 0.9183 0.0930 0.3848
vn 0.7650 0.0770 0.6395
vn 0.8311 -0.0230 0.5557
vn 0.7994 -0.1437 0.5833
vn 0.8520 -0.0398 0.5219
vn 0.9534 -0.1075 0.2819
vn 0.7813 0.0764 0.6194
vn 0.7701 0.0336 0.6370
vn 0.6894 -0.1241 0.7136
vn 0.4723 -0.0904 0.8768
vn 0.4777 -0.1850 0.8588
vn 0.5433 -0.1508 0.8259
vn 0.2738 0.0146 0.9617
vn 0.0569 0.0959 0.9938
vn 0.0455 0.1077 0.9931
vn 0.2005 0.0724 0.9770
vn 0.3280 0.0772 0.9415
vn 0.1124 -0.0286 0.9932
vn 0.0916 0.0424 0.9949
vn -0.1613 -0.0207 0.9867
vn -0.1948 0.0539 0.9794
vn 0.4042 -0.0782 0.9113
vn 0.5066 0.0292 0.8617
vn 0.1499 -0.0754 0.9858
vn 0.1129 0.0250 0.9933
vn 0.0063 -0.0131 0.9999
vn -0.1118 -0.0480 0.9926
vn 0.2409 0.0848 0.9668
vn 0.4555 0.1812 0.8716
vn 0.2132 -0.0866 0.9732
vn 0.1801 -0.0054 0.9836
vn -0.0238 0.0427 0.9988
vn -0.1738 -0.0132 0.9847
vn 0.2014 0.0312 0.9790
vn 0.5663 -0.0086 0.8241
vn 0.2387 0.1105 0.9648
vn 0.1497 0.0395 0.9879
vn -0.0509 -0.0386 0.9980
vn -0.1189 -0.0069 0.9929
vn 0.8641 0.0586 0.4998
vn 0.9367 0.0525 0.3462
vn 0.9430 -0.0181 0.3323
vn 0.8549 0.0825 0.5122
vn 0.7849 0.1110 0.6096
vn 0.7476 0.2640 0.6094
vn 0.8149 0.0309 0.5787
vn 0.8284 0.2635 0.4944
vn 0.6227 -0.1017 0.7758
vn 0.7065 -0.0170 0.7075
vn 0.8593 -0.0970 0.5023
vn 0.9020 -0.0680 0.4263
vn 0.8051 -0.0699 0.5890
vn 0.7643 -0.0633 0.6417
vn 0.5845 0.0332 0.8107
vn 0.8448 0.0160 0.5349
vn 0.8812 0.0535 0.4697
vn 0.8110 -0.0434 0.5835
vn 0.7759 -0.0137 0.6307
vn 0.7314 0.0726 0.6781
vn 0.8352 0.0665 0.5459
vn 0.9101 0.0853 0.4056
vn 0.7808 0.0434 0.6232
vn 0.7675 -0.0042 0.6410
vn 0.7723 -0.0575 0.6326
vn 0.6321 -0.0922 0.7694
vn 0.5817 -0.0622 0.8110
vn 0.7151 -0.0170 0.6989
vn 0.7775 -0.0071 0.6288
vn 0.8871 0.0516 0.4586
vn 0.9510 0.0265 0.3079
vn -0.1204 -0.0957 0.9881
vn 0.0917 -0.0102 0.9957
vn 0.1054 0.0009 0.9944
vn -0.0989 -0.0009 0.9951
vn 0.1642 0.1771 0.9704
vn 0.2469 -0.0532 0.9676
vn 0.1965 0.0065 0.9805
vn 0.1604 0.1021 0.9817
vn 0.0647 0.0032 0.9979
vn -0.1642 -0.0343 0.9858
vn 0.2108 -0.0003 0.9775
vn 0.1539 -0.0761 0.9852
vn 0.0979 0.2564 0.9616
vn 0.1404 0.0982 0.9852
vn 0.1817 -0.0415 0.9825
vn 0.5978 -0.0596 0.7994
vn 0.6016 0.1617 0.7822
vn -0.0157 -0.0333 0.9993
vn -0.0980 -0.0455 0.9941
vn 0.1133 -0.1103 0.9874
vn 0.0472 -0.0853 0.9952
vn -0.0182 0.0018 0.9998
vn 0.1244 -0.1880 0.9743
vn 0.3769 -0.0580 0.9244
vn -0.0609 0.0285 0.9977
vn 0.6465 0.1303 0.7517
vn 0.1173 -0.0524 0.9917
vn 0.5808 -0.0161 0.8139
vn 0.6118 -0.1649 0.7736
vn 0.8626 -0.0197 0.5055
vn 0.9071 -0.0089 0.4208
vn 0.7810 -0.0405 0.6232
vn 0.7034 -0.0159 0.7106
vn 0.6565 0.1121 0.7459
vn 0.8141 0.0361 0.5796
vn 0.8725 0.0525 0.4858
vn 0.7845 -0.1149 0.6094
vn 0.7606 -0.0618 0.6463
vn 0.8130 0.0769 0.5772
vn 0.8428 0.0584 0.5350
vn 0.9419 -0.0034 0.3359
vn 0.7492 0.0867 0.6567
vn 0.7738 0.0210 0.6331
vn 0.8249 -0.0454 0.5635
vn 0.8681 -0.1069 0.4847
vn 0.9582 -0.1638 0.2347
vn 0.7420 0.0828 0.6653
vn 0.7477 0.1477 0.6475
vn 0.8455 -0.0446 0.5321
vn -0.4492 0.0033 0.8934
vn -0.2765 -0.0682 0.9586
vn -0.5805 -0.1056 0.8074
vn -0.4944 -0.0750 0.8660
vn -0.2298 -0.0132 0.9732
vn -0.2572 -0.0027 0.9663
vn -0.0233 -0.0042 0.9997
vn -0.2210 0.0537 0.9738
vn -0.0005 -0.0086 1.0000
vn 0.0610 -0.0247 0.9978
vn -0.0032 0.0146 0.9999
vn 0.0086 0.0360 0.9993
vn -0.4026 0.0446 0.9143
vn -0.4725 0.1249 0.8724
vn -0.2236 -0.0404 0.9738
vn -0.0273 0.0080 0.9996
vn -0.0353 0.0235 0.9991
vn 0.0265 0.0131 0.9996
vn -0.1881 0.0606 0.9803
vn -0.4512 0.1833 0.8734
vn -0.2498 -0.1296 0.9596
vn -0.1629 -0.0581 0.9849
vn -0.0222 0.0446 0.9988
vn 0.1005 0.0437 0.9940
vn -0.1563 0.0639 0.9856
vn -0.5491 -0.0834 0.8316
vn -0.2012 0.0868 0.9757
vn -0.1550 -0.0014 0.9879
vn 0.0171 -0.0326 0.9993
vn 0.0941 -0.0308 0.9951
vn -0.3907 -0.0763 0.9173
vn -0.6587 -0.2163 0.7206
vn -0.1317 0.1281 0.9830
vn -0.1119 0.1173 0.9868
vn 0.0286 -0.0074 0.9996
vn 0.0833 -0.0548 0.9950
vn -0.9203 0.0246 0.3904
vn -0.8794 -0.0489 0.4736
vn -0.9319 -0.1140 0.3443
vn -0.9745 0.0157 0.2240
vn -0.7627 0.0143 0.6465
vn -0.7447 0.0239 0.6670
vn -0.7291 0.0087 0.6844
vn -0.7379 0.0624 0.6720
vn -0.6812 -0.0104 0.7320
vn -0.7461 -0.0318 0.6651
vn -0.9207 -0.0322 0.3890
vn -0.9601 -0.0348 0.2774
vn -0.7839 -0.0379 0.6197
vn -0.7598 0.0379 0.6491
vn -0.6770 0.1256 0.7252
vn -0.8093 0.0332 0.5865
vn -0.8921 0.1279 0.4334
vn -0.7916 -0.1059 0.6018
vn -0.8221 -0.0800 0.5637
vn -0.8082 0.0721 0.5845
vn -0.8286 0.0716 0.5553
vn -0.9183 0.0930 0.3848
vn -0.7650 0.0770 0.6395
vn -0.8311 -0.0230 0.5557
vn -0.7994 -0.1437 0.5833
vn -0.8520 -0.0398 0.5219
vn -0.9534 -0.1075 0.2819
vn -0.7813 0.0764 0.6194
vn -0.7701 0.0336 0.6370
vn -0.6894 -0.1241 0.7136
vn -0.4723 -0.0904 0.8768
vn -0.2738 0.0146 0.9617
vn -0.5433 -0.1508 0.8259
vn -0.4777 -0.1850 0.8588
vn -0.0569 0.0959 0.9938
vn -0.0455 0.1077 0.9931
vn -0.2005 0.0724 0.9770
vn -0.3280 0.0772 0.9415
vn -0.1124 -0.0286 0.9932
vn -0.0916 0.0424 0.9949
vn 0.2358 -0.0929 0.9674
vn 0.1926 0.0031 0.9813
vn -0.4042 -0.0782 0.9113
vn -0.5066 0.0292 0.8617
vn -0.1499 -0.0754 0.9858
vn -0.1129 0.0250 0.9933
vn -0.0063 -0.0131 0.9999
vn 0.2843 -0.0087 0.9587
vn -0.2409 0.0848 0.9668
vn -0.4555 0.1812 0.8716
vn -0.2132 -0.0866 0.9732
vn -0.1801 -0.0054 0.9836
vn 0.0238 0.0427 0.9988
vn 0.2725 0.0216 0.9619
vn -0.2014 0.0312 0.9790
vn -0.5663 -0.0086 0.8241
vn -0.2387 0.1105 0.9648
vn -0.1497 0.0395 0.9879
vn 0.0523 -0.0397 0.9978
vn 0.1639 -0.0112 0.9864
vn -0.8641 0.0586 0.4998
vn -0.8549 0.0825 0.5122
vn -0.9430 -0.0181 0.3323
vn -0.9367 0.0525 0.3462
vn -0.7849 0.1110 0.6096
vn -0.7476 0.2640 0.6094
vn -0.8149 0.0309 0.5787
vn -0.8284 0.2635 0.4944
vn -0.6227 -0.1017 0.7758
vn -0.7065 -0.0170 0.7075
vn -0.8593 -0.0970 0.5023
vn -0.9020 -0.0680 0.4263
vn -0.8051 -0.0699 0.5890
vn -0.7643 -0.0633 0.6417
vn -0.5845 0.0332 0.8107
vn -0.8448 0.0160 0.5349
vn -0.8812 0.0535 0.4697
vn -0.8110 -0.0434 0.5835
vn -0.7759 -0.0137 0.6307
vn -0.7314 0.0726 0.6781
vn -0.8352 0.0665 0.5459
vn -0.9101 0.0853 0.4056
vn -0.7808 0.0434 0.6232
vn -0.7675 -0.0042 0.6410
vn -0.7723 -0.0575 0.6326
vn -0.6321 -0.0922 0.7694
vn -0.5817 -0.0622 0.8110
vn -0.7151 -0.0170 0.6989
vn -0.7775 -0.0071 0.6288
vn -0.8871 0.0516 0.4586
vn -0.9510 0.0265 0.3079
vn 0.2429 -0.1329 0.9609
vn 0.1602 -0.0345 0.9865
vn -0.1346 -0.0007 0.9909
vn -0.1233 -0.0410 0.9915
vn -0.1642 0.1771 0.9704
vn -0.1604 0.1021 0.9817
vn -0.1965 0.0065 0.9805
vn -0.2469 -0.0532 0.9676
vn 0.2743 0.0709 0.9590
vn -0.0798 0.0288 0.9964
vn -0.1539 -0.0761 0.9852
vn -0.2108 -0.0003 0.9775
vn -0.0979 0.2564 0.9616
vn -0.1404 0.0982 0.9852
vn -0.1817 -0.0415 0.9825
vn -0.6016 0.1617 0.7822
vn -0.5978 -0.0596 0.7994
vn 0.2495 0.0125 0.9683
vn 0.0379 -0.0183 0.9991
vn 0.0347 -0.0007 0.9994
vn -0.0472 -0.0853 0.9952
vn -0.1133 -0.1103 0.9874
vn -0.1244 -0.1880 0.9743
vn -0.3769 -0.0580 0.9244
vn 0.1644 -0.0534 0.9849
vn -0.6465 0.1303 0.7517
vn -0.1173 -0.0524 0.9917
vn -0.5808 -0.0161 0.8139
vn -0.6118 -0.1649 0.7736
vn -0.8626 -0.0197 0.5055
vn -0.9071 -0.0089 0.4208
vn -0.7810 -0.0405 0.6232
vn -0.7034 -0.0159 0.7106
vn -0.6565 0.1121 0.7459
vn -0.8141 0.0361 0.5796
vn -0.8725 0.0525 0.4858
vn -0.7845 -0.1149 0.6094
vn -0.7606 -0.0618 0.6463
vn -0.8130 0.0769 0.5772
vn -0.8428 0.0584 0.5350
vn -0.9419 -0.0034 0.3359
vn -0.7492 0.0867 0.6567
vn -0.7738 0.0210 0.6331
vn -0.8249 -0.0454 0.5635
vn -0.8681 -0.1069 0.4847
vn -0.9582 -0.1638 0.2347
vn -0.7420 0.0828 0.6653
vn -0.7477 0.1477 0.6475
vn -0.8455 -0.0446 0.5321
vn 0.2716 -0.0271 0.9620
vn 0.1888 -0.0205 0.9818
vn -0.0332 0.1507 0.9880
vn -0.1089 -0.0254 0.9937
vn -0.1567 0.0606 0.9858
vn -0.0418 0.1188 0.9920
vn 0.2063 0.0327 0.9779
vn -0.1329 -0.0673 0.9888
vn -0.0511 -0.0792 0.9956
vn -0.1218 0.2446 0.9619
vn -0.0821 0.1084 0.9907
vn -0.0132 -0.0436 0.9990
vn 0.1867 -0.0231 0.9822
vn -0.0680 -0.1184 0.9906
vn -0.1121 -0.1746 0.9782
vn 0.0430 -0.1589 0.9864
vn -0.0881 -0.2049 0.9748
vn -0.0788 -0.1033 0.9915
vn -0.0822 -0.0878 0.9927
vn -0.0034 0.0341 0.9994
vn -0.0352 -0.0281 0.9990
vn -0.1074 -0.1034 0.9888
vn 0.0248 -0.1688 0.9853
vn 0.0227 -0.0500 0.9985
vn 0.1307 0.2192 0.9669
vn 0.1162 0.2999 0.9469
vn 0.1290 0.0709 0.9891
vn -0.0866 0.3247 0.9418
vn -0.0504 0.1951 0.9795
vn -0.0953 0.1442 0.9849
vn -0.0593 0.1844 0.9811
vn 0.1692 -0.0019 0.9856
vn -0.1060 -0.0582 0.9927
vn 0.0016 0.4035 0.9150
vn -0.0053 0.2413 0.9704
vn 0.1750 -0.0295 0.9841
vn -0.1510 -0.1954 0.9690
vn 0.0119 -0.1415 0.9899
vn -0.0437 -0.1246 0.9912
vn -0.0530 -0.1480 0.9876
vn 0.0466 -0.0132 0.9988
vn 0.0803 -0.1142 0.9902
vn -0.1966 -0.1727 0.9652
vn -0.0299 -0.0996 0.9946
vn 0.1054 0.0007 0.9944
vn 0.0068 -0.0043 1.0000
vn 0.0503 -0.0239 0.9984
vn 0.0412 -0.0166 0.9990
vn -0.0399 0.0304 0.9987
vn -0.0468 0.0182 0.9987
vn 0.0180 0.0226 0.9996
vn 0.0223 -0.0112 0.9997
vn -0.0492 -0.0182 0.9986
vn -0.0470 -0.0288 0.9985
vn 0.0401 0.0057 0.9992
vn 0.0334 0.0144 0.9993
vn 0.0195 0.0052 0.9998
vn 0.0250 0.0036 0.9997
vn 0.0110 -0.0221 0.9997
vn 0.0347 -0.0220 0.9992
vn -0.0149 -0.0320 0.9994
vn -0.0302 0.0074 0.9995
vn 0.0493 0.0168 0.9986
vn 0.0867 0.1166 0.9894
vn 0.0629 -0.0110 0.9980
vn -0.0084 0.0205 0.9998
vn 0.0141 0.0042 0.9999
vn 0.0379 0.0079 0.9992
vn 0.0229 0.0338 0.9992
vn 0.0158 0.0238 0.9996
vn 0.0263 0.0054 0.9996
vn 0.0626 -0.0250 0.9977
vn -0.0061 -0.0245 0.9997
vn -0.0219 -0.0416 0.9989
vn 0.0505 -0.0054 0.9987
vn -0.0085 0.0151 0.9999
vn -0.0037 0.0354 0.9994
vn 0.0318 0.0188 0.9993
vn -0.0040 -0.0211 0.9998
vn 0.0031 0.0016 1.0000
vn 0.0303 0.0079 0.9995
vn -0.0131 -0.0032 0.9999
vn -0.0043 0.0370 0.9993
vn -0.0045 -0.0123 0.9999
vn -0.0439 -0.0159 0.9989
vn -0.0408 0.0463 0.9981
vn -0.0164 -0.0040 0.9999
vn -0.0106 -0.0078 0.9999
vn -0.0264 0.0054 0.9996
vn -0.0153 -0.0018 0.9999
vn 0.0175 -0.0198 0.9996
vn 0.0128 -0.0042 0.9999
vn -0.0174 -0.0381 0.9991
vn -0.0246 0.0233 0.9994
vn -0.0079 0.0158 0.9998
vn 0.0039 0.0325 0.9995
vn -0.0185 0.0587 0.9981
vn 0.0052 -0.0422 0.9991
vn -0.0036 -0.0241 0.9997
vn -0.0072 -0.0120 0.9999
vn -0.0046 -0.0059 1.0000
vn 0.0197 0.0199 0.9996
vn -0.0612 -0.0026 0.9981
vn -0.0087 -0.0261 0.9996
vn -0.0502 -0.0035 0.9987
vn 0.0355 -0.0720 0.9968
vn -0.0643 0.0465 0.9968
vn -0.0277 0.0358 0.9990
vn 0.0126 -0.0033 0.9999
vn 0.0151 -0.0751 0.9971
vn -0.0412 0.0580 0.9975
vn 0.0371 0.0364 0.9986
vn -0.0452 -0.0538 0.9975
vn -0.0162 -0.0311 0.9994
vn 0.0534 -0.0644 0.9965
vn -0.1522 -0.0533 0.9869
vn -0.0003 0.0712 0.9975
vn 0.0128 0.0618 0.9980
vn -0.0082 0.0448 0.9990
vn 0.0261 0.0372 0.9990
vn 0.0181 -0.0091 0.9998
vn -0.0113 -0.0181 0.9998
vn 0.0228 -0.0268 0.9994
vn 0.0075 -0.0473 0.9989
vn 0.0021 -0.0039 1.0000
vn 0.0603 0.0040 0.9982
vn 0.0572 0.0246 0.9981
vn -0.0016 0.0845 0.9964
vn 0.0031 -0.0053 1.0000
vn 0.0077 -0.0042 1.0000
vn 0.0048 -0.0068 1.0000
vn -0.0044 0.0002 1.0000
vn 0.0230 -0.0241 0.9994
vn -0.0165 -0.0161 0.9997
vn -0.0140 -0.0378 0.9992
vn 0.0214 -0.0075 0.9997
vn -0.0244 0.0590 0.9980
vn -0.0008 0.0473 0.9989
vn -0.0253 0.0223 0.9994
vn -0.0124 -0.0141 0.9998
vn 0.0357 -0.0140 0.9993
vn -0.0191 0.0141 0.9997
vn -0.0183 -0.0819 0.9965
vn 0.0644 0.0019 0.9979
vn -0.0000 0.0103 0.9999
vn -0.0805 0.0285 0.9964
vn 0.1031 -0.0080 0.9946
vn 0.0519 -0.0313 0.9982
vn -0.1275 0.0262 0.9915
vn -0.0945 -0.0317 0.9950
vn 0.0103 -0.0063 0.9999
vn 0.0507 0.0861 0.9950
vn -0.0400 0.0134 0.9991
vn -0.0661 -0.0013 0.9978
vn 0.0991 0.0400 0.9943
vn 0.0298 0.0709 0.9970
vn 0.0115 0.0458 0.9989
vn 0.0365 0.0188 0.9992
vn -0.0146 -0.0172 0.9997
vn 0.0023 -0.0058 1.0000
vn -0.0233 0.0045 0.9997
vn -0.0281 0.0017 0.9996
vn 0.0083 0.0192 0.9998
vn -0.0248 0.0130 0.9996
vn 0.0155 0.0241 0.9996
vn 0.0194 -0.0153 0.9997
vn -0.0365 -0.0185 0.9992
vn -0.0275 -0.0189 0.9994
vn 0.0019 -0.0465 0.9989
vn 0.0054 0.0168 0.9998
vn -0.0214 0.0046 0.9998
vn -0.0452 -0.0089 0.9989
vn 0.0258 -0.0087 0.9996
vn 0.0163 -0.0428 0.9990
vn -0.0172 -0.0194 0.9997
vn 0.0034 0.0158 0.9999
vn 0.0177 -0.0068 0.9998
vn 0.0389 0.0214 0.9990
vn -0.0016 -0.0048 1.0000
vn -0.0097 -0.0420 0.9991
vn 0.0022 -0.0098 0.9999
vn -0.0472 0.0127 0.9988
vn -0.0003 0.0141 0.9999
vn 0.0466 0.0675 0.9966
vn 0.0342 0.0354 0.9988
vn -0.0768 -0.0568 0.9954
vn -0.0297 -0.0136 0.9995
vn 0.0337 -0.0013 0.9994
vn -0.0944 0.0196 0.9953
vn 0.0109 0.0408 0.9991
vn 0.0001 -0.0703 0.9975
vn -0.0287 -0.1244 0.9918
vn -0.0264 -0.1032 0.9943
vn -0.0963 -0.0177 0.9952
vn -0.1115 -0.0380 0.9930
vn 0.0324 -0.0476 0.9983
vn 0.0283 0.0151 0.9995
vn -0.0149 -0.0359 0.9992
vn -0.0232 -0.0017 0.9997
vn 0.0322 0.0208 0.9993
vn 0.0135 0.0271 0.9995
vn 0.0282 0.0233 0.9993
vn 0.0200 -0.0092 0.9998
vn -0.0009 -0.0298 0.9996
vn 0.0013 0.0092 1.0000
vn -0.0096 -0.0201 0.9998
vn 0.0014 0.0064 1.0000
vn 0.0043 0.0283 0.9996
vn 0.0075 -0.0465 0.9989
vn 0.0241 -0.0149 0.9996
vn -0.0114 -0.0356 0.9993
vn 0.0273 -0.0239 0.9993
vn 0.0594 -0.0807 0.9950
vn -0.0587 -0.0325 0.9977
vn -0.0489 0.0595 0.9970
vn 0.0186 0.0693 0.9974
vn -0.0074 0.0779 0.9969
vn 0.0162 0.0393 0.9991
vn 0.0328 -0.0290 0.9990
vn 0.0132 -0.0266 0.9996
vn 0.0293 -0.0348 0.9990
vn 0.0360 -0.0371 0.9987
vn 0.0290 0.0158 0.9995
vn 0.0083 -0.0222 0.9997
vn -0.0346 0.0075 0.9994
vn 0.0123 0.0466 0.9988
vn 0.0084 -0.0000 1.0000
vn -0.0268 0.0129 0.9996
vn -0.0252 0.0193 0.9995
vn 0.0250 0.0079 0.9997
vn 0.0826 -0.0627 0.9946
vn -0.0746 -0.0345 0.9966
vn -0.0136 0.0201 0.9997
vn 0.0158 0.0149 0.9998
vn -0.0119 0.0167 0.9998
vn 0.0057 0.0217 0.9997
vn 0.0085 0.0284 0.9996
vn -0.0132 0.0226 0.9997
vn 0.0039 -0.0051 1.0000
vn 0.0301 0.0169 0.9994
vn 0.0357 -0.0257 0.9990
vn 0.0139 -0.0106 0.9998
vn -0.0030 0.0101 0.9999
vn 0.0065 -0.0217 0.9997
vn -0.0108 0.0130 0.9999
vn -0.0258 -0.0277 0.9993
vn -0.0152 0.0019 0.9999
vn -0.0418 -0.0112 0.9991
vn -0.0338 -0.0091 0.9994
vn 0.0200 -0.0611 0.9979
vn 0.0265 0.0116 0.9996
vn 0.0380 0.0191 0.9991
vn 0.0380 -0.0145 0.9992
vn -0.0219 0.0477 0.9986
vn -0.0623 -0.0043 0.9980
vn -0.0182 -0.0089 0.9998
vn -0.0204 0.0100 0.9997
vn -0.0287 -0.0159 0.9995
vn -0.0158 -0.0398 0.9991
vn 0.0057 -0.0101 0.9999
vn 0.0352 -0.0102 0.9993
vn -0.0417 0.0646 0.9970
vn 0.0002 0.1164 0.9932
vn 0.0227 -0.0718 0.9972
vn -0.1237 0.0040 0.9923
vn -0.0302 0.0123 0.9995
vn 0.0353 -0.0537 0.9979
vn -0.0819 -0.0136 0.9965
vn 0.0185 0.0829 0.9964
vn 0.0788 0.1422 0.9867
vn -0.0734 0.1149 0.9907
vn -0.1293 0.1140 0.9850
vn -0.0611 -0.0023 0.9981
vn -0.0504 0.0539 0.9973
vn -0.1192 0.0632 0.9909
vn 0.0176 -0.0054 0.9998
vn -0.0294 -0.0257 0.9992
vn -0.0385 0.0020 0.9993
vn -0.0061 0.0152 0.9999
vn -0.0081 0.0284 0.9996
vn -0.0351 0.0262 0.9990
vn -0.0389 -0.0342 0.9987
vn -0.0043 -0.0366 0.9993
vn -0.0016 -0.0384 0.9993
vn -0.0333 -0.0252 0.9991
vn -0.0152 0.0301 0.9994
vn 0.0027 0.0209 0.9998
vn 0.0073 -0.0249 0.9997
vn 0.0210 -0.0067 0.9998
vn 0.0172 0.0084 0.9998
vn 0.0127 0.0277 0.9995
vn 0.0221 0.0726 0.9971
vn -0.0188 0.0575 0.9982
vn -0.0192 -0.0364 0.9992
vn 0.0214 -0.0497 0.9985
vn 0.0075 -0.0283 0.9996
vn -0.0043 -0.0297 0.9996
vn 0.0061 0.0317 0.9995
vn 0.0069 0.0297 0.9995
vn 0.0372 0.0132 0.9992
vn 0.0079 0.0047 1.0000
vn 0.0156 0.0077 0.9998
vn 0.1115 -0.0376 0.9931
vn 0.0259 0.0180 0.9995
vn -0.0057 -0.0682 0.9977
vn 0.0793 -0.0688 0.9945
vn -0.0228 -0.0471 0.9986
vn 0.0359 -0.0029 0.9994
vn -0.0033 0.1049 0.9945
vn 0.0224 0.0545 0.9983
vn -0.0668 -0.0544 0.9963
vn -0.0175 0.0126 0.9998
vn 0.0240 -0.0078 0.9997
vn -0.0144 -0.0632 0.9979
vn -0.0305 -0.0129 0.9995
vn -0.0221 0.0259 0.9994
vn 0.0015 -0.0335 0.9994
vn -0.0070 -0.0098 0.9999
vn 0.0371 -0.0137 0.9992
vn -0.0239 0.0105 0.9997
vn -0.0086 0.0469 0.9989
vn 0.0119 0.0398 0.9991
vn -0.0023 -0.0536 0.9986
vn -0.0130 -0.0554 0.9984
vn -0.0392 -0.0213 0.9990
vn 0.0095 0.0043 0.9999
vn 0.0206 0.0880 0.9959
vn -0.0384 0.0800 0.9961
vn 0.0087 0.0158 0.9998
vn 0.0061 0.0436 0.9990
vn 0.0419 -0.0005 0.9991
vn 0.0165 -0.0143 0.9998
vn -0.0162 0.0083 0.9998
vn 0.0485 -0.0305 0.9984
vn 0.0271 -0.0007 0.9996
vn -0.0287 -0.0042 0.9996
vn 0.0247 0.0070 0.9997
vn 0.0095 0.0424 0.9991
vn 0.0019 0.0065 1.0000
vn 0.0470 0.0181 0.9987
vn 0.0082 -0.0215 0.9997
vn 0.0242 -0.0297 0.9993
vn -0.0059 -0.0420 0.9991
vn 0.1331 -0.0078 0.9911
vn -0.0098 0.0549 0.9984
vn -0.0095 0.0497 0.9987
vn -0.0147 0.0856 0.9962
vn 0.0254 0.0662 0.9975
vn -0.0108 0.0676 0.9977
vn -0.1088 -0.0009 0.9941
vn -0.0450 -0.0353 0.9984
vn -0.1090 0.0479 0.9929
vn -0.0652 0.0527 0.9965
vn 0.0234 -0.0324 0.9992
vn -0.0595 0.0334 0.9977
vn -0.0067 0.0148 0.9999
vn 0.0082 0.0034 1.0000
vn -0.0005 0.0188 0.9998
vn 0.0014 -0.0065 1.0000
vn -0.0412 0.0188 0.9990
vn 0.0146 0.0231 0.9996
vn 0.0031 -0.0269 0.9996
vn -0.0493 -0.0363 0.9981
vn -0.0106 -0.0234 0.9997
vn -0.0279 -0.0402 0.9988
vn -0.0036 0.0278 0.9996
vn 0.0012 0.0430 0.9991
vn -0.0066 0.0353 0.9994
vn 0.0174 0.0488 0.9987
vn -0.0194 0.0426 0.9989
vn -0.0295 0.0073 0.9995
vn -0.0533 0.0045 0.9986
vn -0.0309 0.0145 0.9994
vn -0.0033 -0.0183 0.9998
vn -0.0304 0.0237 0.9993
vn -0.0141 -0.0211 0.9997
vn -0.0026 -0.0159 0.9999
vn -0.0331 0.0144 0.9993
vn -0.0198 -0.0176 0.9996
vn -0.0309 0.0199 0.9993
vn -0.0410 0.0298 0.9987
vn -0.0192 -0.0183 0.9996
vn -0.0389 -0.0106 0.9992
vn 0.0025 -0.0029 1.0000
vn -0.0033 -0.0390 0.9992
vn 0.0028 0.0019 1.0000
vn -0.0027 -0.0365 0.9993
vn -0.0327 0.0229 0.9992
vn -0.0197 0.0268 0.9994
vn -0.0209 -0.0595 0.9980
vn 0.0106 -0.0012 0.9999
vn 0.0478 -0.0584 0.9971
vn -0.0110 -0.0290 0.9995
vn -0.0295 0.0609 0.9977
vn 0.0240 0.0234 0.9994
vn 0.0125 0.0669 0.9977
vn -0.0232 0.0500 0.9985
vn 0.0110 0.0008 0.9999
vn 0.0013 0.0057 1.0000
vn -0.0105 -0.0350 0.9993
vn 0.0151 -0.0231 0.9996
vn 0.0076 -0.0109 0.9999
vn 0.0257 0.0116 0.9996
vn 0.0365 0.0371 0.9986
vn 0.0310 0.0174 0.9994
vn 0.0347 0.0178 0.9992
vn 0.0246 -0.0037 0.9997
vn 0.0211 -0.0173 0.9996
vn 0.0168 0.0242 0.9996
vn 0.0096 -0.0098 0.9999
vn 0.0254 -0.0053 0.9997
vn 0.0215 0.0092 0.9997
vn 0.0153 0.0069 0.9999
vn 0.0060 0.0331 0.9994
vn -0.0094 0.0212 0.9997
vn -0.0061 -0.0256 0.9997
vn 0.0068 -0.0417 0.9991
vn 0.0165 -0.0208 0.9996
vn 0.0306 -0.0112 0.9995
vn 0.0568 -0.0160 0.9983
vn -0.0028 -0.0007 1.0000
vn -0.0047 -0.0152 0.9999
vn 0.0753 -0.0042 0.9971
vn 0.0402 0.0337 0.9986
vn -0.0025 0.0344 0.9994
vn 0.0008 -0.0448 0.9990
vn 0.0385 -0.0348 0.9987
vn 0.0439 0.0239 0.9988
vn 0.0227 0.0026 0.9997
vn 0.0403 0.0492 0.9980
vn -0.0132 0.0353 0.9993
vn 0.0101 -0.0537 0.9985
vn 0.0380 -0.0620 0.9974
vn 0.0292 0.0160 0.9994
vn 0.0646 0.0023 0.9979
vn 0.0156 0.0525 0.9985
vn 0.0093 0.0632 0.9980
vn -0.0145 -0.0218 0.9997
vn -0.0096 -0.0265 0.9996
vn 0.0359 -0.0196 0.9992
vn -0.0205 -0.0176 0.9996
vn -0.0099 0.0288 0.9995
vn 0.0239 0.0360 0.9991
vn -0.0321 0.0246 0.9992
vn 0.0023 0.0255 0.9997
vn -0.0080 -0.0030 1.0000
vn -0.0478 0.0001 0.9989
vn -0.0424 -0.0267 0.9987
vn -0.0100 -0.0330 0.9994
vn -0.0006 0.0015 1.0000
vn 0.0046 -0.0021 1.0000
vn 0.0200 -0.0052 0.9998
vn -0.0197 -0.0987 0.9949
vn 0.0343 -0.0648 0.9973
vn -0.0281 -0.0319 0.9991
vn -0.0127 -0.0832 0.9965
vn -0.0146 0.0216 0.9997
vn -0.0029 0.0052 1.0000
vn -0.0043 0.0694 0.9976
vn 0.0146 0.0122 0.9998
vn -0.0232 -0.0015 0.9997
vn 0.0116 -0.0120 0.9999
vn 0.0461 -0.0306 0.9985
vn 0.0176 -0.0489 0.9986
vn -0.0316 -0.0089 0.9995
vn 0.0371 -0.0025 0.9993
vn -0.0386 -0.0263 0.9989
vn 0.0141 -0.0872 0.9961
vn 0.0774 0.0415 0.9961
vn 0.0307 0.0114 0.9995
vn 0.0363 0.0519 0.9980
vn 0.0503 0.1308 0.9901
vn 0.0052 -0.0027 1.0000
vn -0.0786 -0.0641 0.9948
vn -0.0167 -0.0115 0.9998
vn -0.0433 0.0539 0.9976
vn 0.0656 -0.0512 0.9965
vn 0.0991 -0.1337 0.9861
vn -0.1506 -0.0058 0.9886
vn 0.0229 -0.0219 0.9995
vn -0.1416 -0.0263 0.9896
vn -0.0913 -0.0210 0.9956
vn 0.1149 -0.0413 0.9925
vn 0.0391 -0.0213 0.9990
vn -0.1192 0.0838 0.9893
vn 0.0104 0.0268 0.9996
vn 0.0015 0.0356 0.9994
vn 0.0704 0.1039 0.9921
vn 0.0546 0.1245 0.9907
vn 0.0237 0.0215 0.9995
vn 0.0529 0.0534 0.9972
vn 0.0603 -0.0362 0.9975
vn 0.0036 -0.0704 0.9975
vn 0.0427 -0.1459 0.9884
vn 0.0391 -0.1342 0.9902
vn -0.0844 -0.1035 0.9910
vn -0.0523 -0.0270 0.9983
vn -0.0479 -0.0175 0.9987
vn 0.1273 0.0080 0.9918
vn 0.0365 0.0699 0.9969
vn 0.0452 0.0910 0.9948
vn 0.0706 0.0996 0.9925
vn 0.0338 -0.0020 0.9994
vn -0.0230 0.0545 0.9982
vn -0.0220 0.0032 0.9998
vn 0.1229 -0.0989 0.9875
vn 0.0316 0.0219 0.9993
vn -0.0334 0.0333 0.9989
vn -0.0104 0.0933 0.9956
vn -0.0272 0.0302 0.9992
vn 0.0732 -0.0939 0.9929
vn -0.0427 -0.1141 0.9926
vn 0.0236 -0.0336 0.9992
vn -0.0626 0.0369 0.9974
vn 0.0629 0.0408 0.9972
vn -0.0874 0.0396 0.9954
vn -0.1008 -0.0216 0.9947
vn 0.1914 -0.0238 0.9812
vn 0.0522 -0.0311 0.9982
vn 0.0362 -0.0384 0.9986
vn 0.0810 -0.0541 0.9952
vn -0.0206 -0.0441 0.9988
vn 0.0791 0.0156 0.9967
vn -0.0177 0.0336 0.9993
vn 0.0001 0.0171 0.9999
vn 0.1476 0.0195 0.9889
vn 0.0854 0.0220 0.9961
vn 0.0937 0.0053 0.9956
vn 0.1006 0.0854 0.9913
vn 0.1000 -0.0242 0.9947
vn 0.0082 -0.0616 0.9981
vn -0.0161 0.0166 0.9997
vn 0.0726 -0.0107 0.9973
vn -0.1146 -0.0159 0.9933
vn 0.0425 -0.0145 0.9990
vn 0.0152 -0.0982 0.9951
vn -0.0703 -0.0466 0.9964
vn 0.0062 0.0053 1.0000
vn -0.0433 0.0222 0.9988
vn -0.0623 0.0761 0.9952
vn 0.0639 0.0750 0.9951
vn -0.0204 -0.0510 0.9985
vn -0.0343 0.0186 0.9992
vn -0.0286 0.0056 0.9996
vn -0.0008 -0.0599 0.9982
vn -0.0560 -0.0206 0.9982
vn 0.0045 -0.1068 0.9943
vn 0.0853 -0.0913 0.9922
vn -0.1119 -0.0321 0.9932
vn -0.0672 0.0886 0.9938
vn -0.0775 0.0252 0.9967
vn -0.0147 -0.0645 0.9978
vn -0.1103 -0.0395 0.9931
vn 0.0396 0.0651 0.9971
vn 0.0598 0.1086 0.9923
vn 0.0689 -0.0515 0.9963
vn 0.0080 0.0075 0.9999
vn -0.1299 0.1175 0.9845
vn 0.0580 0.0815 0.9950
vn -0.0125 -0.0391 0.9992
vn -0.1601 -0.0020 0.9871
vn -0.0506 0.0685 0.9964
vn 0.0081 0.0570 0.9983
vn -0.0093 0.0580 0.9983
vn 0.0132 0.0648 0.9978
vn 0.0110 0.0713 0.9974
vn -0.0693 -0.0616 0.9957
vn -0.0835 -0.0439 0.9955
vn -0.0198 0.1013 0.9947
vn -0.0090 0.0852 0.9963
vn -0.0349 -0.0781 0.9963
vn -0.0709 -0.0637 0.9954
vn 0.0367 0.0476 0.9982
vn -0.0442 0.0191 0.9988
vn -0.0715 -0.0086 0.9974
vn 0.0198 -0.0413 0.9990
vn -0.0082 -0.1254 0.9921
vn 0.0353 -0.0229 0.9991
vn 0.0317 0.0300 0.9990
vn -0.0008 -0.0698 0.9976
vn -0.0059 0.0334 0.9994
vn 0.0428 -0.0069 0.9991
vn 0.0060 0.0293 0.9996
vn -0.0493 0.0880 0.9949
vn 0.0115 -0.0388 0.9992
vn 0.0175 -0.0401 0.9990
vn -0.0188 -0.0407 0.9990
vn 0.0006 -0.0207 0.9998
vn 0.0079 0.0253 0.9996
vn 0.0100 0.0394 0.9992
vn -0.0841 -0.0695 0.9940
vn -0.0518 -0.1059 0.9930
vn 0.0958 -0.0317 0.9949
vn -0.0599 -0.1317 0.9895
vn 0.0522 0.1255 0.9907
vn -0.0200 0.1010 0.9947
vn -0.0498 0.0132 0.9987
vn 0.0704 -0.0003 0.9975
vn -0.1553 0.0629 0.9859
vn -0.0149 0.0684 0.9975
vn 0.0286 0.0334 0.9990
vn -0.1684 -0.0175 0.9856
vn 0.0215 -0.0059 0.9998
vn 0.0752 -0.0188 0.9970
vn 0.0659 0.0490 0.9966
vn 0.0029 0.0706 0.9975
vn -0.0418 -0.0412 0.9983
vn 0.0409 -0.0176 0.9990
vn 0.0799 0.0332 0.9963
vn 0.0173 0.0042 0.9998
vn 0.0718 0.0104 0.9974
vn -0.1201 0.0547 0.9913
vn -0.0414 0.0039 0.9991
vn 0.0903 -0.0192 0.9957
vn 0.0800 -0.0604 0.9950
vn -0.0849 -0.0265 0.9960
vn -0.0153 -0.0619 0.9980
vn -0.0055 -0.1250 0.9921
vn -0.1044 -0.1517 0.9829
vn -0.0706 0.0022 0.9975
vn -0.0618 0.0903 0.9940
vn 0.0224 0.0773 0.9968
vn 0.0417 0.0745 0.9963
vn 0.0737 0.0587 0.9956
vn 0.0236 -0.0088 0.9997
vn -0.0067 0.0289 0.9996
vn -0.1365 -0.1159 0.9838
vn 0.0030 0.0272 0.9996
vn -0.0048 0.0248 0.9997
vn 0.0552 -0.0395 0.9977
vn 0.0835 -0.0588 0.9948
vn 0.0099 -0.0655 0.9978
vn 0.1690 -0.0553 0.9841
vn -0.0484 -0.0940 0.9944
vn 0.0251 0.1065 0.9940
vn -0.0227 0.1604 0.9868
vn -0.0375 0.0746 0.9965
vn 0.1103 0.0704 0.9914
vn 0.0506 0.1038 0.9933
vn 0.0041 0.0686 0.9976
vn 0.0616 -0.0554 0.9966
vn -0.0046 -0.0225 0.9997
vn 0.1130 -0.1599 0.9806
vn -0.0147 -0.1332 0.9910
vn -0.1061 -0.1072 0.9886
vn 0.0171 -0.0130 0.9998
vn 0.0720 0.0726 0.9948
vn 0.0500 0.0003 0.9987
vn 0.0219 0.0525 0.9984
vn 0.0409 0.0746 0.9964
vn -0.1170 -0.0131 0.9930
vn -0.0562 -0.0397 0.9976
vn -0.0661 -0.0896 0.9938
vn -0.1387 -0.0703 0.9878
vn 0.2498 -0.0092 0.9683
vn 0.0079 0.0330 0.9994
vn 0.2045 -0.0182 0.9787
vn 0.2246 0.0184 0.9743
vn 0.0070 0.0401 0.9992
vn -0.0449 -0.0179 0.9988
vn -0.0392 0.0484 0.9981
vn 0.1174 -0.0497 0.9918
vn 0.0089 -0.0498 0.9987
vn 0.0301 -0.0787 0.9964
vn 0.0476 0.0010 0.9989
vn -0.0651 0.0299 0.9974
vn 0.0238 0.0036 0.9997
vn -0.0189 0.0205 0.9996
vn 0.0111 0.0149 0.9998
vn -0.0237 -0.0428 0.9988
vn 0.0181 -0.0193 0.9996
vn -0.0626 0.0025 0.9980
vn -0.0332 -0.0370 0.9988
vn 0.0105 0.0324 0.9994
vn -0.1541 -0.1020 0.9828
vn 0.0605 0.0189 0.9980
vn -0.0543 0.0406 0.9977
vn -0.0540 -0.0268 0.9982
vn -0.0682 0.0086 0.9976
vn -0.0851 -0.0760 0.9935
vn -0.0253 -0.0482 0.9985
vn -0.0221 0.0519 0.9984
vn -0.0957 0.0638 0.9934
vn 0.0867 -0.0263 0.9959
vn -0.0482 0.0540 0.9974
vn 0.0371 -0.0068 0.9993
vn 0.0816 0.0102 0.9966
vn -0.0022 0.1840 0.9829
vn -0.0804 0.1350 0.9876
vn -0.0580 -0.0393 0.9975
vn -0.0400 0.0093 0.9992
vn 0.0282 -0.0605 0.9978
vn -0.0277 -0.0673 0.9973
vn -0.0119 -0.0260 0.9996
vn 0.0053 -0.0147 0.9999
vn -0.0009 -0.0081 1.0000
vn 0.0671 0.0185 0.9976
vn 0.0837 -0.0807 0.9932
vn -0.0075 -0.0841 0.9964
vn 0.0637 -0.0131 0.9979
vn 0.0399 0.0423 0.9983
vn -0.0219 0.0587 0.9980
vn 0.0189 0.0011 0.9998
vn 0.0097 -0.0103 0.9999
vn 0.0116 0.0273 0.9996
vn -0.0186 0.0074 0.9998
vn -0.0180 -0.0150 0.9997
vn -0.0089 0.0412 0.9991
vn -0.0063 0.0121 0.9999
vn -0.0108 -0.0405 0.9991
vn -0.0062 -0.0095 0.9999
vn -0.0216 -0.0021 0.9998
vn -0.0443 0.0033 0.9990
vn 0.0490 -0.0355 0.9982
vn -0.0530 -0.0053 0.9986
vn -0.0204 0.0176 0.9996
vn 0.0448 -0.0280 0.9986
vn -0.0017 0.0246 0.9997
vn -0.0257 -0.0344 0.9991
vn -0.0354 -0.0425 0.9985
vn 0.0023 0.0078 1.0000
vn -0.0023 -0.0020 1.0000
vn -0.0175 0.0345 0.9993
vn -0.0294 0.0400 0.9988
vn -0.0233 -0.0414 0.9989
vn 0.0299 -0.0306 0.9991
vn -0.0091 0.0361 0.9993
vn 0.0410 0.0190 0.9990
vn 0.0531 -0.0085 0.9986
vn 0.0577 0.0113 0.9983
vn 0.0396 -0.0344 0.9986
vn -0.0366 -0.0441 0.9984
vn -0.0664 0.0216 0.9976
vn -0.0116 0.0300 0.9995
vn 0.0148 -0.0021 0.9999
vn 0.0076 -0.0051 1.0000
vn -0.0090 -0.0114 0.9999
vn -0.0296 -0.0104 0.9995
vn -0.0776 -0.0352 0.9964
vn -0.0979 0.0151 0.9951
vn -0.0413 0.0412 0.9983
vn -0.0015 -0.0020 1.0000
vn -0.0071 -0.0041 1.0000
vn -0.0065 0.0047 1.0000
vn 0.0037 0.0105 0.9999
vn 0.0097 0.0008 1.0000
vn -0.0345 -0.0200 0.9992
vn 0.0790 -0.0668 0.9946
vn -0.0042 0.0372 0.9993
vn 0.1246 -0.0431 0.9913
vn -0.0129 -0.1207 0.9926
vn -0.0242 0.0245 0.9994
vn 0.0674 0.0668 0.9955
vn 0.1959 0.0714 0.9780
vn 0.7071 -0.0000 0.7071
vt 0.121468 0.585684
vt 0.072840 0.585684
vt 0.072840 0.609782
vt 0.121468 0.609782
vt 0.268390 0.542422
vt 0.024736 0.542422
vt 0.024736 0.556766
vt 0.268390 0.556766
vt 0.023913 0.536758
vt 0.023913 0.561051
vt 0.267994 0.561051
vt 0.267994 0.536758
vt 0.169816 0.229191
vt 0.010449 0.341883
vt 0.123145 0.501257
vt 0.282513 0.388565
vt 0.235117 0.259426
vt 0.040687 0.276583
vt 0.057845 0.471022
vt 0.252275 0.453864
vt 0.013227 0.329265
vt 0.110516 0.498476
vt 0.279734 0.401183
vt 0.182445 0.231972
vt 0.265063 0.435848
vt 0.217110 0.246645
vt 0.027899 0.294599
vt 0.075851 0.483803
vt 0.012893 0.399921
vt 0.181172 0.498813
vt 0.280068 0.330527
vt 0.111790 0.231635
vt 0.062205 0.255921
vt 0.037174 0.449495
vt 0.230757 0.474526
vt 0.255787 0.280953
vt 0.253655 0.278257
vt 0.059518 0.258046
vt 0.039307 0.452191
vt 0.233443 0.472401
vt 0.155144 0.227476
vt 0.008733 0.356555
vt 0.137817 0.502972
vt 0.284228 0.373893
vt 0.228577 0.476173
vt 0.257433 0.283132
vt 0.064384 0.254275
vt 0.035528 0.447315
vt 0.283674 0.380309
vt 0.161572 0.228031
vt 0.009288 0.350139
vt 0.131390 0.502416
vt 0.097622 0.494307
vt 0.275561 0.414088
vt 0.195339 0.236141
vt 0.017400 0.316360
vt 0.281796 0.338037
vt 0.119299 0.229907
vt 0.011165 0.392411
vt 0.173662 0.500541
vt 0.079871 0.486107
vt 0.267361 0.431839
vt 0.213090 0.244341
vt 0.025601 0.298609
vt 0.266565 0.433263
vt 0.214525 0.245143
vt 0.026397 0.297185
vt 0.078436 0.485305
vt 0.122544 0.229295
vt 0.010551 0.389155
vt 0.170417 0.501152
vt 0.282410 0.341293
vt 0.282031 0.339232
vt 0.120494 0.229672
vt 0.010930 0.391216
vt 0.172467 0.500775
vt 0.224035 0.479394
vt 0.260654 0.287674
vt 0.068926 0.251054
vt 0.032307 0.442774
vt 0.009326 0.349790
vt 0.131041 0.502378
vt 0.283635 0.380657
vt 0.161920 0.228070
vt 0.022297 0.425457
vt 0.206709 0.489410
vt 0.270664 0.304991
vt 0.086253 0.241038
vt 0.275437 0.316032
vt 0.097295 0.236266
vt 0.017524 0.414415
vt 0.195667 0.494182
vt 0.281776 0.337934
vt 0.119197 0.229927
vt 0.011186 0.392513
vt 0.173764 0.500520
vt 0.242408 0.265989
vt 0.047250 0.269292
vt 0.050553 0.464458
vt 0.245711 0.461155
vt 0.265613 0.434917
vt 0.216179 0.246095
vt 0.027349 0.295531
vt 0.076783 0.484353
vt 0.140250 0.227345
vt 0.008601 0.371448
vt 0.152711 0.503103
vt 0.284360 0.358999
vt 0.227112 0.253205
vt 0.034466 0.284588
vt 0.065850 0.477242
vt 0.258496 0.445860
vt 0.280633 0.337617
vt 0.115626 0.227817
vt 0.005822 0.392831
vt 0.170829 0.502630
vt 0.075589 0.487973
vt 0.265974 0.432867
vt 0.210866 0.242474
vt 0.020481 0.297580
vt 0.265166 0.434314
vt 0.212322 0.243288
vt 0.021289 0.296134
vt 0.074133 0.487159
vt 0.118921 0.227196
vt 0.005199 0.389524
vt 0.167534 0.503251
vt 0.281256 0.340923
vt 0.280871 0.338830
vt 0.116840 0.227579
vt 0.005584 0.391617
vt 0.169615 0.502868
vt 0.221980 0.481157
vt 0.259164 0.286477
vt 0.064475 0.249291
vt 0.027291 0.443971
vt 0.003955 0.349552
vt 0.127550 0.504495
vt 0.282500 0.380895
vt 0.158905 0.225952
vt 0.017127 0.426387
vt 0.204385 0.491327
vt 0.269328 0.304061
vt 0.082070 0.239120
vt 0.274175 0.315273
vt 0.093282 0.234274
vt 0.012280 0.415175
vt 0.193173 0.496173
vt 0.280612 0.337513
vt 0.115522 0.227838
vt 0.005843 0.392935
vt 0.170933 0.502609
vt 0.240636 0.264457
vt 0.042465 0.267811
vt 0.045819 0.465990
vt 0.243990 0.462637
vt 0.264199 0.435993
vt 0.214002 0.244255
vt 0.022256 0.294455
vt 0.072453 0.486192
vt 0.136901 0.225216
vt 0.003219 0.371545
vt 0.149554 0.505232
vt 0.283236 0.358903
vt 0.225103 0.251476
vt 0.029483 0.283343
vt 0.061351 0.478972
vt 0.256972 0.447105
vt 0.083509 0.492015
vt 0.270016 0.424948
vt 0.202946 0.238433
vt 0.016439 0.305500
vt 0.220656 0.482045
vt 0.260052 0.287800
vt 0.065798 0.248403
vt 0.026403 0.442648
vt 0.107493 0.500743
vt 0.278745 0.400964
vt 0.178962 0.229705
vt 0.007710 0.329483
vt 0.029829 0.447584
vt 0.225583 0.478625
vt 0.256626 0.282864
vt 0.060872 0.251822
vt 0.126597 0.504385
vt 0.282388 0.381860
vt 0.159858 0.226063
vt 0.004067 0.348588
vt 0.282914 0.353818
vt 0.131828 0.225537
vt 0.003541 0.376630
vt 0.154627 0.504911
vt 0.180739 0.500262
vt 0.278267 0.327718
vt 0.105716 0.230186
vt 0.008188 0.402730
vt 0.111467 0.228719
vt 0.006721 0.396978
vt 0.174988 0.501729
vt 0.279734 0.333469
vt 0.019851 0.298736
vt 0.076735 0.488597
vt 0.266604 0.431711
vt 0.209720 0.241850
vt 0.215737 0.245287
vt 0.023294 0.292709
vt 0.070718 0.485160
vt 0.263161 0.437738
vt 0.155977 0.504794
vt 0.282798 0.352480
vt 0.130478 0.225654
vt 0.003657 0.377968
vt 0.010739 0.340250
vt 0.121501 0.500964
vt 0.282222 0.390198
vt 0.171460 0.229483
vt 0.282008 0.339114
vt 0.120376 0.229695
vt 0.010953 0.391334
vt 0.172585 0.500753
vt 0.051215 0.465093
vt 0.246346 0.460494
vt 0.241747 0.265355
vt 0.046616 0.269953
vt 0.259606 0.444295
vt 0.225557 0.252102
vt 0.033356 0.286153
vt 0.067405 0.478345
vt 0.242468 0.266048
vt 0.047309 0.269232
vt 0.050493 0.464400
vt 0.245653 0.461216
vt 0.110554 0.498486
vt 0.279741 0.401157
vt 0.182408 0.231962
vt 0.013220 0.329291
vt 0.027430 0.295391
vt 0.076643 0.484271
vt 0.265531 0.435056
vt 0.216318 0.246177
vt 0.238742 0.467876
vt 0.249137 0.272967
vt 0.054220 0.262572
vt 0.043825 0.457480
vt 0.250329 0.456136
vt 0.237397 0.261379
vt 0.042632 0.274312
vt 0.055565 0.469069
vt 0.094983 0.237171
vt 0.018426 0.416716
vt 0.197978 0.493277
vt 0.274536 0.313732
vt 0.156352 0.502890
vt 0.284148 0.355358
vt 0.136609 0.227557
vt 0.008814 0.375089
vt 0.215517 0.484737
vt 0.265997 0.296192
vt 0.077444 0.245710
vt 0.026964 0.434255
vt 0.083788 0.488184
vt 0.269438 0.427922
vt 0.209174 0.242264
vt 0.023524 0.302526
vt 0.054888 0.468473
vt 0.249725 0.456821
vt 0.238073 0.261975
vt 0.043236 0.273627
vt 0.277908 0.407372
vt 0.188634 0.233799
vt 0.015054 0.323076
vt 0.104327 0.496649
vt 0.113896 0.499342
vt 0.280598 0.397814
vt 0.179065 0.231105
vt 0.012364 0.332633
vt 0.215336 0.245606
vt 0.026865 0.296364
vt 0.077626 0.484842
vt 0.266096 0.434084
vt 0.090053 0.239266
vt 0.020520 0.421646
vt 0.202908 0.491182
vt 0.272441 0.308802
vt 0.052061 0.264554
vt 0.045807 0.459639
vt 0.240901 0.465893
vt 0.247154 0.270808
vt 0.177696 0.499668
vt 0.280926 0.334014
vt 0.115266 0.230780
vt 0.012036 0.396433
vt 0.218724 0.482827
vt 0.264086 0.292985
vt 0.074237 0.247621
vt 0.028875 0.437462
vt 0.161965 0.502372
vt 0.283630 0.349745
vt 0.130996 0.228075
vt 0.009331 0.380702
vt 0.280735 0.333205
vt 0.114468 0.230968
vt 0.012226 0.397243
vt 0.178494 0.499480
vt 0.281005 0.334358
vt 0.115621 0.230698
vt 0.011956 0.396090
vt 0.177341 0.499749
vt 0.282455 0.388899
vt 0.170161 0.229251
vt 0.010506 0.341549
vt 0.122800 0.501197
vt 0.168917 0.501408
vt 0.282666 0.342793
vt 0.124044 0.229040
vt 0.010296 0.387655
vt 0.262588 0.290601
vt 0.071863 0.249113
vt 0.030373 0.439847
vt 0.221099 0.481334
vt 0.268289 0.430126
vt 0.211388 0.243419
vt 0.024673 0.300321
vt 0.081573 0.487029
vt 0.009868 0.345564
vt 0.126815 0.501836
vt 0.283093 0.384884
vt 0.166147 0.228612
vt 0.022613 0.426104
vt 0.207356 0.489094
vt 0.270348 0.304344
vt 0.085606 0.241354
vt 0.011283 0.337457
vt 0.118708 0.500421
vt 0.281679 0.392990
vt 0.174253 0.230027
vt 0.102122 0.495921
vt 0.277176 0.409589
vt 0.190840 0.234527
vt 0.015785 0.320859
vt 0.272466 0.308856
vt 0.090119 0.239236
vt 0.020496 0.421591
vt 0.202843 0.491211
vt 0.026099 0.297713
vt 0.078965 0.485603
vt 0.266863 0.432734
vt 0.213996 0.244845
vt 0.094905 0.237202
vt 0.018457 0.416794
vt 0.198056 0.493245
vt 0.274504 0.313654
vt 0.056191 0.260833
vt 0.042086 0.455509
vt 0.236770 0.469614
vt 0.250875 0.274939
vt 0.036477 0.448583
vt 0.229835 0.475231
vt 0.256484 0.281865
vt 0.063127 0.255217
vt 0.238271 0.262151
vt 0.043412 0.273429
vt 0.054690 0.468297
vt 0.249550 0.457019
vt 0.178630 0.499447
vt 0.280705 0.333080
vt 0.114331 0.231000
vt 0.012256 0.397368
vt 0.283092 0.384890
vt 0.166153 0.228613
vt 0.009869 0.345558
vt 0.126809 0.501835
vt 0.254977 0.279912
vt 0.061174 0.256724
vt 0.037984 0.450535
vt 0.231788 0.473724
vt 0.253445 0.452448
vt 0.233709 0.258263
vt 0.039516 0.278000
vt 0.059252 0.472185
vt 0.110287 0.232034
vt 0.013289 0.401411
vt 0.182674 0.498414
vt 0.279672 0.329036
vt 0.017572 0.315908
vt 0.097159 0.494130
vt 0.275389 0.414540
vt 0.195802 0.236317
vt 0.249867 0.456661
vt 0.237923 0.261842
vt 0.043095 0.273786
vt 0.055039 0.468606
vt 0.207716 0.241532
vt 0.022791 0.303983
vt 0.085246 0.488916
vt 0.270170 0.426464
vt 0.039108 0.451945
vt 0.233197 0.472600
vt 0.253854 0.278503
vt 0.059764 0.257847
vt 0.262597 0.290614
vt 0.071876 0.249105
vt 0.030365 0.439833
vt 0.221085 0.481343
vt 0.041277 0.275884
vt 0.057136 0.470424
vt 0.251685 0.454564
vt 0.235825 0.260024
vt 0.212353 0.486510
vt 0.267770 0.299356
vt 0.080608 0.243938
vt 0.025192 0.431091
vt 0.271858 0.422931
vt 0.088768 0.490598
vt 0.021104 0.307517
vt 0.204193 0.239849
vt 0.283754 0.379564
vt 0.132135 0.502496
vt 0.009208 0.350884
vt 0.160826 0.227951
vt 0.016048 0.320093
vt 0.191617 0.234793
vt 0.276913 0.410355
vt 0.101344 0.495655
vt 0.015101 0.322928
vt 0.188782 0.233846
vt 0.277860 0.407520
vt 0.104179 0.496601
vt 0.008519 0.361216
vt 0.150494 0.227262
vt 0.284442 0.369231
vt 0.142467 0.503185
vt 0.087943 0.240232
vt 0.271474 0.306691
vt 0.205019 0.490215
vt 0.021487 0.423756
vt 0.113480 0.231207
vt 0.280499 0.332229
vt 0.179482 0.499240
vt 0.012463 0.398219
vt 0.254065 0.451682
vt 0.060018 0.472805
vt 0.038896 0.278765
vt 0.232944 0.257643
vt 0.282582 0.342288
vt 0.169411 0.501326
vt 0.010380 0.388160
vt 0.123551 0.229122
vt 0.259578 0.286113
vt 0.225587 0.478324
vt 0.033384 0.444335
vt 0.067374 0.252123
vt 0.228079 0.476539
vt 0.035162 0.446818
vt 0.064882 0.253908
vt 0.257800 0.283630
vt 0.102522 0.234391
vt 0.277315 0.321271
vt 0.190439 0.496056
vt 0.015646 0.409176
vt 0.066365 0.477611
vt 0.034097 0.285103
vt 0.226597 0.252836
vt 0.258865 0.445344
vt 0.110168 0.232066
vt 0.279640 0.328916
vt 0.182794 0.498381
vt 0.013322 0.401531
vt 0.283634 0.380663
vt 0.131036 0.502377
vt 0.009327 0.349785
vt 0.161926 0.228071
vt 0.277652 0.322288
vt 0.189411 0.496397
vt 0.015309 0.408160
vt 0.103550 0.234050
vt 0.140820 0.227320
vt 0.284385 0.359569
vt 0.152141 0.503128
vt 0.008577 0.370878
vt 0.012849 0.399749
vt 0.111961 0.231590
vt 0.280113 0.330699
vt 0.181000 0.498857
vt 0.278669 0.404919
vt 0.106780 0.497411
vt 0.014292 0.325529
vt 0.186182 0.233037
vt 0.243268 0.463620
vt 0.048081 0.462007
vt 0.049693 0.266828
vt 0.244881 0.268441
vt 0.275838 0.413350
vt 0.098349 0.494579
vt 0.017123 0.317098
vt 0.194612 0.235868
vt 0.123438 0.501307
vt 0.010399 0.342175
vt 0.169523 0.229141
vt 0.282563 0.388272
vt 0.082121 0.243128
vt 0.268579 0.300870
vt 0.210840 0.487320
vt 0.024382 0.429578
vt 0.119492 0.229868
vt 0.281837 0.338241
vt 0.173470 0.500579
vt 0.011124 0.392207
vt 0.067914 0.478699
vt 0.033008 0.286652
vt 0.225048 0.251748
vt 0.259953 0.443796
vt 0.023829 0.428517
vt 0.083193 0.242569
vt 0.269133 0.301931
vt 0.209769 0.487878
vt 0.168541 0.501469
vt 0.010234 0.387279
vt 0.124420 0.228978
vt 0.282727 0.343169
vt 0.215268 0.245567
vt 0.266135 0.434017
vt 0.077693 0.484881
vt 0.026827 0.296431
vt 0.047906 0.461829
vt 0.049880 0.266645
vt 0.245056 0.268619
vt 0.243081 0.463803
vt 0.270207 0.426389
vt 0.085310 0.488948
vt 0.022754 0.304058
vt 0.207652 0.241500
vt 0.216630 0.484087
vt 0.027614 0.435368
vt 0.076331 0.246360
vt 0.265347 0.295080
vt 0.048975 0.462907
vt 0.048801 0.267714
vt 0.243987 0.267540
vt 0.244160 0.462734
vt 0.032001 0.442321
vt 0.069388 0.250741
vt 0.260960 0.288126
vt 0.223573 0.479706
vt 0.021185 0.423107
vt 0.088603 0.239926
vt 0.271776 0.307340
vt 0.204359 0.490522
vt 0.009238 0.350597
vt 0.161113 0.227982
vt 0.283723 0.379850
vt 0.131848 0.502466
vt 0.187626 0.496968
vt 0.014735 0.406364
vt 0.105335 0.233480
vt 0.278227 0.324084
vt 0.229679 0.255099
vt 0.256602 0.448427
vt 0.063282 0.475349
vt 0.036359 0.282021
vt 0.083979 0.242167
vt 0.269541 0.302728
vt 0.208982 0.488281
vt 0.023421 0.427720
vt 0.198921 0.237554
vt 0.274148 0.417670
vt 0.094040 0.492893
vt 0.018813 0.312778
vt 0.068664 0.479216
vt 0.032492 0.287403
vt 0.224297 0.251232
vt 0.260469 0.443045
vt 0.070519 0.249988
vt 0.261720 0.289267
vt 0.222443 0.480460
vt 0.031242 0.441181
vt 0.273417 0.419415
vt 0.092284 0.492158
vt 0.019544 0.311032
vt 0.200677 0.238290
vt 0.277093 0.320616
vt 0.191083 0.495838
vt 0.015868 0.409832
vt 0.101878 0.234609
vt 0.184586 0.497879
vt 0.013824 0.403324
vt 0.108375 0.232568
vt 0.279138 0.327124
vt 0.065475 0.253476
vt 0.258232 0.284223
vt 0.227487 0.476971
vt 0.034730 0.446225
vt 0.283706 0.350434
vt 0.161265 0.502450
vt 0.009255 0.380014
vt 0.131697 0.227998
vt 0.218853 0.482747
vt 0.028954 0.437591
vt 0.074109 0.247700
vt 0.264007 0.292857
vt 0.232613 0.257378
vt 0.254323 0.451361
vt 0.060348 0.473069
vt 0.038639 0.279086
vt 0.260536 0.442947
vt 0.068752 0.479276
vt 0.032425 0.287501
vt 0.224209 0.251172
vt 0.223590 0.250753
vt 0.260948 0.442338
vt 0.069371 0.479695
vt 0.032013 0.288109
vt 0.017179 0.413501
vt 0.098209 0.235920
vt 0.275782 0.316947
vt 0.194752 0.494527
vt 0.244196 0.267750
vt 0.243951 0.462943
vt 0.048765 0.462698
vt 0.049011 0.267504
vt 0.185569 0.497593
vt 0.014110 0.404306
vt 0.107392 0.232855
vt 0.278852 0.326141
vt 0.190815 0.234518
vt 0.277185 0.409564
vt 0.102147 0.495930
vt 0.015777 0.320884
vt 0.169987 0.229220
vt 0.282483 0.388736
vt 0.122974 0.501227
vt 0.010478 0.341712
vt 0.055638 0.469133
vt 0.042576 0.274376
vt 0.237324 0.261315
vt 0.250386 0.456071
vt 0.213476 0.485893
vt 0.025808 0.432214
vt 0.079485 0.244554
vt 0.267153 0.298234
vt 0.100340 0.235145
vt 0.276562 0.319088
vt 0.192622 0.495303
vt 0.016400 0.411359
vt 0.252289 0.276601
vt 0.235099 0.471036
vt 0.040672 0.453847
vt 0.057862 0.259411
vt 0.071151 0.480874
vt 0.030834 0.289889
vt 0.221811 0.249574
vt 0.262127 0.440559
vt 0.216007 0.484453
vt 0.027249 0.434745
vt 0.076954 0.245995
vt 0.265713 0.295702
vt 0.207482 0.489031
vt 0.022670 0.426220
vt 0.085479 0.241416
vt 0.270291 0.304228
vt 0.283133 0.384608
vt 0.127090 0.501875
vt 0.009829 0.345839
vt 0.165871 0.228573
vt 0.021817 0.305992
vt 0.205717 0.240562
vt 0.271145 0.424455
vt 0.087244 0.489885
vt 0.037410 0.280648
vt 0.231061 0.256157
vt 0.255551 0.449800
vt 0.061900 0.474291
vt 0.067863 0.251783
vt 0.259925 0.286611
vt 0.225098 0.478664
vt 0.033037 0.443837
vt 0.165785 0.501887
vt 0.009817 0.384523
vt 0.127176 0.228561
vt 0.283145 0.345925
vt 0.113062 0.231311
vt 0.280395 0.331811
vt 0.179899 0.499137
vt 0.012566 0.398636
vt 0.193093 0.495134
vt 0.016568 0.411831
vt 0.099868 0.235313
vt 0.276393 0.318617
vt 0.151803 0.503141
vt 0.008563 0.370540
vt 0.141158 0.227307
vt 0.284398 0.359907
vt 0.044707 0.271995
vt 0.239714 0.263454
vt 0.248254 0.458453
vt 0.053247 0.466993
vt 0.043378 0.273467
vt 0.238242 0.262125
vt 0.249584 0.456980
vt 0.054720 0.468323
vt 0.257057 0.447822
vt 0.063878 0.475797
vt 0.035904 0.282626
vt 0.229083 0.254651
vt 0.124893 0.501545
vt 0.010160 0.343630
vt 0.168068 0.228903
vt 0.282801 0.386817
vt 0.049174 0.267341
vt 0.244367 0.267922
vt 0.243787 0.463106
vt 0.048594 0.462526
vt 0.234285 0.471712
vt 0.252973 0.277424
vt 0.058676 0.258735
vt 0.039988 0.453024
vt 0.008746 0.356351
vt 0.137602 0.502958
vt 0.284215 0.374097
vt 0.155359 0.227490
vt 0.010237 0.343152
vt 0.124403 0.501466
vt 0.282724 0.387296
vt 0.168559 0.228981
vt 0.264748 0.294074
vt 0.075336 0.246953
vt 0.028213 0.436374
vt 0.217626 0.483494
vt 0.019183 0.311888
vt 0.093139 0.492519
vt 0.273779 0.418560
vt 0.199822 0.237928
vt 0.093007 0.237984
vt 0.019238 0.418692
vt 0.199954 0.492464
vt 0.273723 0.311755
vt 0.013911 0.326819
vt 0.108070 0.497791
vt 0.279050 0.403628
vt 0.184891 0.232656
vt 0.262017 0.440729
vt 0.221990 0.249691
vt 0.030945 0.289719
vt 0.070971 0.480756
vt 0.149477 0.503211
vt 0.284468 0.362233
vt 0.143484 0.227236
vt 0.008493 0.368214
vt 0.271208 0.306126
vt 0.087388 0.240494
vt 0.021753 0.424322
vt 0.205573 0.489954
vt 0.030298 0.290718
vt 0.071970 0.481403
vt 0.262663 0.439729
vt 0.220991 0.249044
vt 0.012656 0.398996
vt 0.180247 0.499049
vt 0.280305 0.331451
vt 0.112714 0.231398
vt 0.274919 0.415751
vt 0.197014 0.236787
vt 0.018042 0.314696
vt 0.095948 0.493660
vt 0.106943 0.497460
vt 0.278715 0.404767
vt 0.186018 0.232988
vt 0.014247 0.325681
vt 0.107554 0.232807
vt 0.014062 0.404145
vt 0.185407 0.497641
vt 0.278899 0.326303
vt 0.253892 0.451897
vt 0.233159 0.257816
vt 0.039069 0.278550
vt 0.059803 0.472632
vt 0.283139 0.384562
vt 0.165825 0.228566
vt 0.009822 0.345886
vt 0.127137 0.501881
vt 0.072618 0.248631
vt 0.029885 0.439081
vt 0.220343 0.481816
vt 0.263076 0.291366
vt 0.280184 0.399474
vt 0.180736 0.231522
vt 0.012778 0.330974
vt 0.112225 0.498925
vt 0.009053 0.377994
vt 0.159245 0.502652
vt 0.283909 0.352454
vt 0.133717 0.227795
vt 0.067572 0.251986
vt 0.033239 0.444128
vt 0.225390 0.478462
vt 0.259722 0.286320
vt 0.193143 0.495117
vt 0.276375 0.318567
vt 0.099818 0.235331
vt 0.016586 0.411881
vt 0.277915 0.407350
vt 0.188613 0.233792
vt 0.015047 0.323097
vt 0.104349 0.496656
vt 0.283882 0.378280
vt 0.159542 0.227823
vt 0.009080 0.352168
vt 0.133419 0.502624
vt 0.244353 0.462540
vt 0.243801 0.267355
vt 0.048608 0.267907
vt 0.049160 0.463092
vt 0.272969 0.420452
vt 0.201715 0.238738
vt 0.019992 0.309995
vt 0.091247 0.491710
vt 0.283986 0.377133
vt 0.158396 0.227719
vt 0.008975 0.353315
vt 0.134566 0.502729
vt 0.241110 0.264751
vt 0.046012 0.270590
vt 0.051851 0.465696
vt 0.246949 0.459858
vt 0.010375 0.342315
vt 0.123566 0.501328
vt 0.282586 0.388132
vt 0.169395 0.229119
vt 0.016016 0.410261
vt 0.191512 0.495691
vt 0.276946 0.320187
vt 0.101449 0.234757
vt 0.227999 0.253849
vt 0.035110 0.283701
vt 0.064963 0.476598
vt 0.257852 0.446747
vt 0.171162 0.501019
vt 0.282277 0.340549
vt 0.121800 0.229429
vt 0.010684 0.389899
vt 0.012254 0.397358
vt 0.178609 0.499452
vt 0.280708 0.333090
vt 0.114352 0.230995
vt 0.046228 0.460087
vt 0.241339 0.465480
vt 0.246733 0.270361
vt 0.051622 0.264967
vt 0.199237 0.492763
vt 0.274022 0.312473
vt 0.093725 0.237684
vt 0.018939 0.417974
vt 0.009180 0.351149
vt 0.132400 0.502524
vt 0.283781 0.379298
vt 0.160561 0.227924
vt 0.110745 0.231910
vt 0.013166 0.400954
vt 0.182217 0.498537
vt 0.279796 0.329493
vt 0.279800 0.400939
vt 0.182202 0.231906
vt 0.013162 0.329508
vt 0.110760 0.498541
vt 0.256456 0.281828
vt 0.063090 0.255244
vt 0.036505 0.448619
vt 0.229872 0.475203
vt 0.133376 0.227827
vt 0.009084 0.378323
vt 0.159585 0.502620
vt 0.283878 0.352125
vt 0.146481 0.365224
vt 0.285899 0.365224
vt 0.285899 0.504637
vt 0.146481 0.504637
vt 0.285899 0.434930
vt 0.288951 0.365224
vt 0.288951 0.507688
vt 0.146481 0.507688
vt 0.216190 0.504637
vt 0.216190 0.434930
vt 0.216190 0.365224
vt 0.251045 0.400077
vt 0.217716 0.507688
vt 0.217716 0.436456
vt 0.288951 0.436456
vt 0.004010 0.365224
vt 0.004010 0.507688
vt 0.007062 0.225811
vt 0.146481 0.225811
vt 0.007062 0.365224
vt 0.146481 0.222759
vt 0.288951 0.222759
vt 0.007062 0.504637
vt 0.004010 0.222759
vt 0.285899 0.225811
vt 0.007062 0.434930
vt 0.007062 0.295517
vt 0.076771 0.365224
vt 0.041917 0.400077
vt 0.076771 0.295517
vt 0.146481 0.295517
vt 0.216190 0.225811
vt 0.181335 0.260664
vt 0.076771 0.434930
vt 0.146481 0.434930
vt 0.076771 0.504637
vt 0.216190 0.295517
vt 0.285899 0.295517
vt 0.076771 0.225811
vt 0.075245 0.507688
vt 0.111626 0.260664
vt 0.217716 0.222759
vt 0.288951 0.293992
vt 0.217716 0.293992
vt 0.075245 0.222759
vt 0.075245 0.293992
vt 0.004010 0.293992
vt 0.004010 0.436456
vt 0.075245 0.436456
vt 0.293198 0.850996
vt 0.293199 0.999620
vt 0.442084 0.999615
vt 0.441962 0.850988
vt 0.292969 0.731445
vt 0.000000 0.731445
vt 0.000000 0.755859
vt 0.292969 0.755859
vt 0.292969 0.707031
vt 0.000000 0.707031
vt 0.999441 0.016484
vt 0.752511 0.016484
vt 0.752511 0.263415
vt 0.999441 0.263415
vt 0.000000 1.000000
vt 0.292969 1.000000
vt 0.024414 0.707031
vt 0.024414 1.000000
s 0
usemtl Material
f 2/1/1 1/2/1 4/3/1 3/4/1
f 10/1/2 11/4/2 12/3/2 9/2/2
f 16/5/3 8/6/3 7/7/3 15/8/3
f 15/5/2 7/6/2 6/7/2 14/8/2
f 14/8/4 6/7/4 5/6/4 13/5/4
f 13/5/1 5/6/1 8/7/1 16/8/1
f 9/9/5 12/10/5 4/11/5 1/12/5
f 12/9/3 11/10/3 3/11/3 4/12/3
f 11/10/6 10/9/6 2/12/6 3/11/6
f 10/10/4 9/9/4 1/12/4 2/11/4
f 24/5/3 20/6/3 19/7/3 23/8/3
f 23/5/2 19/6/2 18/7/2 22/8/2
f 22/8/4 18/7/4 17/6/4 21/5/4
f 21/5/1 17/6/1 20/7/1 24/8/1
s 1
f 28/13/7 27/14/8 108/15/9 110/16/10
f 30/17/11 28/18/7 110/19/10 111/20/12
f 31/21/13 30/22/11 111/23/12 112/24/14
f 25/25/15 31/26/13 112/27/14 114/28/16
f 26/29/17 25/30/15 114/31/16 115/32/18
f 29/33/19 33/34/20 27/35/8 28/36/7
f 35/37/21 29/38/19 28/39/7 30/40/11
f 32/41/22 35/42/21 30/43/11 31/44/13
f 37/45/23 32/46/22 31/47/13 25/48/15
f 39/49/24 37/50/23 25/51/15 26/52/17
f 34/53/25 40/54/26 33/55/20 29/56/19
f 42/57/27 34/58/25 29/59/19 35/60/21
f 36/61/28 42/62/27 35/63/21 32/64/22
f 38/65/29 36/66/28 32/67/22 37/68/23
f 45/69/30 38/70/29 37/71/23 39/72/24
f 48/73/31 41/74/32 40/75/26 34/76/25
f 43/77/33 48/78/31 34/79/25 42/80/27
f 44/81/34 43/82/33 42/83/27 36/84/28
f 52/85/35 44/86/34 36/87/28 38/88/29
f 46/89/36 52/90/35 38/91/29 45/92/30
f 49/93/37 47/94/38 41/95/32 48/96/31
f 50/97/39 49/98/37 48/99/31 43/100/33
f 51/101/40 50/102/39 43/103/33 44/104/34
f 53/105/41 51/106/40 44/107/34 52/108/35
f 54/109/42 53/110/41 52/111/35 46/112/36
f 57/113/43 56/114/44 139/115/45 141/116/46
f 59/117/47 57/118/43 141/119/46 142/120/48
f 60/121/49 59/122/47 142/123/48 143/124/50
f 55/125/51 60/126/49 143/127/50 145/128/52
f 27/129/8 55/130/51 145/131/52 108/132/9
f 58/133/53 62/134/54 56/135/44 57/136/43
f 64/137/55 58/138/53 57/139/43 59/140/47
f 61/141/56 64/142/55 59/143/47 60/144/49
f 66/145/57 61/146/56 60/147/49 55/148/51
f 33/149/20 66/150/57 55/151/51 27/152/8
f 63/153/58 68/154/59 62/155/54 58/156/53
f 70/157/60 63/158/58 58/159/53 64/160/55
f 65/161/61 70/162/60 64/163/55 61/164/56
f 67/165/62 65/166/61 61/167/56 66/168/57
f 40/169/26 67/170/62 66/171/57 33/172/20
f 74/173/63 69/174/64 68/175/59 63/176/58
f 71/177/65 74/178/63 63/179/58 70/180/60
f 72/181/66 71/182/65 70/183/60 65/184/61
f 78/185/67 72/186/66 65/187/61 67/188/62
f 41/189/32 78/190/67 67/191/62 40/192/26
f 75/193/68 73/194/69 69/195/64 74/196/63
f 76/197/70 75/198/68 74/199/63 71/200/65
f 77/201/71 76/202/70 71/203/65 72/204/66
f 79/205/72 77/206/71 72/207/66 78/208/67
f 47/209/38 79/210/72 78/211/67 41/212/32
f 89/213/73 88/214/74 80/215/75 81/216/76
f 91/217/77 89/218/73 81/219/76 82/220/78
f 92/221/79 91/222/77 82/223/78 83/224/80
f 85/225/81 92/226/79 83/227/80 84/228/82
f 87/229/83 85/230/81 84/231/82 86/232/84
f 90/233/85 94/234/86 88/235/74 89/236/73
f 96/237/87 90/238/85 89/239/73 91/240/77
f 93/241/88 96/242/87 91/243/77 92/244/79
f 98/245/89 93/246/88 92/247/79 85/248/81
f 100/249/90 98/250/89 85/251/81 87/252/83
f 95/253/91 101/254/92 94/255/86 90/256/85
f 103/257/93 95/258/91 90/259/85 96/260/87
f 97/261/94 103/262/93 96/263/87 93/264/88
f 99/265/95 97/266/94 93/267/88 98/268/89
f 106/269/96 99/270/95 98/271/89 100/272/90
f 109/273/97 102/274/98 101/275/92 95/276/91
f 104/277/99 109/278/97 95/279/91 103/280/93
f 105/281/100 104/282/99 103/283/93 97/284/94
f 113/285/101 105/286/100 97/287/94 99/288/95
f 107/289/102 113/290/101 99/291/95 106/292/96
f 110/293/10 108/294/9 102/295/98 109/296/97
f 111/297/12 110/298/10 109/299/97 104/300/99
f 112/301/14 111/302/12 104/303/99 105/304/100
f 114/305/16 112/306/14 105/307/100 113/308/101
f 115/309/18 114/310/16 113/311/101 107/312/102
f 123/113/103 122/114/104 116/115/105 117/116/106
f 125/117/107 123/118/103 117/119/106 118/120/108
f 126/121/109 125/122/107 118/123/108 119/124/110
f 121/125/111 126/126/109 119/127/110 120/128/112
f 88/129/74 121/130/111 120/131/112 80/132/75
f 124/133/113 128/134/114 122/135/104 123/136/103
f 130/137/115 124/138/113 123/139/103 125/140/107
f 127/141/116 130/142/115 125/143/107 126/144/109
f 132/145/117 127/146/116 126/147/109 121/148/111
f 94/149/86 132/150/117 121/151/111 88/152/74
f 129/153/118 134/154/119 128/155/114 124/156/113
f 136/157/120 129/158/118 124/159/113 130/160/115
f 131/161/121 136/162/120 130/163/115 127/164/116
f 133/165/122 131/166/121 127/167/116 132/168/117
f 101/169/92 133/170/122 132/171/117 94/172/86
f 140/173/123 135/174/124 134/175/119 129/176/118
f 137/177/125 140/178/123 129/179/118 136/180/120
f 138/181/126 137/182/125 136/183/120 131/184/121
f 144/185/127 138/186/126 131/187/121 133/188/122
f 102/189/98 144/190/127 133/191/122 101/192/92
f 141/193/46 139/194/45 135/195/124 140/196/123
f 142/197/48 141/198/46 140/199/123 137/200/125
f 143/201/50 142/202/48 137/203/125 138/204/126
f 145/205/52 143/206/50 138/207/126 144/208/127
f 108/209/9 145/210/52 144/211/127 102/212/98
f 174/129/128 146/130/129 79/131/72 47/132/38
f 181/121/130 180/122/131 76/123/70 77/124/71
f 180/117/131 178/118/132 75/119/68 76/120/70
f 178/113/132 177/114/133 73/115/69 75/116/68
f 147/313/134 148/314/135 149/315/136 155/316/137
f 151/317/138 152/318/139 153/319/140 158/320/141
f 155/321/137 149/322/136 163/323/142 156/324/143
f 158/325/141 153/326/140 167/327/144 159/328/145
f 150/329/146 151/330/138 158/331/141 157/332/147
f 148/333/135 150/334/146 157/335/147 149/336/136
f 149/337/136 157/338/147 165/339/148 163/340/142
f 157/341/147 158/342/141 159/343/145 165/344/148
f 153/345/140 160/346/149 161/347/150 167/348/144
f 156/349/143 163/350/142 164/351/151 162/352/152
f 164/353/151 169/354/153 170/355/154 176/356/155
f 165/357/148 159/358/145 166/359/156 169/360/153
f 159/361/145 167/362/144 172/363/157 166/364/156
f 162/365/152 164/366/151 176/367/155 175/368/158
f 167/369/144 161/370/150 168/371/159 172/372/157
f 169/373/153 166/374/156 171/375/160 170/376/154
f 172/377/157 168/378/159 174/379/128 173/380/161
f 170/381/154 171/382/160 50/383/39 51/384/40
f 176/385/155 170/386/154 51/387/40 53/388/41
f 171/389/160 173/390/161 49/391/37 50/392/39
f 173/393/161 174/394/128 47/395/38 49/396/37
f 146/125/129 181/126/130 77/127/71 79/128/72
f 152/397/139 154/398/162 160/399/149 153/400/140
f 163/401/142 165/402/148 169/403/153 164/404/151
f 166/405/156 172/406/157 173/407/161 171/408/160
f 175/409/158 176/410/155 53/411/41 54/412/42
f 179/133/163 183/134/164 177/135/133 178/136/132
f 185/137/165 179/138/163 178/139/132 180/140/131
f 182/141/166 185/142/165 180/143/131 181/144/130
f 187/145/167 182/146/166 181/147/130 146/148/129
f 168/149/159 187/150/167 146/151/129 174/152/128
f 184/153/168 189/154/169 183/155/164 179/156/163
f 191/157/170 184/158/168 179/159/163 185/160/165
f 186/161/171 191/162/170 185/163/165 182/164/166
f 188/165/172 186/166/171 182/167/166 187/168/167
f 161/169/150 188/170/172 187/171/167 168/172/159
f 195/173/173 190/174/174 189/175/169 184/176/168
f 192/177/175 195/178/173 184/179/168 191/180/170
f 193/181/176 192/182/175 191/183/170 186/184/171
f 199/185/177 193/186/176 186/187/171 188/188/172
f 160/189/149 199/190/177 188/191/172 161/192/150
f 196/193/178 194/194/179 190/195/174 195/196/173
f 197/197/180 196/198/178 195/199/173 192/200/175
f 198/201/181 197/202/180 192/203/175 193/204/176
f 200/205/182 198/206/181 193/207/176 199/208/177
f 154/209/162 200/210/182 199/211/177 160/212/149
f 204/413/183 286/414/184 284/415/185 203/416/186
f 206/417/187 287/418/188 286/419/184 204/420/183
f 207/421/189 288/422/190 287/423/188 206/424/187
f 201/425/191 290/426/192 288/427/190 207/428/189
f 202/429/193 291/430/194 290/431/192 201/432/191
f 205/433/195 204/434/183 203/435/186 209/436/196
f 211/437/197 206/438/187 204/439/183 205/440/195
f 208/441/198 207/442/189 206/443/187 211/444/197
f 213/445/199 201/446/191 207/447/189 208/448/198
f 215/449/200 202/450/193 201/451/191 213/452/199
f 210/453/201 205/454/195 209/455/196 216/456/202
f 218/457/203 211/458/197 205/459/195 210/460/201
f 212/461/204 208/462/198 211/463/197 218/464/203
f 214/465/205 213/466/199 208/467/198 212/468/204
f 221/469/206 215/470/200 213/471/199 214/472/205
f 224/473/207 210/474/201 216/475/202 217/476/208
f 219/477/209 218/478/203 210/479/201 224/480/207
f 220/481/210 212/482/204 218/483/203 219/484/209
f 228/485/211 214/486/205 212/487/204 220/488/210
f 222/489/212 221/490/206 214/491/205 228/492/211
f 225/493/213 224/494/207 217/495/208 223/496/214
f 226/497/215 219/498/209 224/499/207 225/500/213
f 227/501/216 220/502/210 219/503/209 226/504/215
f 229/505/217 228/506/211 220/507/210 227/508/216
f 230/509/218 222/510/212 228/511/211 229/512/217
f 233/113/219 317/116/220 315/115/221 232/114/222
f 235/117/223 318/120/224 317/119/220 233/118/219
f 236/121/225 319/124/226 318/123/224 235/122/223
f 231/125/227 321/128/228 319/127/226 236/126/225
f 203/129/186 284/132/185 321/131/228 231/130/227
f 234/133/229 233/136/219 232/135/222 238/134/230
f 240/137/231 235/140/223 233/139/219 234/138/229
f 237/141/232 236/144/225 235/143/223 240/142/231
f 242/145/233 231/148/227 236/147/225 237/146/232
f 209/149/196 203/152/186 231/151/227 242/150/233
f 239/153/234 234/156/229 238/155/230 244/154/235
f 246/157/236 240/160/231 234/159/229 239/158/234
f 241/161/237 237/164/232 240/163/231 246/162/236
f 243/165/238 242/168/233 237/167/232 241/166/237
f 216/169/202 209/172/196 242/171/233 243/170/238
f 250/173/239 239/176/234 244/175/235 245/174/240
f 247/177/241 246/180/236 239/179/234 250/178/239
f 248/181/242 241/184/237 246/183/236 247/182/241
f 254/185/243 243/188/238 241/187/237 248/186/242
f 217/189/208 216/192/202 243/191/238 254/190/243
f 251/193/244 250/196/239 245/195/240 249/194/245
f 252/197/246 247/200/241 250/199/239 251/198/244
f 253/201/247 248/204/242 247/203/241 252/202/246
f 255/205/248 254/208/243 248/207/242 253/206/247
f 223/209/214 217/212/208 254/211/243 255/210/248
f 265/513/249 257/514/250 256/515/251 264/516/252
f 267/517/253 258/518/254 257/519/250 265/520/249
f 268/521/255 259/522/256 258/523/254 267/524/253
f 261/525/257 260/526/258 259/527/256 268/528/255
f 263/529/259 262/530/260 260/531/258 261/532/257
f 266/533/261 265/534/249 264/535/252 270/536/262
f 272/537/263 267/538/253 265/539/249 266/540/261
f 269/541/264 268/542/255 267/543/253 272/544/263
f 274/545/265 261/546/257 268/547/255 269/548/264
f 276/549/266 263/550/259 261/551/257 274/552/265
f 271/553/267 266/554/261 270/555/262 277/556/268
f 279/557/269 272/558/263 266/559/261 271/560/267
f 273/561/270 269/562/264 272/563/263 279/564/269
f 275/565/271 274/566/265 269/567/264 273/568/270
f 282/569/272 276/570/266 274/571/265 275/572/271
f 285/573/273 271/574/267 277/575/268 278/576/274
f 280/577/275 279/578/269 271/579/267 285/580/273
f 281/581/276 273/582/270 279/583/269 280/584/275
f 289/585/277 275/586/271 273/587/270 281/588/276
f 283/589/278 282/590/272 275/591/271 289/592/277
f 286/593/184 285/594/273 278/595/274 284/596/185
f 287/597/188 280/598/275 285/599/273 286/600/184
f 288/601/190 281/602/276 280/603/275 287/604/188
f 290/605/192 289/606/277 281/607/276 288/608/190
f 291/609/194 283/610/278 289/611/277 290/612/192
f 299/113/279 293/116/280 292/115/281 298/114/282
f 301/117/283 294/120/284 293/119/280 299/118/279
f 302/121/285 295/124/286 294/123/284 301/122/283
f 297/125/287 296/128/288 295/127/286 302/126/285
f 264/129/252 256/132/251 296/131/288 297/130/287
f 300/133/289 299/136/279 298/135/282 304/134/290
f 306/137/291 301/140/283 299/139/279 300/138/289
f 303/141/292 302/144/285 301/143/283 306/142/291
f 308/145/293 297/148/287 302/147/285 303/146/292
f 270/149/262 264/152/252 297/151/287 308/150/293
f 305/153/294 300/156/289 304/155/290 310/154/295
f 312/157/296 306/160/291 300/159/289 305/158/294
f 307/161/297 303/164/292 306/163/291 312/162/296
f 309/165/298 308/168/293 303/167/292 307/166/297
f 277/169/268 270/172/262 308/171/293 309/170/298
f 316/173/299 305/176/294 310/175/295 311/174/300
f 313/177/301 312/180/296 305/179/294 316/178/299
f 314/181/302 307/184/297 312/183/296 313/182/301
f 320/185/303 309/188/298 307/187/297 314/186/302
f 278/189/274 277/192/268 309/191/298 320/190/303
f 317/193/220 316/196/299 311/195/300 315/194/221
f 318/197/224 313/200/301 316/199/299 317/198/220
f 319/201/226 314/204/302 313/203/301 318/202/224
f 321/205/228 320/208/303 314/207/302 319/206/226
f 284/209/185 278/212/274 320/211/303 321/210/228
f 350/129/304 223/132/214 255/131/248 322/130/305
f 357/121/306 253/124/247 252/123/246 356/122/307
f 356/117/307 252/120/246 251/119/244 354/118/308
f 354/113/308 251/116/244 249/115/245 353/114/309
f 323/613/310 331/614/311 325/615/312 324/616/313
f 327/617/314 334/618/315 329/619/316 328/620/317
f 331/621/311 332/622/318 339/623/319 325/624/312
f 334/625/315 335/626/320 343/627/321 329/628/316
f 326/629/322 333/630/323 334/631/315 327/632/314
f 324/633/313 325/634/312 333/635/323 326/636/322
f 325/637/312 339/638/319 341/639/324 333/640/323
f 333/641/323 341/642/324 335/643/320 334/644/315
f 329/645/316 343/646/321 337/647/325 336/648/326
f 332/649/318 338/650/327 340/651/328 339/652/319
f 340/653/328 352/654/329 346/655/330 345/656/331
f 341/657/324 345/658/331 342/659/332 335/660/320
f 335/661/320 342/662/332 348/663/333 343/664/321
f 338/665/327 351/666/334 352/667/329 340/668/328
f 343/669/321 348/670/333 344/671/335 337/672/325
f 345/673/331 346/674/330 347/675/336 342/676/332
f 348/677/333 349/678/337 350/679/304 344/680/335
f 346/681/330 227/682/216 226/683/215 347/684/336
f 352/685/329 229/686/217 227/687/216 346/688/330
f 347/689/336 226/690/215 225/691/213 349/692/337
f 349/693/337 225/694/213 223/695/214 350/696/304
f 322/125/305 255/128/248 253/127/247 357/126/306
f 328/697/317 329/698/316 336/699/326 330/700/338
f 339/701/319 340/702/328 345/703/331 341/704/324
f 342/705/332 347/706/336 349/707/337 348/708/333
f 351/709/334 230/710/218 229/711/217 352/712/329
f 355/133/339 354/136/308 353/135/309 359/134/340
f 361/137/341 356/140/307 354/139/308 355/138/339
f 358/141/342 357/144/306 356/143/307 361/142/341
f 363/145/343 322/148/305 357/147/306 358/146/342
f 344/149/335 350/152/304 322/151/305 363/150/343
f 360/153/344 355/156/339 359/155/340 365/154/345
f 367/157/346 361/160/341 355/159/339 360/158/344
f 362/161/347 358/164/342 361/163/341 367/162/346
f 364/165/348 363/168/343 358/167/342 362/166/347
f 337/169/325 344/172/335 363/171/343 364/170/348
f 371/173/349 360/176/344 365/175/345 366/174/350
f 368/177/351 367/180/346 360/179/344 371/178/349
f 369/181/352 362/184/347 367/183/346 368/182/351
f 375/185/353 364/188/348 362/187/347 369/186/352
f 336/189/326 337/192/325 364/191/348 375/190/353
f 372/193/354 371/196/349 366/195/350 370/194/355
f 373/197/356 368/200/351 371/199/349 372/198/354
f 374/201/357 369/204/352 368/203/351 373/202/356
f 376/205/358 375/208/353 369/207/352 374/206/357
f 330/209/338 336/212/326 375/211/353 376/210/358
f 323/613/310 381/616/359 382/615/360 331/614/311
f 384/713/361 385/714/362 386/715/363 388/716/364
f 331/621/311 382/624/360 390/623/365 332/622/318
f 388/717/364 386/718/363 394/719/366 389/720/367
f 383/721/368 384/722/361 388/723/364 387/724/369
f 381/725/359 383/726/368 387/727/369 382/728/360
f 382/729/360 387/730/369 392/731/370 390/732/365
f 387/733/369 388/734/364 389/735/367 392/736/370
f 386/737/363 155/738/137 156/739/143 394/740/366
f 332/649/318 390/652/365 391/651/371 338/650/327
f 391/741/371 395/742/372 396/743/373 400/744/374
f 392/745/370 389/746/367 393/747/375 395/748/372
f 389/749/367 394/750/366 398/751/376 393/752/375
f 338/665/327 391/668/371 400/667/374 351/666/334
f 394/753/366 156/754/143 162/755/152 398/756/376
f 395/757/372 393/758/375 397/759/377 396/760/373
f 398/761/376 162/762/152 175/763/158 399/764/378
f 396/765/373 397/766/377 378/767/379 379/768/380
f 400/769/374 396/770/373 379/771/380 380/772/381
f 397/773/377 399/774/378 377/775/382 378/776/379
f 399/777/378 175/778/158 54/779/42 377/780/382
f 385/781/362 147/782/134 155/783/137 386/784/363
f 390/785/365 392/786/370 395/787/372 391/788/371
f 393/789/375 398/790/376 399/791/378 397/792/377
f 351/709/334 400/712/374 380/711/381 230/710/218
f 401/609/383 406/612/384 407/611/385 283/610/278
f 409/793/386 410/794/387 411/795/388 413/796/389
f 283/589/278 407/592/385 415/591/390 282/590/272
f 413/797/389 411/798/388 419/799/391 414/800/367
f 408/801/392 409/802/386 413/803/389 412/804/393
f 406/805/384 408/806/392 412/807/393 407/808/385
f 407/809/385 412/810/393 417/811/370 415/812/390
f 412/813/393 413/814/389 414/815/367 417/816/370
f 411/817/388 107/818/102 106/819/96 419/820/391
f 282/569/272 415/572/390 416/571/394 276/570/266
f 416/821/394 420/822/372 421/823/395 425/824/396
f 417/825/370 414/826/367 418/827/375 420/828/372
f 414/829/367 419/830/391 423/831/397 418/832/375
f 276/549/266 416/552/394 425/551/396 263/550/259
f 419/833/391 106/834/96 100/835/90 423/836/397
f 420/837/372 418/838/375 422/839/398 421/840/395
f 423/841/397 100/842/90 87/843/83 424/844/399
f 421/845/395 422/846/398 403/847/400 404/848/401
f 425/849/396 421/850/395 404/851/401 405/852/402
f 422/853/398 424/854/399 402/855/403 403/856/400
f 424/857/399 87/858/83 86/859/84 402/860/403
f 410/861/387 115/862/18 107/863/102 411/864/388
f 415/865/390 417/866/370 420/867/372 416/868/394
f 418/869/375 423/870/397 424/871/399 422/872/398
f 263/529/259 425/532/396 405/531/402 262/530/260
f 881/873/404 567/874/405 428/875/406 545/876/407
f 880/873/408 546/874/409 443/875/410 548/876/411
f 879/873/412 549/874/413 444/875/414 550/876/415
f 878/873/416 574/874/417 445/875/418 553/876/419
f 877/873/420 575/874/421 898/877/422 446/875/423 554/876/424
f 876/873/425 578/874/426 997/877/427 435/875/428 556/876/429
f 875/873/430 580/874/431 447/875/432 558/876/433
f 874/873/434 583/874/435 448/875/436 560/876/437
f 873/873/438 562/874/439 438/875/440 564/876/441
f 872/873/442 565/878/443 441/879/444 566/880/445
f 871/873/446 569/874/447 449/875/448 570/876/449
f 870/873/450 590/874/451 450/875/452 571/876/453
f 869/873/454 572/874/455 451/875/456 573/876/457
f 868/873/458 593/874/459 453/875/460 958/881/461 576/876/462
f 1129/882/463 998/877/464 454/875/465 961/881/466
f 1128/882/467 999/877/468 456/875/469 962/881/470
f 947/883/471 581/874/472 1000/877/473 1127/884/474
f 864/873/475 584/874/476 458/875/477 585/876/478
f 863/873/479 603/874/480 460/875/481 586/876/482
f 862/873/483 606/878/484 461/879/485 587/880/486
f 861/873/487 609/874/488 464/875/489 589/876/490
f 860/873/491 612/874/492 465/875/493 591/876/494
f 859/873/495 615/874/496 452/875/497 592/876/498
f 858/873/499 594/874/500 466/875/501 965/881/502 596/876/503
f 1126/882/504 1001/877/505 455/875/506 900/881/507
f 1125/882/508 1002/877/509 469/875/510 967/881/511
f 1124/882/512 1003/877/513 471/875/514 969/881/515
f 854/873/516 602/874/517 473/875/518 604/876/519
f 853/873/520 627/874/521 459/875/522 605/876/523
f 852/873/524 607/878/525 462/879/526 608/880/527
f 851/873/528 611/874/529 479/875/530 613/876/531
f 850/873/532 634/874/533 481/875/534 614/876/535
f 849/873/536 635/874/537 483/875/538 616/876/539
f 848/873/540 617/878/541 467/879/542 907/885/543 618/880/544
f 1123/886/545 1004/887/546 468/879/547 903/885/548
f 1122/882/549 1005/877/550 470/875/551 888/881/552
f 1121/882/553 1006/877/554 472/875/555 905/881/556
f 844/873/557 626/874/558 474/875/559 628/876/560
f 843/873/561 645/874/562 475/875/563 629/876/564
f 842/873/565 647/878/566 476/879/567 630/880/568
f 841/873/569 632/874/570 480/875/571 633/876/572
f 840/873/573 653/874/574 482/875/575 636/876/576
f 839/873/577 655/874/578 486/875/579 637/876/580
f 838/873/581 658/878/582 488/879/583 638/880/584
f 1120/882/585 1008/877/586 493/875/587 973/881/588
f 1119/882/589 1009/877/590 484/875/591 975/881/592
f 835/873/593 666/874/594 495/875/595 644/876/596
f 834/873/597 646/874/598 497/875/599 648/876/600
f 833/873/601 649/878/602 499/879/603 650/880/604
f 832/873/605 673/874/606 503/875/607 652/876/608
f 831/873/609 654/874/610 485/875/611 656/876/612
f 830/873/613 676/874/614 487/875/615 657/876/616
f 829/873/617 659/874/618 489/875/619 891/881/620 660/876/621
f 1118/882/622 1010/877/623 491/875/624 978/881/625
f 1117/882/626 910/877/627 492/875/628 892/881/629
f 1116/882/630 1011/877/631 494/875/632 911/881/633
f 825/873/634 685/874/635 496/875/636 668/876/637
f 824/873/638 669/874/639 498/875/640 670/876/641
f 823/873/642 671/878/643 500/879/644 672/880/645
f 822/873/646 689/874/647 504/875/648 675/876/649
f 821/873/650 692/874/651 505/875/652 677/876/653
f 820/873/654 694/874/655 506/875/656 678/876/657
f 819/873/658 697/874/659 507/875/660 894/881/661 679/876/662
f 1115/882/663 1012/877/664 508/875/665 985/881/666
f 1114/882/667 1013/877/668 509/875/669 895/881/670
f 1113/882/671 912/877/672 515/875/673 990/881/674
f 815/873/675 712/874/676 510/875/677 686/876/678
f 814/873/679 716/874/680 516/875/681 687/876/682
f 813/873/683 720/878/684 517/879/685 688/880/686
f 812/873/687 724/874/688 519/875/689 691/876/690
f 811/873/691 693/874/692 520/875/693 695/876/694
f 810/873/695 732/874/696 521/875/697 696/876/698
f 809/873/699 698/874/700 512/875/701 896/881/702 699/876/703
f 1112/882/704 1014/877/705 513/875/706 897/881/707
f 1111/882/708 1015/877/709 514/875/710 913/881/711
f 806/873/712 743/874/713 524/875/714 713/876/715
f 805/873/716 746/874/717 525/875/718 717/876/719
f 804/873/720 718/874/721 526/875/722 721/876/723
f 803/873/724 722/878/725 518/879/726 723/880/727
f 802/873/728 726/874/729 529/875/730 729/876/731
f 801/873/732 730/874/733 531/875/734 731/876/735
f 800/873/736 762/874/737 522/875/738 735/876/739
f 799/873/740 765/874/741 523/875/742 738/876/743
f 798/873/744 739/874/745 533/875/746 740/876/747
f 797/873/748 770/874/749 535/875/750 744/876/751
f 796/873/752 772/874/753 536/875/754 747/876/755
f 795/873/756 748/874/757 538/875/758 749/876/759
f 794/873/760 751/874/761 539/875/762 752/876/763
f 793/873/764 780/878/765 541/879/766 754/880/767
f 792/873/768 757/878/769 530/879/770 759/880/771
f 791/873/772 760/878/773 202/879/774 761/880/775
f 790/873/776 763/878/777 532/879/778 764/880/779
f 789/873/780 766/878/781 215/879/782 767/880/783
f 788/873/784 768/878/785 534/879/786 769/880/787
f 787/873/788 771/878/789 221/879/790 773/880/791
f 786/873/792 774/878/793 537/879/794 775/880/795
f 785/873/796 776/878/797 222/879/798 777/880/799
f 784/873/800 778/878/801 540/879/802 779/880/803
f 783/873/804 781/878/805 230/879/806 782/880/807
f 780/888/765 783/873/804 782/880/807 541/889/766
f 539/890/762 779/891/803 783/873/804 780/892/765
f 779/893/803 540/894/802 781/878/805 783/873/804
f 751/892/761 784/873/800 779/876/803 539/895/762
f 538/890/758 777/891/799 784/873/800 751/892/761
f 777/893/799 222/894/798 778/878/801 784/873/800
f 748/892/757 785/873/796 777/876/799 538/895/758
f 536/890/754 775/891/795 785/873/796 748/892/757
f 775/893/795 537/894/794 776/878/797 785/873/796
f 772/892/753 786/873/792 775/876/795 536/895/754
f 535/890/750 773/891/791 786/873/792 772/892/753
f 773/893/791 221/894/790 774/878/793 786/873/792
f 770/892/749 787/873/788 773/876/791 535/895/750
f 533/890/746 769/891/787 787/873/788 770/892/749
f 769/893/787 534/894/786 771/878/789 787/873/788
f 739/892/745 788/873/784 769/876/787 533/895/746
f 523/890/742 767/891/783 788/873/784 739/892/745
f 767/893/783 215/894/782 768/878/785 788/873/784
f 765/892/741 789/873/780 767/876/783 523/895/742
f 522/890/738 764/891/779 789/873/780 765/892/741
f 764/893/779 532/894/778 766/878/781 789/873/780
f 762/892/737 790/873/776 764/876/779 522/895/738
f 531/890/734 761/891/775 790/873/776 762/892/737
f 761/893/775 202/894/774 763/878/777 790/873/776
f 730/892/733 791/873/772 761/876/775 531/895/734
f 529/890/730 759/891/771 791/873/772 730/892/733
f 759/893/771 530/894/770 760/878/773 791/873/772
f 726/892/729 792/873/768 759/876/771 529/895/730
f 527/896/808 756/893/809 792/873/768 726/888/729
f 756/893/809 528/894/810 757/878/769 792/873/768
f 722/888/725 793/873/764 754/880/767 518/889/726
f 526/890/722 752/891/763 793/873/764 722/892/725
f 752/891/763 539/897/762 780/874/765 793/873/764
f 718/892/721 794/873/760 752/876/763 526/895/722
f 525/890/718 749/891/759 794/873/760 718/892/721
f 749/891/759 538/897/758 751/874/761 794/873/760
f 746/892/717 795/873/756 749/876/759 525/895/718
f 524/890/714 747/891/755 795/873/756 746/892/717
f 747/891/755 536/897/754 748/874/757 795/873/756
f 743/892/713 796/873/752 747/876/755 524/895/714
f 514/890/710 744/891/751 796/873/752 743/892/713
f 744/891/751 535/897/750 772/874/753 796/873/752
f 706/892/811 797/873/748 744/876/751 514/895/710 1015/898/709
f 513/890/706 740/891/747 797/873/748 706/892/811 995/899/812
f 740/891/747 533/897/746 770/874/749 797/873/748
f 737/892/813 798/873/744 740/876/747 513/895/706 1014/898/705
f 512/890/701 738/891/743 798/873/744 737/892/813 993/899/814
f 738/891/743 523/897/742 739/874/745 798/873/744
f 698/892/700 799/873/740 738/876/743 512/895/701
f 521/890/697 735/891/739 799/873/740 698/892/700
f 735/891/739 522/897/738 765/874/741 799/873/740
f 732/892/696 800/873/736 735/876/739 521/895/697
f 520/890/693 731/891/735 800/873/736 732/892/696
f 731/891/735 531/897/734 762/874/737 800/873/736
f 693/892/692 801/873/732 731/876/735 520/895/693
f 519/890/689 729/891/731 801/873/732 693/892/692
f 729/891/731 529/897/730 730/874/733 801/873/732
f 724/892/688 802/873/728 729/876/731 519/895/689
f 511/896/815 725/893/816 802/873/728 724/888/688
f 725/893/816 527/894/808 726/878/729 802/873/728
f 720/888/684 803/873/724 723/880/727 517/889/685
f 516/890/681 721/891/723 803/873/724 720/892/684
f 721/891/723 526/897/722 722/874/725 803/873/724
f 716/892/680 804/873/720 721/876/723 516/895/681
f 510/890/677 717/891/719 804/873/720 716/892/680
f 717/891/719 525/897/718 718/874/721 804/873/720
f 712/892/676 805/873/716 717/876/719 510/895/677
f 515/890/673 713/891/715 805/873/716 712/892/676
f 713/891/715 524/897/714 746/874/717 805/873/716
f 708/892/817 915/900/818 1110/901/819 912/898/672
f 1109/902/820 914/903/821 806/873/712 915/900/818
f 709/891/822 913/904/711 1108/905/823 914/903/821
f 1107/906/824 1016/907/825 709/876/822 996/908/826
f 1106/902/827 1017/903/828 807/873/829 916/900/830
f 1105/909/831 995/910/812 706/874/811 917/883/832
f 1104/906/833 918/907/834 703/876/835 994/908/836
f 1103/902/837 1018/903/838 808/873/839 919/900/840
f 1102/909/841 993/910/814 737/874/813 1019/883/842
f 697/892/659 809/873/699 699/876/703 992/908/843 507/895/660
f 506/890/656 696/891/698 809/873/699 697/892/659
f 696/891/698 521/897/697 698/874/700 809/873/699
f 694/892/655 810/873/695 696/876/698 506/895/656
f 505/890/652 695/891/694 810/873/695 694/892/655
f 695/891/694 520/897/693 732/874/696 810/873/695
f 692/892/651 811/873/691 695/876/694 505/895/652
f 504/890/648 691/891/690 811/873/691 692/892/651
f 691/891/690 519/897/689 693/874/692 811/873/691
f 689/892/647 812/873/687 691/876/690 504/895/648
f 502/896/844 690/893/845 812/873/687 689/888/647
f 690/893/845 511/894/815 724/878/688 812/873/687
f 671/888/643 813/873/683 688/880/686 500/889/644
f 498/890/640 687/891/682 813/873/683 671/892/643
f 687/891/682 516/897/681 720/874/684 813/873/683
f 669/892/639 814/873/679 687/876/682 498/895/640
f 496/890/636 686/891/678 814/873/679 669/892/639
f 686/891/678 510/897/677 716/874/680 814/873/679
f 685/892/635 815/873/675 686/876/678 496/895/636
f 494/890/632 991/911/846 684/891/847 815/873/675 685/892/635
f 684/891/847 990/904/674 515/897/673 712/874/676 815/873/675
f 1101/906/848 920/907/849 684/876/847 991/908/846
f 1100/902/850 1020/903/851 816/873/852 921/900/853
f 1099/909/854 989/910/855 708/874/817 1021/883/856
f 1098/906/857 922/907/858 682/876/859 988/908/860
f 1097/902/861 923/903/862 817/873/863 1022/900/864
f 1096/909/865 987/910/866 704/874/867 1023/883/868
f 1095/906/869 1024/907/870 681/876/871 986/908/872
f 1094/902/873 1025/903/874 818/873/875 924/900/876
f 1093/909/877 984/910/878 700/874/879 1026/883/880
f 659/892/618 819/873/658 679/876/662 983/908/881 489/895/619
f 487/890/615 678/891/657 819/873/658 659/892/618
f 678/891/657 506/897/656 697/874/659 819/873/658
f 676/892/614 820/873/654 678/876/657 487/895/615
f 485/890/611 677/891/653 820/873/654 676/892/614
f 677/891/653 505/897/652 694/874/655 820/873/654
f 654/892/610 821/873/650 677/876/653 485/895/611
f 503/890/607 675/891/649 821/873/650 654/892/610
f 675/891/649 504/897/648 692/874/651 821/873/650
f 673/892/606 822/873/646 675/876/649 503/895/607
f 501/896/882 674/893/883 822/873/646 673/888/606
f 674/893/883 502/894/844 689/878/647 822/873/646
f 649/888/602 823/873/642 672/880/645 499/889/603
f 497/890/599 670/891/641 823/873/642 649/892/602
f 670/891/641 498/897/640 671/874/643 823/873/642
f 646/892/598 824/873/638 670/876/641 497/895/599
f 495/890/595 668/891/637 824/873/638 646/892/598
f 668/891/637 496/897/636 669/874/639 824/873/638
f 666/892/594 825/873/634 668/876/637 495/895/595
f 484/890/591 982/911/884 667/891/885 825/873/634 666/892/594
f 667/891/885 911/904/633 494/897/632 685/874/635 825/873/634
f 1092/906/886 1027/907/887 667/876/885 982/908/884
f 1091/902/888 1028/903/889 826/873/890 925/900/891
f 1090/909/892 981/910/893 683/874/894 1029/883/895
f 1089/906/896 926/907/897 664/876/898 980/908/899
f 1088/902/900 927/903/901 827/873/902 1030/900/903
f 1087/909/904 979/910/905 663/874/906 928/883/907
f 1086/906/908 1031/907/909 662/876/910 890/908/911
f 1085/902/912 1032/903/913 828/873/914 929/900/915
f 1084/909/916 977/910/917 680/874/918 1033/883/919
f 658/888/582 829/873/617 660/880/621 908/912/920 488/889/583
f 486/890/579 657/891/616 829/873/617 658/892/582
f 657/891/616 487/897/615 659/874/618 829/873/617
f 655/892/578 830/873/613 657/876/616 486/895/579
f 482/890/575 656/891/612 830/873/613 655/892/578
f 656/891/612 485/897/611 676/874/614 830/873/613
f 653/892/574 831/873/609 656/876/612 482/895/575
f 480/890/571 652/891/608 831/873/609 653/892/574
f 652/891/608 503/897/607 654/874/610 831/873/609
f 632/892/570 832/873/605 652/876/608 480/895/571
f 478/896/921 651/893/922 832/873/605 632/888/570
f 651/893/922 501/894/882 673/878/606 832/873/605
f 647/888/566 833/873/601 650/880/604 476/889/567
f 475/890/563 648/891/600 833/873/601 647/892/566
f 648/891/600 497/897/599 649/874/602 833/873/601
f 645/892/562 834/873/597 648/876/600 475/895/563
f 474/890/559 644/891/596 834/873/597 645/892/562
f 644/891/596 495/897/595 646/874/598 834/873/597
f 626/892/558 835/873/593 644/876/596 474/895/559
f 472/890/555 976/911/923 643/891/924 835/873/593 626/892/558
f 643/891/924 975/904/592 484/897/591 666/874/594 835/873/593
f 1083/906/925 1034/907/926 643/876/924 976/908/923
f 1082/902/927 930/903/928 836/873/929 1035/900/930
f 1081/909/931 893/910/932 665/874/933 1036/883/934
f 1080/906/935 1037/907/936 642/876/937 974/908/938
f 1079/902/939 931/903/940 837/873/941 932/900/942
f 1078/909/943 972/910/944 641/874/945 933/883/946
f 617/888/541 838/873/581 638/880/584 467/889/542
f 483/890/538 637/891/580 838/873/581 617/892/541
f 637/891/580 486/897/579 658/874/582 838/873/581
f 635/892/537 839/873/577 637/876/580 483/895/538
f 481/890/534 636/891/576 839/873/577 635/892/537
f 636/891/576 482/897/575 655/874/578 839/873/577
f 634/892/533 840/873/573 636/876/576 481/895/534
f 479/890/530 633/891/572 840/873/573 634/892/533
f 633/891/572 480/897/571 653/874/574 840/873/573
f 611/892/529 841/873/569 633/876/572 479/895/530
f 477/896/947 631/893/948 841/873/569 611/888/529
f 631/893/948 478/894/921 632/878/570 841/873/569
f 607/888/525 842/873/565 630/880/568 462/889/526
f 459/890/522 629/891/564 842/873/565 607/892/525
f 629/891/564 475/897/563 647/874/566 842/873/565
f 627/892/521 843/873/561 629/876/564 459/895/522
f 473/890/518 628/891/560 843/873/561 627/892/521
f 628/891/560 474/897/559 645/874/562 843/873/561
f 602/892/517 844/873/557 628/876/560 473/895/518
f 471/890/514 889/911/949 625/891/950 844/873/557 602/892/517
f 625/891/950 905/904/556 472/897/555 626/874/558 844/873/557
f 1077/906/951 1038/907/952 625/876/950 889/908/949
f 1076/902/953 1039/903/954 845/873/955 934/900/956
f 1075/909/957 971/910/958 624/874/959 935/883/960
f 1074/906/961 936/907/962 622/876/963 904/908/964
f 1073/902/965 937/903/966 846/873/967 1040/900/968
f 1072/909/969 953/910/970 639/874/971 1041/883/972
f 1071/906/973 1042/907/974 621/876/975 970/908/976
f 1070/902/977 902/903/978 847/873/979 938/900/980
f 1069/909/981 887/910/982 620/874/983 939/883/984
f 594/892/500 848/873/540 618/876/544 906/908/985 466/895/501
f 452/890/497 616/891/539 848/873/540 594/892/500
f 616/891/539 483/897/538 617/874/541 848/873/540
f 615/892/496 849/873/536 616/876/539 452/895/497
f 465/890/493 614/891/535 849/873/536 615/892/496
f 614/891/535 481/897/534 635/874/537 849/873/536
f 612/892/492 850/873/532 614/876/535 465/895/493
f 464/890/489 613/891/531 850/873/532 612/892/492
f 613/891/531 479/897/530 634/874/533 850/873/532
f 609/892/488 851/873/528 613/876/531 464/895/489
f 463/896/986 610/893/987 851/873/528 609/888/488
f 610/893/987 477/894/947 611/878/529 851/873/528
f 606/888/484 852/873/524 608/880/527 461/889/485
f 460/890/481 605/891/523 852/873/524 606/892/484
f 605/891/523 459/897/522 607/874/525 852/873/524
f 603/892/480 853/873/520 605/876/523 460/895/481
f 458/890/477 604/891/519 853/873/520 603/892/480
f 604/891/519 473/897/518 627/874/521 853/873/520
f 584/892/476 854/873/516 604/876/519 458/895/477
f 457/890/988 901/911/989 601/891/990 854/873/516 584/892/476
f 601/891/990 969/904/515 471/897/514 602/874/517 854/873/516
f 1068/906/991 940/907/992 601/876/990 901/908/989
f 1067/902/993 941/903/994 855/873/995 1043/900/996
f 1066/909/997 968/910/998 623/874/999 1044/883/1000
f 1065/906/1001 1045/907/1002 600/876/1003 885/908/1004
f 1064/902/1005 942/903/1006 856/873/1007 943/900/1008
f 1063/909/1009 884/910/1010 599/874/1011 944/883/1012
f 1062/906/1013 1046/907/1014 598/876/1015 883/908/1016
f 1061/902/1017 945/903/1018 857/873/1019 946/900/1020
f 1060/909/1021 886/910/1022 619/874/1023 1047/883/1024
f 593/892/459 858/873/499 596/876/503 966/908/1025 453/895/460
f 451/890/456 592/891/498 858/873/499 593/892/459
f 592/891/498 452/897/497 594/874/500 858/873/499
f 572/892/455 859/873/495 592/876/498 451/895/456
f 450/890/452 591/891/494 859/873/495 572/892/455
f 591/891/494 465/897/493 615/874/496 859/873/495
f 590/892/451 860/873/491 591/876/494 450/895/452
f 449/890/448 589/891/490 860/873/491 590/892/451
f 589/891/490 464/897/489 612/874/492 860/873/491
f 569/892/447 861/873/487 589/876/490 449/895/448
f 442/896/1026 588/893/1027 861/873/487 569/888/447
f 588/893/1027 463/894/986 609/878/488 861/873/487
f 565/888/443 862/873/483 587/880/486 441/889/444
f 438/890/440 586/891/482 862/873/483 565/892/443
f 586/891/482 460/897/481 606/874/484 862/873/483
f 562/892/439 863/873/479 586/876/482 438/895/440
f 448/890/436 585/891/478 863/873/479 562/892/439
f 585/891/478 458/897/477 603/874/480 863/873/479
f 583/892/435 864/873/475 585/876/478 448/895/436
f 447/890/432 582/891/1028 864/873/475 583/892/435
f 582/891/1028 457/897/988 584/874/476 864/873/475
f 580/892/431 865/873/1029 582/876/1028 447/895/432
f 963/911/1030 579/891/1031 1048/903/1032 1059/913/1033
f 1058/909/1034 964/910/1035 581/874/472 947/883/471
f 1057/906/1036 948/907/1037 579/876/1031 963/908/1030
f 1056/902/1038 1049/903/1039 866/873/1040 949/900/1041
f 1055/909/1042 882/910/1043 597/874/1044 1050/883/1045
f 1054/906/1046 950/907/1047 577/876/1048 899/908/1049
f 1053/902/1050 951/903/1051 867/873/1052 952/900/1053
f 1052/909/1054 960/910/1055 595/874/1056 1051/883/1057
f 574/892/417 868/873/458 576/876/462 959/908/1058 445/895/418
f 444/890/414 573/891/457 868/873/458 574/892/417
f 573/891/457 451/897/456 593/874/459 868/873/458
f 549/892/413 869/873/454 573/876/457 444/895/414
f 443/890/410 571/891/453 869/873/454 549/892/413
f 571/891/453 450/897/452 572/874/455 869/873/454
f 546/892/409 870/873/450 571/876/453 443/895/410
f 428/890/406 570/891/449 870/873/450 546/892/409
f 570/891/449 449/897/448 590/874/451 870/873/450
f 567/892/405 871/873/446 570/876/449 428/895/406
f 427/896/1059 568/893/1060 871/873/446 567/888/405
f 568/893/1060 442/894/1026 569/878/447 871/873/446
f 563/888/1061 872/873/442 566/880/445 440/889/1062
f 439/890/1063 564/891/441 872/873/442 563/892/1061
f 564/891/441 438/897/440 565/874/443 872/873/442
f 561/892/1064 873/873/438 564/876/441 439/895/1063
f 437/890/1065 560/891/437 873/873/438 561/892/1064
f 560/891/437 448/897/436 562/874/439 873/873/438
f 559/892/1066 874/873/434 560/876/437 437/895/1065
f 436/890/1067 558/891/433 874/873/434 559/892/1066
f 558/891/433 447/897/432 583/874/435 874/873/434
f 557/892/1068 875/873/430 558/876/433 436/895/1067
f 434/890/1069 556/891/429 875/873/430 557/892/1068
f 556/891/429 435/897/428 580/874/431 875/873/430
f 555/892/1070 876/873/425 556/876/429 434/895/1069
f 433/890/1071 554/891/424 876/873/425 555/892/1070
f 554/891/424 446/897/423 957/910/1072 578/874/426 876/873/425
f 552/892/1073 877/873/420 554/876/424 433/895/1071
f 432/890/1074 553/891/419 877/873/420 552/892/1073
f 553/891/419 445/897/418 956/910/1075 575/874/421 877/873/420
f 551/892/1076 878/873/416 553/876/419 432/895/1074
f 431/890/1077 550/891/415 878/873/416 551/892/1076
f 550/891/415 444/897/414 574/874/417 878/873/416
f 547/892/1078 879/873/412 550/876/415 431/895/1077
f 430/890/1079 548/891/411 879/873/412 547/892/1078
f 548/891/411 443/897/410 549/874/413 879/873/412
f 544/892/1080 880/873/408 548/876/411 430/895/1079
f 429/890/1081 545/891/407 880/873/408 544/892/1080
f 545/891/407 428/897/406 546/874/409 880/873/408
f 542/892/1082 881/873/404 545/876/407 429/895/1081
f 426/896/1083 543/893/1084 881/873/404 542/888/1082
f 543/893/1084 427/894/1059 567/878/405 881/873/404
f 701/873/1085 542/878/1082 429/879/1081 755/880/1086
f 702/873/1087 544/878/1080 430/879/1079 753/880/1088
f 705/873/1089 547/878/1078 431/879/1077 750/880/1090
f 707/873/1091 551/878/1076 432/879/1074 745/880/1092
f 710/873/1093 552/878/1073 433/879/1071 742/880/1094
f 711/873/1095 555/878/1070 434/879/1069 741/880/1096
f 714/873/1097 557/878/1068 436/879/1067 736/880/1098
f 715/873/1099 559/878/1066 437/879/1065 734/880/1100
f 719/873/1101 561/878/1064 439/879/1063 733/880/1102
f 727/873/1103 563/878/1061 440/879/1062 728/880/1104
f 733/893/1102 439/894/1063 563/878/1061 727/873/1103
f 734/893/1100 437/894/1065 561/878/1064 719/873/1101
f 736/893/1098 436/894/1067 559/878/1066 715/873/1099
f 741/893/1096 434/894/1069 557/878/1068 714/873/1097
f 742/893/1094 433/894/1071 555/878/1070 711/873/1095
f 745/893/1092 432/894/1074 552/878/1073 710/873/1093
f 750/893/1090 431/894/1077 551/878/1076 707/873/1091
f 753/893/1088 430/894/1079 547/878/1078 705/873/1089
f 755/893/1086 429/894/1081 544/878/1080 702/873/1087
f 758/893/1105 426/894/1083 542/878/1082 701/873/1085
f 951/903/1051 1052/909/1054 1051/883/1057 867/873/1052
f 576/891/462 958/904/461 1052/909/1054 951/903/1051
f 958/904/461 453/897/460 960/910/1055 1052/909/1054
f 956/899/1075 1053/902/1050 952/900/1053 575/892/421
f 445/890/418 959/911/1058 1053/902/1050 956/899/1075
f 959/911/1058 576/891/462 951/903/1051 1053/902/1050
f 898/898/422 1054/906/1046 899/908/1049 446/895/423
f 575/892/421 952/900/1053 1054/906/1046 898/898/422
f 952/900/1053 867/873/1052 950/907/1047 1054/906/1046
f 1049/903/1039 1055/909/1042 1050/883/1045 866/873/1040
f 577/891/1048 961/904/466 1055/909/1042 1049/903/1039
f 961/904/466 454/897/465 882/910/1043 1055/909/1042
f 957/899/1072 1056/902/1038 949/900/1041 578/892/426
f 446/890/423 899/911/1049 1056/902/1038 957/899/1072
f 899/911/1049 577/891/1048 1049/903/1039 1056/902/1038
f 997/898/427 1057/906/1036 963/908/1030 435/895/428
f 578/892/426 949/900/1041 1057/906/1036 997/898/427
f 949/900/1041 866/873/1040 948/907/1037 1057/906/1036
f 1048/903/1032 1058/909/1034 947/883/471 865/873/1029
f 579/891/1031 962/904/470 1058/909/1034 1048/903/1032
f 962/904/470 456/897/469 964/910/1035 1058/909/1034
f 580/892/431 1059/913/1033 1048/903/1032 865/873/1029
f 435/890/428 963/911/1030 1059/913/1033 580/892/431
f 945/903/1018 1060/909/1021 1047/883/1024 857/873/1019
f 596/891/503 965/904/502 1060/909/1021 945/903/1018
f 965/904/502 466/897/501 886/910/1022 1060/909/1021
f 960/899/1055 1061/902/1017 946/900/1020 595/892/1056
f 453/890/460 966/911/1025 1061/902/1017 960/899/1055
f 966/911/1025 596/891/503 945/903/1018 1061/902/1017
f 998/898/464 1062/906/1013 883/908/1016 454/895/465
f 595/892/1056 946/900/1020 1062/906/1013 998/898/464
f 946/900/1020 857/873/1019 1046/907/1014 1062/906/1013
f 942/903/1006 1063/909/1009 944/883/1012 856/873/1007
f 598/891/1015 900/904/507 1063/909/1009 942/903/1006
f 900/904/507 455/897/506 884/910/1010 1063/909/1009
f 882/899/1043 1064/902/1005 943/900/1008 597/892/1044
f 454/890/465 883/911/1016 1064/902/1005 882/899/1043
f 883/911/1016 598/891/1015 942/903/1006 1064/902/1005
f 999/898/468 1065/906/1001 885/908/1004 456/895/469
f 597/892/1044 943/900/1008 1065/906/1001 999/898/468
f 943/900/1008 856/873/1007 1045/907/1002 1065/906/1001
f 941/903/994 1066/909/997 1044/883/1000 855/873/995
f 600/891/1003 967/904/511 1066/909/997 941/903/994
f 967/904/511 469/897/510 968/910/998 1066/909/997
f 964/899/1035 1067/902/993 1043/900/996 581/892/472
f 456/890/469 885/911/1004 1067/902/993 964/899/1035
f 885/911/1004 600/891/1003 941/903/994 1067/902/993
f 1000/898/473 1068/906/991 901/908/989 457/895/988
f 581/892/472 1043/900/996 1068/906/991 1000/898/473
f 1043/900/996 855/873/995 940/907/992 1068/906/991
f 902/903/978 1069/909/981 939/883/984 847/873/979
f 618/891/544 907/904/543 1069/909/981 902/903/978
f 907/914/543 467/894/542 887/915/982 1069/916/981
f 886/899/1022 1070/902/977 938/900/980 619/892/1023
f 466/890/501 906/911/985 1070/902/977 886/899/1022
f 906/911/985 618/891/544 902/903/978 1070/902/977
f 1001/898/505 1071/906/973 970/908/976 455/895/506
f 619/892/1023 938/900/980 1071/906/973 1001/898/505
f 938/900/980 847/873/979 1042/907/974 1071/906/973
f 937/903/966 1072/909/969 1041/883/972 846/873/967
f 621/891/975 903/904/548 1072/909/969 937/903/966
f 903/914/548 468/894/547 953/915/970 1072/916/969
f 884/899/1010 1073/902/965 1040/900/968 599/892/1011
f 455/890/506 970/911/976 1073/902/965 884/899/1010
f 970/911/976 621/891/975 937/903/966 1073/902/965
f 1002/898/509 1074/906/961 904/908/964 469/895/510
f 599/892/1011 1040/900/968 1074/906/961 1002/898/509
f 1040/900/968 846/873/967 936/907/962 1074/906/961
f 1039/903/954 1075/909/957 935/883/960 845/873/955
f 622/891/963 888/904/552 1075/909/957 1039/903/954
f 888/904/552 470/897/551 971/910/958 1075/909/957
f 968/899/998 1076/902/953 934/900/956 623/892/999
f 469/890/510 904/911/964 1076/902/953 968/899/998
f 904/911/964 622/891/963 1039/903/954 1076/902/953
f 1003/898/513 1077/906/951 889/908/949 471/895/514
f 623/892/999 934/900/956 1077/906/951 1003/898/513
f 934/900/956 845/873/955 1038/907/952 1077/906/951
f 931/903/940 1078/909/943 933/883/946 837/873/941
f 640/891/1106 1007/904/1107 1078/909/943 931/903/940
f 1007/914/1107 490/894/1108 972/915/944 1078/916/943
f 953/899/970 1079/902/939 932/900/942 639/892/971
f 468/896/547 954/917/1109 1079/918/939 953/919/970
f 954/911/1109 640/891/1106 931/903/940 1079/902/939
f 1005/898/550 1080/906/935 974/908/938 470/895/551
f 639/892/971 932/900/942 1080/906/935 1005/898/550
f 932/900/942 837/873/941 1037/907/936 1080/906/935
f 930/903/928 1081/909/931 1036/883/934 836/873/929
f 642/891/937 973/904/588 1081/909/931 930/903/928
f 973/904/588 493/897/587 893/910/932 1081/909/931
f 971/899/958 1082/902/927 1035/900/930 624/892/959
f 470/890/551 974/911/938 1082/902/927 971/899/958
f 974/911/938 642/891/937 930/903/928 1082/902/927
f 1006/898/554 1083/906/925 976/908/923 472/895/555
f 624/892/959 1035/900/930 1083/906/925 1006/898/554
f 1035/900/930 836/873/929 1034/907/926 1083/906/925
f 1032/903/913 1084/909/916 1033/883/919 828/873/914
f 660/891/621 891/904/620 1084/909/916 1032/903/913
f 891/904/620 489/897/619 977/910/917 1084/909/916
f 955/899/1110 1085/902/912 929/900/915 661/892/1111
f 488/896/583 908/917/920 1085/918/912 955/919/1110
f 908/911/920 660/891/621 1032/903/913 1085/902/912
f 909/920/1112 1086/921/908 890/912/911 490/889/1108
f 661/892/1111 929/900/915 1086/906/908 909/898/1112
f 929/900/915 828/873/914 1031/907/909 1086/906/908
f 927/903/901 1087/909/904 928/883/907 827/873/902
f 662/891/910 978/904/625 1087/909/904 927/903/901
f 978/904/625 491/897/624 979/910/905 1087/909/904
f 972/899/944 1088/902/900 1030/900/903 641/892/945
f 490/896/1108 890/917/911 1088/918/900 972/919/944
f 890/911/911 662/891/910 927/903/901 1088/902/900
f 1008/898/586 1089/906/896 980/908/899 493/895/587
f 641/892/945 1030/900/903 1089/906/896 1008/898/586
f 1030/900/903 827/873/902 926/907/897 1089/906/896
f 1028/903/889 1090/909/892 1029/883/895 826/873/890
f 664/891/898 892/904/629 1090/909/892 1028/903/889
f 892/904/629 492/897/628 981/910/893 1090/909/892
f 893/899/932 1091/902/888 925/900/891 665/892/933
f 493/890/587 980/911/899 1091/902/888 893/899/932
f 980/911/899 664/891/898 1028/903/889 1091/902/888
f 1009/898/590 1092/906/886 982/908/884 484/895/591
f 665/892/933 925/900/891 1092/906/886 1009/898/590
f 925/900/891 826/873/890 1027/907/887 1092/906/886
f 1025/903/874 1093/909/877 1026/883/880 818/873/875
f 679/891/662 894/904/661 1093/909/877 1025/903/874
f 894/904/661 507/897/660 984/910/878 1093/909/877
f 977/899/917 1094/902/873 924/900/876 680/892/918
f 489/890/619 983/911/881 1094/902/873 977/899/917
f 983/911/881 679/891/662 1025/903/874 1094/902/873
f 1010/898/623 1095/906/869 986/908/872 491/895/624
f 680/892/918 924/900/876 1095/906/869 1010/898/623
f 924/900/876 818/873/875 1024/907/870 1095/906/869
f 923/903/862 1096/909/865 1023/883/868 817/873/863
f 681/891/871 985/904/666 1096/909/865 923/903/862
f 985/904/666 508/897/665 987/910/866 1096/909/865
f 979/899/905 1097/902/861 1022/900/864 663/892/906
f 491/890/624 986/911/872 1097/902/861 979/899/905
f 986/911/872 681/891/871 923/903/862 1097/902/861
f 910/898/627 1098/906/857 988/908/860 492/895/628
f 663/892/906 1022/900/864 1098/906/857 910/898/627
f 1022/900/864 817/873/863 922/907/858 1098/906/857
f 1020/903/851 1099/909/854 1021/883/856 816/873/852
f 682/891/859 895/904/670 1099/909/854 1020/903/851
f 895/904/670 509/897/669 989/910/855 1099/909/854
f 981/899/893 1100/902/850 921/900/853 683/892/894
f 492/890/628 988/911/860 1100/902/850 981/899/893
f 988/911/860 682/891/859 1020/903/851 1100/902/850
f 1011/898/631 1101/906/848 991/908/846 494/895/632
f 683/892/894 921/900/853 1101/906/848 1011/898/631
f 921/900/853 816/873/852 920/907/849 1101/906/848
f 1018/903/838 1102/909/841 1019/883/842 808/873/839
f 699/891/703 896/904/702 1102/909/841 1018/903/838
f 896/904/702 512/897/701 993/910/814 1102/909/841
f 984/899/878 1103/902/837 919/900/840 700/892/879
f 507/890/660 992/911/843 1103/902/837 984/899/878
f 992/911/843 699/891/703 1018/903/838 1103/902/837
f 1012/898/664 1104/906/833 994/908/836 508/895/665
f 700/892/879 919/900/840 1104/906/833 1012/898/664
f 919/900/840 808/873/839 918/907/834 1104/906/833
f 1017/903/828 1105/909/831 917/883/832 807/873/829
f 703/891/835 897/904/707 1105/909/831 1017/903/828
f 897/904/707 513/897/706 995/910/812 1105/909/831
f 987/899/866 1106/902/827 916/900/830 704/892/867
f 508/890/665 994/911/836 1106/902/827 987/899/866
f 994/911/836 703/891/835 1017/903/828 1106/902/827
f 1013/898/668 1107/906/824 996/908/826 509/895/669
f 704/892/867 916/900/830 1107/906/824 1013/898/668
f 916/900/830 807/873/829 1016/907/825 1107/906/824
f 913/904/711 514/897/710 743/874/713 1108/905/823
f 1108/905/823 743/874/713 806/873/712 914/903/821
f 989/899/855 1109/902/820 915/900/818 708/892/817
f 509/890/669 996/911/826 1109/902/820 989/899/855
f 996/911/826 709/891/822 914/903/821 1109/902/820
f 915/900/818 806/873/712 713/876/715 1110/901/819
f 1110/901/819 713/876/715 515/895/673 912/898/672
f 1016/907/825 1111/882/708 913/881/711 709/876/822
f 807/873/829 917/883/832 1111/882/708 1016/907/825
f 917/883/832 706/874/811 1015/877/709 1111/882/708
f 918/907/834 1112/882/704 897/881/707 703/876/835
f 808/873/839 1019/883/842 1112/882/704 918/907/834
f 1019/883/842 737/874/813 1014/877/705 1112/882/704
f 920/907/849 1113/882/671 990/881/674 684/876/847
f 816/873/852 1021/883/856 1113/882/671 920/907/849
f 1021/883/856 708/874/817 912/877/672 1113/882/671
f 922/907/858 1114/882/667 895/881/670 682/876/859
f 817/873/863 1023/883/868 1114/882/667 922/907/858
f 1023/883/868 704/874/867 1013/877/668 1114/882/667
f 1024/907/870 1115/882/663 985/881/666 681/876/871
f 818/873/875 1026/883/880 1115/882/663 1024/907/870
f 1026/883/880 700/874/879 1012/877/664 1115/882/663
f 1027/907/887 1116/882/630 911/881/633 667/876/885
f 826/873/890 1029/883/895 1116/882/630 1027/907/887
f 1029/883/895 683/874/894 1011/877/631 1116/882/630
f 926/907/897 1117/882/626 892/881/629 664/876/898
f 827/873/902 928/883/907 1117/882/626 926/907/897
f 928/883/907 663/874/906 910/877/627 1117/882/626
f 1031/907/909 1118/882/622 978/881/625 662/876/910
f 828/873/914 1033/883/919 1118/882/622 1031/907/909
f 1033/883/919 680/874/918 1010/877/623 1118/882/622
f 1034/907/926 1119/882/589 975/881/592 643/876/924
f 836/873/929 1036/883/934 1119/882/589 1034/907/926
f 1036/883/934 665/874/933 1009/877/590 1119/882/589
f 1037/907/936 1120/882/585 973/881/588 642/876/937
f 837/873/941 933/883/946 1120/882/585 1037/907/936
f 933/883/946 641/874/945 1008/877/586 1120/882/585
f 1038/907/952 1121/882/553 905/881/556 625/876/950
f 845/873/955 935/883/960 1121/882/553 1038/907/952
f 935/883/960 624/874/959 1006/877/554 1121/882/553
f 936/907/962 1122/882/549 888/881/552 622/876/963
f 846/873/967 1041/883/972 1122/882/549 936/907/962
f 1041/883/972 639/874/971 1005/877/550 1122/882/549
f 1042/907/974 1123/882/545 903/881/548 621/876/975
f 847/873/979 939/883/984 1123/882/545 1042/907/974
f 939/883/984 620/874/983 1004/877/546 1123/882/545
f 940/907/992 1124/882/512 969/881/515 601/876/990
f 855/873/995 1044/883/1000 1124/882/512 940/907/992
f 1044/883/1000 623/874/999 1003/877/513 1124/882/512
f 1045/907/1002 1125/882/508 967/881/511 600/876/1003
f 856/873/1007 944/883/1012 1125/882/508 1045/907/1002
f 944/883/1012 599/874/1011 1002/877/509 1125/882/508
f 1046/907/1014 1126/882/504 900/881/507 598/876/1015
f 857/873/1019 1047/883/1024 1126/882/504 1046/907/1014
f 1047/883/1024 619/874/1023 1001/877/505 1126/882/504
f 582/876/1028 1127/884/474 1000/877/473 457/875/988
f 865/873/1029 947/883/471 1127/884/474 582/876/1028
f 948/907/1037 1128/882/467 962/881/470 579/876/1031
f 866/873/1040 1050/883/1045 1128/882/467 948/907/1037
f 1050/883/1045 597/874/1044 999/877/468 1128/882/467
f 950/907/1047 1129/882/463 961/881/466 577/876/1048
f 867/873/1052 1051/883/1057 1129/882/463 950/907/1047
f 1051/883/1057 595/874/1056 998/877/464 1129/882/463
s 0
f 1132/922/6 1133/923/6 1131/924/6 1130/925/6
f 1136/922/6 1137/923/6 1135/924/6 1134/925/6
f 1140/922/6 1141/923/6 1139/924/6 1138/925/6
f 1225/922/6 1144/923/6 1143/924/6 1142/925/6
f 1147/922/6 1148/923/6 1146/924/6 1145/925/6
f 1151/922/6 1152/923/6 1158/924/6 1157/925/6
f 1154/922/6 1155/923/6 1152/924/6 1151/925/6
f 1157/922/6 1158/923/6 1163/924/6 1162/925/6
f 1160/922/6 1225/923/6 1155/924/6 1154/925/6
f 1162/922/6 1163/923/6 1145/924/6 1161/925/6
f 1159/922/6 1151/923/6 1157/924/6 1153/925/6
f 1156/922/6 1154/923/6 1151/924/6 1159/925/6
f 1153/922/6 1157/923/6 1162/924/6 1164/925/6
f 1150/922/6 1160/923/6 1154/924/6 1156/925/6
f 1164/922/6 1162/923/6 1161/924/6 1149/925/6
f 1169/922/6 1159/923/6 1153/924/6 1167/925/6
f 1168/922/6 1156/923/6 1159/924/6 1169/925/6
f 1167/922/6 1153/923/6 1164/924/6 1170/925/6
f 1166/922/6 1150/923/6 1156/924/6 1168/925/6
f 1170/922/6 1164/923/6 1149/924/6 1165/925/6
f 1161/922/6 1145/923/6 1171/924/6 1173/925/6
f 1149/922/6 1161/923/6 1173/924/6 1172/925/6
f 1165/922/6 1149/923/6 1172/924/6 1174/925/6
f 1178/926/6 1216/927/6 1177/928/6 1176/929/6
f 1175/930/1 1176/929/1 1177/928/1 1210/931/1
f 1180/930/2 1179/931/2 1216/928/2 1178/929/2
f 1191/926/6 1182/927/6 1181/928/6 1190/929/6
f 1188/930/4 1190/929/4 1181/928/4 1193/931/4
f 1192/930/3 1184/931/3 1182/928/3 1191/929/3
f 1206/926/6 1191/927/6 1190/928/6 1189/929/6
f 1187/930/4 1189/929/4 1190/928/4 1188/931/4
f 1208/930/3 1192/931/3 1191/928/3 1206/929/3
f 1182/926/6 1201/927/6 1198/928/6 1181/929/6
f 1193/930/4 1181/929/4 1198/928/4 1196/931/4
f 1184/930/3 1203/931/3 1201/928/3 1182/929/3
f 1201/926/6 1200/927/6 1199/928/6 1198/929/6
f 1196/930/4 1198/929/4 1199/928/4 1197/931/4
f 1203/930/3 1202/931/3 1200/928/3 1201/929/3
f 1207/926/6 1206/927/6 1189/928/6 1205/929/6
f 1204/930/4 1205/929/4 1189/928/4 1187/931/4
f 1209/930/3 1208/931/3 1206/928/3 1207/929/3
f 1216/926/6 1215/927/6 1214/928/6 1177/929/6
f 1210/930/1 1177/929/1 1214/928/1 1211/931/1
f 1179/930/2 1217/931/2 1215/928/2 1216/929/2
f 1220/932/3 1222/933/3 1221/934/3 1219/935/3
f 1225/930/2 1223/931/2 1224/936/2 1226/937/2
f 1223/938/4 1227/931/4 1228/936/4 1224/939/4
f 1233/938/2 1234/939/2 1230/936/2 1229/931/2
f 1233/932/4 1231/933/4 1232/934/4 1234/935/4
f 1220/938/1 1219/939/1 1235/936/1 1236/931/1
f 1238/938/1113 1237/939/1113 1232/936/1113 1231/931/1113
f 1238/930/1 1239/931/1 1240/936/1 1237/937/1
f 1242/932/3 1244/933/3 1243/934/3 1241/935/3
f 1247/930/2 1245/931/2 1246/936/2 1248/937/2
f 1245/938/4 1249/931/4 1250/936/4 1246/939/4
f 1255/938/2 1256/939/2 1252/936/2 1251/931/2
f 1255/932/4 1253/933/4 1254/934/4 1256/935/4
f 1258/938/1113 1257/939/1113 1254/936/1113 1253/931/1113
f 1258/930/1 1259/931/1 1260/936/1 1257/937/1
f 1219/938/1 1194/939/1 1195/936/1 1235/931/1
f 1218/930/1 1213/931/1 1287/928/1 1288/929/1
f 1212/930/2 1286/929/2 1263/928/2 1183/931/2
f 1278/926/5 1279/929/5 1285/928/5 1284/927/5
f 1281/930/4 1276/931/4 1285/928/4 1279/929/4
f 1277/930/3 1278/929/3 1284/928/3 1283/931/3
f 1267/926/5 1280/929/5 1279/928/5 1278/927/5
f 1282/930/4 1281/931/4 1279/928/4 1280/929/4
f 1265/930/3 1267/929/3 1278/928/3 1277/931/3
f 1284/926/5 1285/929/5 1274/928/5 1271/927/5
f 1276/930/4 1275/931/4 1274/928/4 1285/929/4
f 1283/930/3 1284/929/3 1271/928/3 1270/931/3
f 1271/926/5 1274/929/5 1273/928/5 1272/927/5
f 1275/930/4 1195/931/4 1273/928/4 1274/929/4
f 1270/930/3 1271/929/3 1272/928/3 1194/931/3
f 1266/926/5 1268/929/5 1280/928/5 1267/927/5
f 1269/930/4 1282/931/4 1280/928/4 1268/929/4
f 1264/930/3 1266/929/3 1267/928/3 1265/931/3
f 1213/930/1 1186/931/1 1261/928/1 1287/929/1
f 1183/930/2 1263/929/2 1262/928/2 1185/931/2
f 1286/926/5 1288/929/5 1287/928/5 1263/927/5
f 1263/926/5 1287/929/5 1261/928/5 1262/927/5
f 1144/930/2 1225/931/2 1226/936/2 1289/937/2
f 1289/930/2 1226/931/2 1248/936/2 1290/937/2
